date,pe_ttm,percentile,exact,raw_band,band,window_start,full_window
2014-09-25,48.97,,,,,,false
2014-09-26,49.12,,,,,,false
2014-09-29,49.52,,,,,,false
2014-09-30,50.11,,,,,,false
2014-10-08,50.79,,,,,,false
2014-10-09,50.9,,,,,,false
2014-10-10,50.65,,,,,,false
2014-10-13,50.65,,,,,,false
2014-10-14,50.56,,,,,,false
2014-10-15,50.73,,,,,,false
2014-10-16,49.96,,,,,,false
2014-10-17,49.38,,,,,,false
2014-10-20,50.15,,,,,,false
2014-10-21,49.87,,,,,,false
2014-10-22,49.34,,,,,,false
2014-10-23,48.56,,,,,,false
2014-10-24,48.69,,,,,,false
2014-10-27,49.22,,,,,,false
2014-10-28,50.47,,,,,,false
2014-10-29,51.15,,,,,,false
2014-10-30,51.06,,,,,,false
2014-10-31,50.79,,,,,,false
2014-11-03,49.64,,,,,,false
2014-11-04,49.29,,,,,,false
2014-11-05,49.26,,,,,,false
2014-11-06,49.82,,,,,,false
2014-11-07,49.39,,,,,,false
2014-11-10,49.55,,,,,,false
2014-11-11,47.76,,,,,,false
2014-11-12,48.56,,,,,,false
2014-11-13,47.68,,,,,,false
2014-11-14,47.53,,,,,,false
2014-11-17,48.29,,,,,,false
2014-11-18,48.6,,,,,,false
2014-11-19,49.05,,,,,,false
2014-11-20,48.97,,,,,,false
2014-11-21,49.53,,,,,,false
2014-11-24,49.93,,,,,,false
2014-11-25,50.69,,,,,,false
2014-11-26,51.06,,,,,,false
2014-11-27,51.42,,,,,,false
2014-11-28,51.51,,,,,,false
2014-12-01,50.72,,,,,,false
2014-12-02,51.25,,,,,,false
2014-12-03,51.81,,,,,,false
2014-12-04,52.52,,,,,,false
2014-12-05,51.33,,,,,,false
2014-12-08,51.16,,,,,,false
2014-12-09,48.83,,,,,,false
2014-12-10,50.52,,,,,,false
2014-12-11,51.23,,,,,,false
2014-12-12,51.91,,,,,,false
2014-12-15,51.34,,,,,,false
2014-12-16,50.77,,,,,,false
2014-12-17,50.17,,,,,,false
2014-12-18,50.07,,,,,,false
2014-12-19,49.32,,,,,,false
2014-12-22,46.75,,,,,,false
2014-12-23,46.05,,,,,,false
2014-12-24,47.08,,,,,,false
2014-12-25,47.59,,,,,,false
2014-12-26,47.71,,,,,,false
2014-12-29,46.72,,,,,,false
2014-12-30,45.85,,,,,,false
2014-12-31,46.29,,,,,,false
2015-01-05,46.34,,,,,,false
2015-01-06,47.39,,,,,,false
2015-01-07,47.31,,,,,,false
2015-01-08,47.33,,,,,,false
2015-01-09,47.09,,,,,,false
2015-01-12,46.66,,,,,,false
2015-01-13,47.51,,,,,,false
2015-01-14,47.34,,,,,,false
2015-01-15,47.54,,,,,,false
2015-01-16,48.24,,,,,,false
2015-01-19,47.24,,,,,,false
2015-01-20,49.08,,,,,,false
2015-01-21,50.08,,,,,,false
2015-01-22,50.81,,,,,,false
2015-01-23,50.26,,,,,,false
2015-01-26,51.37,,,,,,false
2015-01-27,51.77,,,,,,false
2015-01-28,51.61,,,,,,false
2015-01-29,51.29,,,,,,false
2015-01-30,50.67,,,,,,false
2015-02-02,50.64,,,,,,false
2015-02-03,51.66,,,,,,false
2015-02-04,51.67,,,,,,false
2015-02-05,51.74,,,,,,false
2015-02-06,50.8,,,,,,false
2015-02-09,50.37,,,,,,false
2015-02-10,51.01,,,,,,false
2015-02-11,51.75,,,,,,false
2015-02-12,52.28,,,,,,false
2015-02-13,53.2,,,,,,false
2015-02-16,54.44,,,,,,false
2015-02-17,54.86,,,,,,false
2015-02-25,54.72,,,,,,false
2015-02-26,55.01,,,,,,false
2015-02-27,55.8,,,,,,false
2015-03-02,57.19,,,,,,false
2015-03-03,56.91,,,,,,false
2015-03-04,57.94,,,,,,false
2015-03-05,58.21,,,,,,false
2015-03-06,57.28,,,,,,false
2015-03-09,58.21,,,,,,false
2015-03-10,59.1,,,,,,false
2015-03-11,59.06,,,,,,false
2015-03-12,58.62,,,,,,false
2015-03-13,59.85,,,,,,false
2015-03-16,61.9,,,,,,false
2015-03-17,62.49,,,,,,false
2015-03-18,63.91,,,,,,false
2015-03-19,64.42,,,,,,false
2015-03-20,65.38,,,,,,false
2015-03-23,67.37,,,,,,false
2015-03-24,68.36,,,,,,false
2015-03-25,69.57,,,,,,false
2015-03-26,68.06,,,,,,false
2015-03-27,68.83,,,,,,false
2015-03-30,68.8,,,,,,false
2015-03-31,69.36,,,,,,false
2015-04-01,71.19,,,,,,false
2015-04-02,73.1,,,,,,false
2015-04-03,74.56,,,,,,false
2015-04-07,75.8,,,,,,false
2015-04-08,74.2,,,,,,false
2015-04-09,73.07,,,,,,false
2015-04-10,74.85,,,,,,false
2015-04-13,77.88,,,,,,false
2015-04-14,77.81,,,,,,false
2015-04-15,74.58,,,,,,false
2015-04-16,75.25,,,,,,false
2015-04-17,75.28,,,,,,false
2015-04-20,73.59,,,,,,false
2015-04-21,76.13,,,,,,false
2015-04-22,79.38,,,,,,false
2015-04-23,80.24,,,,,,false
2015-04-24,80.41,,,,,,false
2015-04-27,80.8,,,,,,false
2015-04-28,78.22,,,,,,false
2015-04-29,80.05,,,,,,false
2015-04-30,80.98,,,,,,false
2015-05-04,81.51,,,,,,false
2015-05-05,78.01,,,,,,false
2015-05-06,77.65,,,,,,false
2015-05-07,76.44,,,,,,false
2015-05-08,79.45,,,,,,false
2015-05-11,83.29,,,,,,false
2015-05-12,85.25,,,,,,false
2015-05-13,88.01,,,,,,false
2015-05-14,88.43,,,,,,false
2015-05-15,88.46,,,,,,false
2015-05-18,91.09,,,,,,false
2015-05-19,93.44,,,,,,false
2015-05-20,94.92,,,,,,false
2015-05-21,97.89,,,,,,false
2015-05-22,97.99,,,,,,false
2015-05-25,98.93,,,,,,false
2015-05-26,102.05,,,,,,false
2015-05-27,102.83,,,,,,false
2015-05-28,96.66,,,,,,false
2015-05-29,97.86,,,,,,false
2015-06-01,102.6,,,,,,false
2015-06-02,106.56,,,,,,false
2015-06-03,107.05,,,,,,false
2015-06-04,106.1,,,,,,false
2015-06-05,106.46,,,,,,false
2015-06-08,103.41,,,,,,false
2015-06-09,103.05,,,,,,false
2015-06-10,105.04,,,,,,false
2015-06-11,106.88,,,,,,false
2015-06-12,107.87,,,,,,false
2015-06-15,101.97,,,,,,false
2015-06-16,97.55,,,,,,false
2015-06-17,99.67,,,,,,false
2015-06-18,96.24,,,,,,false
2015-06-19,90.07,,,,,,false
2015-06-23,90.56,,,,,,false
2015-06-24,92.27,,,,,,false
2015-06-25,88.25,,,,,,false
2015-06-26,81.03,,,,,,false
2015-06-29,75.09,,,,,,false
2015-06-30,78.34,,,,,,false
2015-07-01,73.96,,,,,,false
2015-07-02,69.06,,,,,,false
2015-07-03,64.62,,,,,,false
2015-07-06,61.11,,,,,,false
2015-07-07,57.61,,,,,,false
2015-07-08,56,,,,,,false
2015-07-09,57.44,,,,,,false
2015-07-10,59.12,,,,,,false
2015-07-13,61.9,,,,,,false
2015-07-14,63.98,,,,,,false
2015-07-15,61.29,,,,,,false
2015-07-16,61.91,,,,,,false
2015-07-17,65.32,,,,,,false
2015-07-20,67.31,,,,,,false
2015-07-21,68.84,,,,,,false
2015-07-22,69.94,,,,,,false
2015-07-23,72.15,,,,,,false
2015-07-24,71.54,,,,,,false
2015-07-27,66.65,,,,,,false
2015-07-28,63.65,,,,,,false
2015-07-29,66.68,,,,,,false
2015-07-30,64.84,,,,,,false
2015-07-31,63.23,,,,,,false
2015-08-03,59.93,,,,,,false
2015-08-04,63.65,,,,,,false
2015-08-05,63.42,,,,,,false
2015-08-06,63.37,,,,,,false
2015-08-07,65.85,,,,,,false
2015-08-10,69.49,,,,,,false
2015-08-11,69.99,,,,,,false
2015-08-12,68.91,,,,,,false
2015-08-13,70.97,,,,,,false
2015-08-14,71.36,,,,,,false
2015-08-17,72.5,,,,,,false
2015-08-18,67.25,,,,,,false
2015-08-19,68.97,,,,,,false
2015-08-20,66.79,,,,,,false
2015-08-21,63.04,,,,,,false
2015-08-24,58.2,,,,,,false
2015-08-25,53.88,,,,,,false
2015-08-26,51.64,,,,,,false
2015-08-27,53.42,,,,,,false
2015-08-28,56.72,,,,,,false
2015-08-31,54.26,,,,,,false
2015-09-01,51.84,,,,,,false
2015-09-02,49.68,,,,,,false
2015-09-07,50.87,,,,,,false
2015-09-08,53.47,,,,,,false
2015-09-09,55.82,,,,,,false
2015-09-10,55.06,,,,,,false
2015-09-11,55.73,,,,,,false
2015-09-14,51.58,,,,,,false
2015-09-15,49.02,,,,,,false
2015-09-16,52.31,,,,,,false
2015-09-17,51.82,,,,,,false
2015-09-18,52.38,,,,,,false
2015-09-21,54.51,,,,,,false
2015-09-22,54.67,,,,,,false
2015-09-23,53.97,,,,,,false
2015-09-24,54.2,,,,,,false
2015-09-25,51.95,,,,,,false
2015-09-28,53.38,,,,,,false
2015-09-29,52.17,,,,,,false
2015-09-30,52,,,,,,false
2015-10-08,54.26,,,,,,false
2015-10-09,54.86,,,,,,false
2015-10-12,57.11,,,,,,false
2015-10-13,58.03,,,,,,false
2015-10-14,57.09,,,,,,false
2015-10-15,58.99,,,,,,false
2015-10-16,59.89,,,,,,false
2015-10-19,59.83,,,,,,false
2015-10-20,60.97,,,,,,false
2015-10-21,56.97,,,,,,false
2015-10-22,59.26,,,,,,false
2015-10-23,61.08,,,,,,false
2015-10-26,61.52,,,,,,false
2015-10-27,61.84,,,,,,false
2015-10-28,60.35,,,,,,false
2015-10-29,60.81,,,,,,false
2015-10-30,60.71,,,,,,false
2015-11-02,64.07,,,,,,false
2015-11-03,63.9,,,,,,false
2015-11-04,67.38,,,,,,false
2015-11-05,67.2,,,,,,false
2015-11-06,69.04,,,,,,false
2015-11-09,70.53,,,,,,false
2015-11-10,71.11,,,,,,false
2015-11-11,72.57,,,,,,false
2015-11-12,72.76,,,,,,false
2015-11-13,71.02,,,,,,false
2015-11-16,72.95,,,,,,false
2015-11-17,72.41,,,,,,false
2015-11-18,71.22,,,,,,false
2015-11-19,73.45,,,,,,false
2015-11-20,74.57,,,,,,false
2015-11-23,73.93,,,,,,false
2015-11-24,74.85,,,,,,false
2015-11-25,76.54,,,,,,false
2015-11-26,75.99,,,,,,false
2015-11-27,71.06,,,,,,false
2015-11-30,71.51,,,,,,false
2015-12-01,71.18,,,,,,false
2015-12-02,70.2,,,,,,false
2015-12-03,72.19,,,,,,false
2015-12-04,72.06,,,,,,false
2015-12-07,73.17,,,,,,false
2015-12-08,71.75,,,,,,false
2015-12-09,71.76,,,,,,false
2015-12-10,71.8,,,,,,false
2015-12-11,71.07,,,,,,false
2015-12-14,71,,,,,,false
2015-12-15,72.16,,,,,,false
2015-12-16,72.89,,,,,,false
2015-12-17,75.11,,,,,,false
2015-12-18,74.56,,,,,,false
2015-12-21,74.99,,,,,,false
2015-12-22,75.75,,,,,,false
2015-12-23,74.63,,,,,,false
2015-12-24,74.63,,,,,,false
2015-12-25,75.49,,,,,,false
2015-12-28,73.88,,,,,,false
2015-12-29,74.84,,,,,,false
2015-12-30,75.79,,,,,,false
2015-12-31,74.81,,,,,,false
2016-01-01,68.29,,,,,,false
2016-01-04,68.29,,,,,,false
2016-01-05,66.56,,,,,,false
2016-01-06,68.34,,,,,,false
2016-01-07,62.29,,,,,,false
2016-01-08,62.39,,,,,,false
2016-01-11,57.62,,,,,,false
2016-01-12,57.55,,,,,,false
2016-01-13,55.14,,,,,,false
2016-01-14,57.48,,,,,,false
2016-01-15,55.46,,,,,,false
2016-01-18,56.82,,,,,,false
2016-01-19,59.15,,,,,,false
2016-01-20,58.67,,,,,,false
2016-01-21,56.01,,,,,,false
2016-01-22,56.95,,,,,,false
2016-01-25,57.7,,,,,,false
2016-01-26,53.26,,,,,,false
2016-01-27,52.73,,,,,,false
2016-01-28,50.15,,,,,,false
2016-01-29,52.19,,,,,,false
2016-02-01,51.61,,,,,,false
2016-02-02,53.66,,,,,,false
2016-02-03,53.95,,,,,,false
2016-02-04,55.19,,,,,,false
2016-02-05,54.55,,,,,,false
2016-02-15,54.68,,,,,,false
2016-02-16,57.1,,,,,,false
2016-02-17,58.01,,,,,,false
2016-02-18,57.81,,,,,,false
2016-02-19,58.29,,,,,,false
2016-02-22,59.43,,,,,,false
2016-02-23,59.04,,,,,,false
2016-02-24,59.02,,,,,,false
2016-02-25,54.37,,,,,,false
2016-02-26,54.11,,,,,,false
2016-02-29,50.72,,,,,,false
2016-03-01,51.66,,,,,,false
2016-03-02,54.19,,,,,,false
2016-03-03,54.23,,,,,,false
2016-03-04,52,,,,,,false
2016-03-07,53.28,,,,,,false
2016-03-08,53.73,,,,,,false
2016-03-09,52.61,,,,,,false
2016-03-10,51.79,,,,,,false
2016-03-11,51.6,,,,,,false
2016-03-14,53.7,,,,,,false
2016-03-15,53.2,,,,,,false
2016-03-16,52.58,,,,,,false
2016-03-17,54.62,,,,,,false
2016-03-18,56.88,,,,,,false
2016-03-21,58.38,,,,,,false
2016-03-22,58.28,,,,,,false
2016-03-23,59.01,,,,,,false
2016-03-24,58.05,,,,,,false
2016-03-25,58.35,,,,,,false
2016-03-28,57.91,,,,,,false
2016-03-29,56.42,,,,,,false
2016-03-30,58.69,,,,,,false
2016-03-31,58.77,,,,,,false
2016-04-01,58.31,,,,,,false
2016-04-05,60.04,,,,,,false
2016-04-06,60.41,,,,,,false
2016-04-07,59.4,,,,,,false
2016-04-08,58.92,,,,,,false
2016-04-11,60.24,,,,,,false
2016-04-12,59.66,,,,,,false
2016-04-13,60.46,,,,,,false
2016-04-14,61.2,,,,,,false
2016-04-15,61.13,,,,,,false
2016-04-18,60.06,,,,,,false
2016-04-19,60.31,,,,,,false
2016-04-20,57.21,,,,,,false
2016-04-21,56.35,,,,,,false
2016-04-22,56.83,,,,,,false
2016-04-25,56.39,,,,,,false
2016-04-26,57.05,,,,,,false
2016-04-27,56.77,,,,,,false
2016-04-28,56.59,,,,,,false
2016-04-29,56.36,,,,,,false
2016-05-03,56.35,,,,,,false
2016-05-04,56.17,,,,,,false
2016-05-05,56.51,,,,,,false
2016-05-06,54.22,,,,,,false
2016-05-09,51.73,,,,,,false
2016-05-10,51.63,,,,,,false
2016-05-11,50.84,,,,,,false
2016-05-12,50.62,,,,,,false
2016-05-13,50.45,,,,,,false
2016-05-16,51.26,,,,,,false
2016-05-17,50.9,,,,,,false
2016-05-18,49.22,,,,,,false
2016-05-19,49.31,,,,,,false
2016-05-20,49.78,,,,,,false
2016-05-23,50.6,,,,,,false
2016-05-24,49.89,,,,,,false
2016-05-25,49.56,,,,,,false
2016-05-26,49.21,,,,,,false
2016-05-27,48.82,,,,,,false
2016-05-30,48.43,,,,,,false
2016-05-31,49.9,,,,,,false
2016-06-01,50.23,,,,,,false
2016-06-02,50.75,,,,,,false
2016-06-03,50.85,,,,,,false
2016-06-06,50.78,,,,,,false
2016-06-07,50.82,,,,,,false
2016-06-08,50.51,,,,,,false
2016-06-13,48.28,,,,,,false
2016-06-14,48.34,,,,,,false
2016-06-15,49.99,,,,,,false
2016-06-16,49.89,,,,,,false
2016-06-17,49.79,,,,,,false
2016-06-20,49.98,,,,,,false
2016-06-21,49.18,,,,,,false
2016-06-22,49.98,,,,,,false
2016-06-23,49.46,,,,,,false
2016-06-24,48.89,,,,,,false
2016-06-27,50.09,,,,,,false
2016-06-28,50.48,,,,,,false
2016-06-29,50.57,,,,,,false
2016-06-30,50.36,,,,,,false
2016-07-01,50.34,,,,,,false
2016-07-04,51.26,,,,,,false
2016-07-05,51.46,,,,,,false
2016-07-06,51.65,,,,,,false
2016-07-07,51.67,,,,,,false
2016-07-08,51.6,,,,,,false
2016-07-11,51.09,,,,,,false
2016-07-12,51.42,,,,,,false
2016-07-13,51.9,,,,,,false
2016-07-14,52.02,,,,,,false
2016-07-15,51.68,,,,,,false
2016-07-18,51.38,,,,,,false
2016-07-19,51.7,,,,,,false
2016-07-20,51.73,,,,,,false
2016-07-21,51.82,,,,,,false
2016-07-22,51.39,,,,,,false
2016-07-25,51.35,,,,,,false
2016-07-26,51.99,,,,,,false
2016-07-27,49.34,,,,,,false
2016-07-28,49.08,,,,,,false
2016-07-29,48.69,,,,,,false
2016-08-01,47.94,,,,,,false
2016-08-02,48.4,,,,,,false
2016-08-03,48.61,,,,,,false
2016-08-04,49.08,,,,,,false
2016-08-05,48.77,,,,,,false
2016-08-08,49.14,,,,,,false
2016-08-09,49.69,,,,,,false
2016-08-10,49.51,,,,,,false
2016-08-11,48.72,,,,,,false
2016-08-12,49.18,,,,,,false
2016-08-15,50.33,,,,,,false
2016-08-16,50.67,,,,,,false
2016-08-17,50.86,,,,,,false
2016-08-18,50.79,,,,,,false
2016-08-19,50.93,,,,,,false
2016-08-22,50.19,,,,,,false
2016-08-23,50.25,,,,,,false
2016-08-24,50.45,,,,,,false
2016-08-25,50.11,,,,,,false
2016-08-26,50.29,,,,,,false
2016-08-29,50.37,,,,,,false
2016-08-30,50.29,,,,,,false
2016-08-31,50.24,,,,,,false
2016-09-01,46.71,,,,,,false
2016-09-02,50.24,,,,,,false
2016-09-05,50.46,,,,,,false
2016-09-06,51.26,,,,,,false
2016-09-07,51.19,,,,,,false
2016-09-08,50.84,,,,,,false
2016-09-09,50.47,,,,,,false
2016-09-12,48.86,,,,,,false
2016-09-13,49.18,,,,,,false
2016-09-14,48.97,,,,,,false
2016-09-19,49.52,,,,,,false
2016-09-20,49.54,,,,,,false
2016-09-21,49.63,,,,,,false
2016-09-22,49.86,,,,,,false
2016-09-23,49.47,,,,,,false
2016-09-26,45.93,,,,,,false
2016-09-27,46.25,,,,,,false
2016-09-28,45.73,,,,,,false
2016-09-29,45.87,,,,,,false
2016-09-30,46.08,,,,,,false
2016-10-10,46.95,,,,,,false
2016-10-11,47.21,,,,,,false
2016-10-12,47.13,,,,,,false
2016-10-13,47.09,,,,,,false
2016-10-14,47.02,,,,,,false
2016-10-17,46.63,,,,,,false
2016-10-18,47.17,,,,,,false
2016-10-19,47.05,,,,,,false
2016-10-20,47.27,,,,,,false
2016-10-21,46.95,,,,,,false
2016-10-24,47.25,,,,,,false
2016-10-25,47.43,,,,,,false
2016-10-26,47.02,,,,,,false
2016-10-27,47.01,,,,,,false
2016-10-28,46.55,,,,,,false
2016-10-31,46.5,,,,,,false
2016-11-01,54.35,,,,,,false
2016-11-02,53.96,,,,,,false
2016-11-03,54.25,,,,,,false
2016-11-04,54.12,,,,,,false
2016-11-07,54.08,,,,,,false
2016-11-08,54.41,,,,,,false
2016-11-09,53.99,,,,,,false
2016-11-10,54.71,,,,,,false
2016-11-11,54.97,,,,,,false
2016-11-14,55.16,,,,,,false
2016-11-15,55.44,,,,,,false
2016-11-16,55.56,,,,,,false
2016-11-17,55.27,,,,,,false
2016-11-18,55.15,,,,,,false
2016-11-21,55.33,,,,,,false
2016-11-22,55.79,,,,,,false
2016-11-23,55.43,,,,,,false
2016-11-24,55.06,,,,,,false
2016-11-25,55.2,,,,,,false
2016-11-28,55.15,,,,,,false
2016-11-29,54.55,,,,,,false
2016-11-30,54.5,,,,,,false
2016-12-01,54.73,,,,,,false
2016-12-02,53.82,,,,,,false
2016-12-05,53.61,,,,,,false
2016-12-06,53.69,,,,,,false
2016-12-07,54.26,,,,,,false
2016-12-08,53.9,,,,,,false
2016-12-09,53.69,,,,,,false
2016-12-12,52.25,,,,,,false
2016-12-13,52.38,,,,,,false
2016-12-14,52.02,,,,,,false
2016-12-15,52.57,,,,,,false
2016-12-16,53.12,,,,,,false
2016-12-19,53.03,,,,,,false
2016-12-20,52.99,,,,,,false
2016-12-21,53.44,,,,,,false
2016-12-22,53.43,,,,,,false
2016-12-23,52.8,,,,,,false
2016-12-26,53.15,,,,,,false
2016-12-27,53.44,,,,,,false
2016-12-28,53.2,,,,,,false
2016-12-29,52.99,,,,,,false
2016-12-30,53.01,,,,,,false
2017-01-03,53.44,,,,,,false
2017-01-04,54.09,,,,,,false
2017-01-05,54.04,,,,,,false
2017-01-06,53.6,,,,,,false
2017-01-09,53.87,,,,,,false
2017-01-10,53.58,,,,,,false
2017-01-11,53.02,,,,,,false
2017-01-12,52.55,,,,,,false
2017-01-13,51.54,,,,,,false
2017-01-16,49.35,,,,,,false
2017-01-17,49.97,,,,,,false
2017-01-18,49.57,,,,,,false
2017-01-19,49.37,,,,,,false
2017-01-20,50.22,,,,,,false
2017-01-23,50.75,,,,,,false
2017-01-24,50.47,,,,,,false
2017-01-25,50.7,,,,,,false
2017-01-26,51.03,,,,,,false
2017-02-03,50.86,,,,,,false
2017-02-06,51.48,,,,,,false
2017-02-07,51.48,,,,,,false
2017-02-08,51.85,,,,,,false
2017-02-09,52.28,,,,,,false
2017-02-10,52.04,,,,,,false
2017-02-13,52.55,,,,,,false
2017-02-14,52.43,,,,,,false
2017-02-15,51.94,,,,,,false
2017-02-16,52.22,,,,,,false
2017-02-17,51.81,,,,,,false
2017-02-20,52.22,,,,,,false
2017-02-21,52.73,,,,,,false
2017-02-22,52.93,,,,,,false
2017-02-23,52.99,,,,,,false
2017-02-24,53.21,,,,,,false
2017-02-27,52.79,,,,,,false
2017-02-28,52.98,,,,,,false
2017-03-01,53.11,,,,,,false
2017-03-02,52.77,,,,,,false
2017-03-03,52.99,,,,,,false
2017-03-06,53.66,,,,,,false
2017-03-07,53.86,,,,,,false
2017-03-08,53.62,,,,,,false
2017-03-09,53.27,,,,,,false
2017-03-10,53.32,,,,,,false
2017-03-13,53.7,,,,,,false
2017-03-14,53.57,,,,,,false
2017-03-15,53.53,,,,,,false
2017-03-16,54.09,,,,,,false
2017-03-17,53.7,,,,,,false
2017-03-20,53.95,,,,,,false
2017-03-21,54.02,,,,,,false
2017-03-22,53.73,,,,,,false
2017-03-23,53.73,,,,,,false
2017-03-24,53.86,,,,,,false
2017-03-27,53.77,,,,,,false
2017-03-28,53.57,,,,,,false
2017-03-29,53.11,,,,,,false
2017-03-30,51.98,,,,,,false
2017-03-31,52.16,,,,,,false
2017-04-05,53.31,,,,,,false
2017-04-06,53.42,,,,,,false
2017-04-07,52.99,,,,,,false
2017-04-10,52.35,,,,,,false
2017-04-11,52.71,,,,,,false
2017-04-12,52.3,,,,,,false
2017-04-13,52.45,,,,,,false
2017-04-14,51.68,,,,,,false
2017-04-17,50.88,,,,,,false
2017-04-18,50.34,,,,,,false
2017-04-19,49.6,,,,,,false
2017-04-20,49.28,,,,,,false
2017-04-21,49.06,,,,,,false
2017-04-24,47.48,,,,,,false
2017-04-25,47.67,,,,,,false
2017-04-26,47.77,,,,,,false
2017-04-27,47.92,,,,,,false
2017-04-28,47.9,,,,,,false
2017-05-02,44.38,,,,,,false
2017-05-03,44.32,,,,,,false
2017-05-04,44.16,,,,,,false
2017-05-05,43.61,,,,,,false
2017-05-08,42.79,,,,,,false
2017-05-09,43.06,,,,,,false
2017-05-10,42.11,,,,,,false
2017-05-11,41.58,,,,,,false
2017-05-12,41.3,,,,,,false
2017-05-15,41.27,,,,,,false
2017-05-16,42.01,,,,,,false
2017-05-17,42,,,,,,false
2017-05-18,41.68,,,,,,false
2017-05-19,41.38,,,,,,false
2017-05-22,40.59,,,,,,false
2017-05-23,39.16,,,,,,false
2017-05-24,39.3,,,,,,false
2017-05-25,39.36,,,,,,false
2017-05-26,39.02,,,,,,false
2017-05-31,38.87,,,,,,false
2017-06-01,37.74,,,,,,false
2017-06-02,38.01,,,,,,false
2017-06-05,37.99,,,,,,false
2017-06-06,38.01,,,,,,false
2017-06-07,38.75,,,,,,false
2017-06-08,38.63,,,,,,false
2017-06-09,38.4,,,,,,false
2017-06-12,36.78,,,,,,false
2017-06-13,37.32,,,,,,false
2017-06-14,37.27,,,,,,false
2017-06-15,37.72,,,,,,false
2017-06-16,37.57,,,,,,false
2017-06-19,37.82,,,,,,false
2017-06-20,37.62,,,,,,false
2017-06-21,37.59,,,,,,false
2017-06-22,36.94,,,,,,false
2017-06-23,36.92,,,,,,false
2017-06-26,37.29,,,,,,false
2017-06-27,37.34,,,,,,false
2017-06-28,37.08,,,,,,false
2017-06-29,37.24,,,,,,false
2017-06-30,37.2,,,,,,false
2017-07-03,37.52,,,,,,false
2017-07-04,37.43,,,,,,false
2017-07-05,37.71,,,,,,false
2017-07-06,37.72,,,,,,false
2017-07-07,37.82,,,,,,false
2017-07-10,37.58,,,,,,false
2017-07-11,37.1,,,,,,false
2017-07-12,37.05,,,,,,false
2017-07-13,36.73,,,,,,false
2017-07-14,36.36,,,,,,false
2017-07-17,34.4,,,,,,false
2017-07-18,34.66,,,,,,false
2017-07-19,35.08,,,,,,false
2017-07-20,35.29,,,,,,false
2017-07-21,35.3,,,,,,false
2017-07-24,35.51,,,,,,false
2017-07-25,35.45,,,,,,false
2017-07-26,35.48,,,,,,false
2017-07-27,35.95,,,,,,false
2017-07-28,35.95,,,,,,false
2017-07-31,36.21,,,,,,false
2017-08-01,36.23,,,,,,false
2017-08-02,35.95,,,,,,false
2017-08-03,36.12,,,,,,false
2017-08-04,35.94,,,,,,false
2017-08-07,36.19,,,,,,false
2017-08-08,36.3,,,,,,false
2017-08-09,36.43,,,,,,false
2017-08-10,36.16,,,,,,false
2017-08-11,35.63,,,,,,false
2017-08-14,36.33,,,,,,false
2017-08-15,36.48,,,,,,false
2017-08-16,36.68,,,,,,false
2017-08-17,37.01,,,,,,false
2017-08-18,36.84,,,,,,false
2017-08-21,37.11,,,,,,false
2017-08-22,36.9,,,,,,false
2017-08-23,36.66,,,,,,false
2017-08-24,36.4,,,,,,false
2017-08-25,36.73,,,,,,false
2017-08-28,37.15,,,,,,false
2017-08-29,37.08,,,,,,false
2017-08-30,37.22,,,,,,false
2017-08-31,37.35,,,,,,false
2017-09-01,39.88,,,,,,false
2017-09-04,40.17,,,,,,false
2017-09-05,40.18,,,,,,false
2017-09-06,40.46,,,,,,false
2017-09-07,40.31,,,,,,false
2017-09-08,40.39,,,,,,false
2017-09-11,40.84,,,,,,false
2017-09-12,40.7,,,,,,false
2017-09-13,40.87,,,,,,false
2017-09-14,40.79,,,,,,false
2017-09-15,40.55,,,,,,false
2017-09-18,40.87,,,,,,false
2017-09-19,40.71,,,,,,false
2017-09-20,41.02,,,,,,false
2017-09-21,40.49,,,,,,false
2017-09-22,40.29,,,,,,false
2017-09-25,39.65,,,,,,false
2017-09-26,39.65,,,,,,false
2017-09-27,39.97,,,,,,false
2017-09-28,39.75,,,,,,false
2017-09-29,40.11,,,,,,false
2017-10-09,40.58,,,,,,false
2017-10-10,40.87,,,,,,false
2017-10-11,40.72,,,,,,false
2017-10-12,40.62,,,,,,false
2017-10-13,40.81,,,,,,false
2017-10-16,40.03,,,,,,false
2017-10-17,39.98,,,,,,false
2017-10-18,39.61,,,,,,false
2017-10-19,39.24,,,,,,false
2017-10-20,39.74,,,,,,false
2017-10-23,39.99,,,,,,false
2017-10-24,39.8,,,,,,false
2017-10-25,39.99,,,,,,false
2017-10-26,40.15,,,,,,false
2017-10-27,39.86,,,,,,false
2017-10-30,38.97,,,,,,false
2017-10-31,39.27,,,,,,false
2017-11-01,37.28,,,,,,false
2017-11-02,36.83,,,,,,false
2017-11-03,36.51,,,,,,false
2017-11-06,36.9,,,,,,false
2017-11-07,37.11,,,,,,false
2017-11-08,37.22,,,,,,false
2017-11-09,37.42,,,,,,false
2017-11-10,37.5,,,,,,false
2017-11-13,37.58,,,,,,false
2017-11-14,37.3,,,,,,false
2017-11-15,36.93,,,,,,false
2017-11-16,36.86,,,,,,false
2017-11-17,35.57,,,,,,false
2017-11-20,35.68,,,,,,false
2017-11-21,35.66,,,,,,false
2017-11-22,35.68,,,,,,false
2017-11-23,34.83,,,,,,false
2017-11-24,34.89,,,,,,false
2017-11-27,34.51,,,,,,false
2017-11-28,35.07,,,,,,false
2017-11-29,35.18,,,,,,false
2017-11-30,34.98,,,,,,false
2017-12-01,35.28,,,,,,false
2017-12-04,34.88,,,,,,false
2017-12-05,33.93,,,,,,false
2017-12-06,34.26,,,,,,false
2017-12-07,34.25,,,,,,false
2017-12-08,34.59,,,,,,false
2017-12-11,34.3,,,,,,false
2017-12-12,33.95,,,,,,false
2017-12-13,34.17,,,,,,false
2017-12-14,34.21,,,,,,false
2017-12-15,34.09,,,,,,false
2017-12-18,33.84,,,,,,false
2017-12-19,34.05,,,,,,false
2017-12-20,33.7,,,,,,false
2017-12-21,33.76,,,,,,false
2017-12-22,33.71,,,,,,false
2017-12-25,33.27,,,,,,false
2017-12-26,33.46,,,,,,false
2017-12-27,33.31,,,,,,false
2017-12-28,33.37,,,,,,false
2017-12-29,33.69,,,,,,false
2018-01-02,34.09,,,,,,false
2018-01-03,34.42,,,,,,false
2018-01-04,34.49,,,,,,false
2018-01-05,34.52,,,,,,false
2018-01-08,34.59,,,,,,false
2018-01-09,34.54,,,,,,false
2018-01-10,34.33,,,,,,false
2018-01-11,34.5,,,,,,false
2018-01-12,34.26,,,,,,false
2018-01-15,33.31,,,,,,false
2018-01-16,33.5,,,,,,false
2018-01-17,33.42,,,,,,false
2018-01-18,33.51,,,,,,false
2018-01-19,33.43,,,,,,false
2018-01-22,33.78,,,,,,false
2018-01-23,33.83,,,,,,false
2018-01-24,34.1,,,,,,false
2018-01-25,34.02,,,,,,false
2018-01-26,33.98,,,,,,false
2018-01-29,33.56,,,,,,false
2018-01-30,33.47,,,,,,false
2018-01-31,32.72,,,,,,false
2018-02-01,31.41,,,,,,false
2018-02-02,31.34,,,,,,false
2018-02-05,31.22,,,,,,false
2018-02-06,29.65,,,,,,false
2018-02-07,29.7,,,,,,false
2018-02-08,30.1,,,,,,false
2018-02-09,29.21,,,,,,false
2018-02-12,29.93,,,,,,false
2018-02-13,30.13,,,,,,false
2018-02-14,30.21,,,,,,false
2018-02-22,30.8,,,,,,false
2018-02-23,30.89,,,,,,false
2018-02-26,31.58,,,,,,false
2018-02-27,31.69,,,,,,false
2018-02-28,31.83,,,,,,false
2018-03-01,32.29,,,,,,false
2018-03-02,32.15,,,,,,false
2018-03-05,32.37,,,,,,false
2018-03-06,32.71,,,,,,false
2018-03-07,32.47,,,,,,false
2018-03-08,32.66,,,,,,false
2018-03-09,33.19,,,,,,false
2018-03-12,33.75,,,,,,false
2018-03-13,33.55,,,,,,false
2018-03-14,33.2,,,,,,false
2018-03-15,33.12,,,,,,false
2018-03-16,33,,,,,,false
2018-03-19,33.08,,,,,,false
2018-03-20,33.1,,,,,,false
2018-03-21,32.86,,,,,,false
2018-03-22,32.82,,,,,,false
2018-03-23,31.04,,,,,,false
2018-03-26,31.58,,,,,,false
2018-03-27,32.39,,,,,,false
2018-03-28,32.14,,,,,,false
2018-03-29,32.39,,,,,,false
2018-03-30,32.94,,,,,,false
2018-04-02,33.13,,,,,,false
2018-04-03,32.8,,,,,,false
2018-04-04,32.5,,,,,,false
2018-04-09,32.56,,,,,,false
2018-04-10,32.59,,,,,,false
2018-04-11,32.8,,,,,,false
2018-04-12,32.65,,,,,,false
2018-04-13,32.63,,,,,,false
2018-04-16,32.61,,,,,,false
2018-04-17,31.8,,,,,,false
2018-04-18,32.19,,,,,,false
2018-04-19,32.23,,,,,,false
2018-04-20,31.54,,,,,,false
2018-04-23,31.18,,,,,,false
2018-04-24,31.82,,,,,,false
2018-04-25,31.95,,,,,,false
2018-04-26,31.33,,,,,,false
2018-04-27,31.29,,,,,,false
2018-05-02,27.82,,,,,,false
2018-05-03,28.07,,,,,,false
2018-05-04,27.98,,,,,,false
2018-05-07,28.49,,,,,,false
2018-05-08,28.59,,,,,,false
2018-05-09,28.58,,,,,,false
2018-05-10,28.69,,,,,,false
2018-05-11,28.39,,,,,,false
2018-05-14,28.19,,,,,,false
2018-05-15,28.41,,,,,,false
2018-05-16,28.23,,,,,,false
2018-05-17,27.98,,,,,,false
2018-05-18,28.05,,,,,,false
2018-05-21,28.37,,,,,,false
2018-05-22,28.49,,,,,,false
2018-05-23,28.11,,,,,,false
2018-05-24,27.91,,,,,,false
2018-05-25,27.48,,,,,,false
2018-05-28,27.24,,,,,,false
2018-05-29,26.99,,,,,,false
2018-05-30,26.06,,,,,,false
2018-05-31,26.43,,,,,,false
2018-06-01,26.09,,,,,,false
2018-06-04,26,,,,,,false
2018-06-05,26.43,,,,,,false
2018-06-06,26.34,,,,,,false
2018-06-07,26.05,,,,,,false
2018-06-08,25.76,,,,,,false
2018-06-11,26,,,,,,false
2018-06-12,26.19,,,,,,false
2018-06-13,25.72,,,,,,false
2018-06-14,25.51,,,,,,false
2018-06-15,24.94,,,,,,false
2018-06-18,24.94,,,,,,false
2018-06-19,23.23,,,,,,false
2018-06-20,23.52,,,,,,false
2018-06-21,22.95,,,,,,false
2018-06-22,23.25,,,,,,false
2018-06-25,23.12,,,,,,false
2018-06-26,23.3,,,,,,false
2018-06-27,23.09,,,,,,false
2018-06-28,22.79,,,,,,false
2018-06-29,23.45,,,,,,false
2018-07-02,23.17,,,,,,false
2018-07-03,23.41,,,,,,false
2018-07-04,22.98,,,,,,false
2018-07-05,22.33,,,,,,false
2018-07-06,22.41,,,,,,false
2018-07-09,22.9,,,,,,false
2018-07-10,23.04,,,,,,false
2018-07-11,22.49,,,,,,false
2018-07-12,23.07,,,,,,false
2018-07-13,23.22,,,,,,false
2018-07-16,23.21,,,,,,false
2018-07-17,23.2,,,,,,false
2018-07-18,23.07,,,,,,false
2018-07-19,22.81,,,,,,false
2018-07-20,23.06,,,,,,false
2018-07-23,23.22,,,,,,false
2018-07-24,23.57,,,,,,false
2018-07-25,23.6,,,,,,false
2018-07-26,23.44,,,,,,false
2018-07-27,23.3,,,,,,false
2018-07-30,22.98,,,,,,false
2018-07-31,22.94,,,,,,false
2018-08-01,22.57,,,,,,false
2018-08-02,22.04,,,,,,false
2018-08-03,21.74,,,,,,false
2018-08-06,21.27,,,,,,false
2018-08-07,21.82,,,,,,false
2018-08-08,21.42,,,,,,false
2018-08-09,21.91,,,,,,false
2018-08-10,22.06,,,,,,false
2018-08-13,22.16,,,,,,false
2018-08-14,22.1,,,,,,false
2018-08-15,21.66,,,,,,false
2018-08-16,21.39,,,,,,false
2018-08-17,21,,,,,,false
2018-08-20,21.08,,,,,,false
2018-08-21,21.33,,,,,,false
2018-08-22,21.07,,,,,,false
2018-08-23,21.2,,,,,,false
2018-08-24,21.13,,,,,,false
2018-08-27,21.6,,,,,,false
2018-08-28,21.63,,,,,,false
2018-08-29,21.49,,,,,,false
2018-08-30,21.13,,,,,,false
2018-08-31,20.89,,,,,,false
2018-09-03,21.02,,,,,,false
2018-09-04,21.26,,,,,,false
2018-09-05,20.91,,,,,,false
2018-09-06,20.81,,,,,,false
2018-09-07,20.86,,,,,,false
2018-09-10,20.46,,,,,,false
2018-09-11,20.45,,,,,,false
2018-09-12,20.42,,,,,,false
2018-09-13,20.57,,,,,,false
2018-09-14,20.37,,,,,,false
2018-09-17,20.04,,,,,,false
2018-09-18,20.41,,,,,,false
2018-09-19,20.63,,,,,,false
2018-09-20,20.55,,,,,,false
2018-09-21,20.81,,,,,,false
2018-09-25,20.73,,,,,,false
2018-09-26,20.77,,,,,,false
2018-09-27,20.45,,,,,,false
2018-09-28,20.62,,,,,,false
2018-10-08,19.91,,,,,,false
2018-10-09,19.91,,,,,,false
2018-10-10,19.9,,,,,,false
2018-10-11,18.46,,,,,,false
2018-10-12,18.36,,,,,,false
2018-10-15,18.09,,,,,,false
2018-10-16,17.69,,,,,,false
2018-10-17,17.83,,,,,,false
2018-10-18,17.26,,,,,,false
2018-10-19,17.65,,,,,,false
2018-10-22,18.52,,,,,,false
2018-10-23,18.21,,,,,,false
2018-10-24,18.21,,,,,,false
2018-10-25,18.06,,,,,,false
2018-10-26,18.13,,,,,,false
2018-10-29,17.86,,,,,,false
2018-10-30,18.01,,,,,,false
2018-10-31,18.28,,,,,,false
2018-11-01,17.94,,,,,,false
2018-11-02,18.5,,,,,,false
2018-11-05,18.63,,,,,,false
2018-11-06,18.63,,,,,,false
2018-11-07,18.58,,,,,,false
2018-11-08,18.48,,,,,,false
2018-11-09,18.43,,,,,,false
2018-11-12,18.95,,,,,,false
2018-11-13,19.3,,,,,,false
2018-11-14,19.3,,,,,,false
2018-11-15,19.63,,,,,,false
2018-11-16,19.85,,,,,,false
2018-11-19,19.93,,,,,,false
2018-11-20,19.42,,,,,,false
2018-11-21,19.53,,,,,,false
2018-11-22,19.55,,,,,,false
2018-11-23,18.74,,,,,,false
2018-11-26,18.69,,,,,,false
2018-11-27,18.82,,,,,,false
2018-11-28,19.05,,,,,,false
2018-11-29,18.62,,,,,,false
2018-11-30,18.75,,,,,,false
2018-12-03,19.36,,,,,,false
2018-12-04,19.54,,,,,,false
2018-12-05,19.43,,,,,,false
2018-12-06,19.09,,,,,,false
2018-12-07,19.09,,,,,,false
2018-12-10,18.88,,,,,,false
2018-12-11,19.05,,,,,,false
2018-12-12,19.06,,,,,,false
2018-12-13,19.25,,,,,,false
2018-12-14,18.77,,,,,,false
2018-12-17,20.21,,,,,,false
2018-12-18,20.08,,,,,,false
2018-12-19,19.82,,,,,,false
2018-12-20,19.89,,,,,,false
2018-12-21,19.75,,,,,,false
2018-12-24,19.95,,,,,,false
2018-12-25,19.76,,,,,,false
2018-12-26,19.68,,,,,,false
2018-12-27,19.38,,,,,,false
2018-12-28,19.42,,,,,,false
2019-01-02,19.29,,,,,,false
2019-01-03,19.13,,,,,,false
2019-01-04,19.68,,,,,,false
2019-01-07,20.06,,,,,,false
2019-01-08,20.01,,,,,,false
2019-01-09,20.04,,,,,,false
2019-01-10,19.99,,,,,,false
2019-01-11,20.16,,,,,,false
2019-01-14,20.03,,,,,,false
2019-01-15,20.25,,,,,,false
2019-01-16,20.24,,,,,,false
2019-01-17,20.06,,,,,,false
2019-01-18,20.21,,,,,,false
2019-01-21,20.33,,,,,,false
2019-01-22,20.12,,,,,,false
2019-01-23,20.15,,,,,,false
2019-01-24,20.25,,,,,,false
2019-01-25,20.15,,,,,,false
2019-01-28,20,,,,,,false
2019-01-29,19.68,,,,,,false
2019-01-30,19.41,,,,,,false
2019-01-31,19.13,,,,,,false
2019-02-01,19.68,,,,,,false
2019-02-11,20.24,,,,,,false
2019-02-12,20.5,,,,,,false
2019-02-13,20.85,,,,,,false
2019-02-14,20.94,,,,,,false
2019-02-15,20.88,,,,,,false
2019-02-18,21.61,,,,,,false
2019-02-19,21.67,,,,,,false
2019-02-20,21.68,,,,,,false
2019-02-21,21.59,,,,,,false
2019-02-22,22.05,,,,,,false
2019-02-25,23.18,,,,,,false
2019-02-26,23.18,,,,,,false
2019-02-27,23.1,,,,,,false
2019-02-28,23.21,,,,,,false
2019-03-01,23.35,,,,,,false
2019-03-04,23.84,,,,,,false
2019-03-05,24.51,,,,,,false
2019-03-06,24.98,,,,,,false
2019-03-07,25.37,,,,,,false
2019-03-08,24.34,,,,,,false
2019-03-11,25.4,,,,,,false
2019-03-12,25.94,,,,,,false
2019-03-13,25.4,,,,,,false
2019-03-14,24.69,,,,,,false
2019-03-15,25.07,,,,,,false
2019-03-18,25.68,,,,,,false
2019-03-19,25.76,,,,,,false
2019-03-20,25.68,,,,,,false
2019-03-21,25.93,,,,,,false
2019-03-22,26.03,,,,,,false
2019-03-25,25.79,,,,,,false
2019-03-26,25.1,,,,,,false
2019-03-27,25.31,,,,,,false
2019-03-28,24.98,,,,,,false
2019-03-29,25.67,,,,,,false
2019-04-01,26.63,,,,,,false
2019-04-02,26.78,,,,,,false
2019-04-03,27.01,,,,,,false
2019-04-04,27.11,,,,,,false
2019-04-05,27.11,,,,,,false
2019-04-08,26.98,,,,,,false
2019-04-09,27.03,,,,,,false
2019-04-10,26.99,,,,,,false
2019-04-11,26.45,,,,,,false
2019-04-12,26.43,,,,,,false
2019-04-15,26.22,,,,,,false
2019-04-16,26.72,,,,,,false
2019-04-17,26.93,,,,,,false
2019-04-18,26.79,,,,,,false
2019-04-19,26.99,,,,,,false
2019-04-22,26.69,,,,,,false
2019-04-23,26.23,,,,,,false
2019-04-24,26.51,,,,,,false
2019-04-25,25.42,,,,,,false
2019-04-26,25.14,,,,,,false
2019-04-29,24.3,,,,,,false
2019-04-30,24.59,,,,,,false
2019-05-01,24.59,,,,,,false
2019-05-02,24.59,,,,,,false
2019-05-03,24.59,,,,,,false
2019-05-06,24.16,,,,,,false
2019-05-07,24.49,,,,,,false
2019-05-08,24.37,,,,,,false
2019-05-09,24.09,,,,,,false
2019-05-10,25.02,,,,,,false
2019-05-13,24.86,,,,,,false
2019-05-14,24.67,,,,,,false
2019-05-15,25.19,,,,,,false
2019-05-16,25.35,,,,,,false
2019-05-17,24.42,,,,,,false
2019-05-20,24.29,,,,,,false
2019-05-21,24.75,,,,,,false
2019-05-22,24.62,,,,,,false
2019-05-23,24.04,,,,,,false
2019-05-24,23.77,,,,,,false
2019-05-27,24.42,,,,,,false
2019-05-28,24.35,,,,,,false
2019-05-29,24.38,,,,,,false
2019-05-30,24.18,,,,,,false
2019-05-31,24.13,,,,,,false
2019-06-03,23.76,,,,,,false
2019-06-04,23.33,,,,,,false
2019-06-05,23.3,,,,,,false
2019-06-06,22.74,,,,,,false
2019-06-07,22.74,,,,,,false
2019-06-10,23.03,,,,,,false
2019-06-11,23.84,,,,,,false
2019-06-12,23.71,,,,,,false
2019-06-13,23.8,,,,,,false
2019-06-14,23.27,,,,,,false
2019-06-17,23.31,,,,,,false
2019-06-18,23.25,,,,,,false
2019-06-19,23.58,,,,,,false
2019-06-20,23.94,,,,,,false
2019-06-21,24.24,,,,,,false
2019-06-24,24.24,,,,,,false
2019-06-25,24,,,,,,false
2019-06-26,23.99,,,,,,false
2019-06-27,24.2,,,,,,false
2019-06-28,23.88,,,,,,false
2019-07-01,24.55,,,,,,false
2019-07-02,24.58,,,,,,false
2019-07-03,24.33,,,,,,false
2019-07-04,24.2,,,,,,false
2019-07-05,24.26,,,,,,false
2019-07-08,23.49,,,,,,false
2019-07-09,23.47,,,,,,false
2019-07-10,23.2,,,,,,false
2019-07-11,23.16,,,,,,false
2019-07-12,23.23,,,,,,false
2019-07-15,23.45,,,,,,false
2019-07-16,23.49,,,,,,false
2019-07-17,23.47,,,,,,false
2019-07-18,23.03,,,,,,false
2019-07-19,23.15,,,,,,false
2019-07-22,22.53,,,,,,false
2019-07-23,22.78,,,,,,false
2019-07-24,23.06,,,,,,false
2019-07-25,23.14,,,,,,false
2019-07-26,23.16,,,,,,false
2019-07-29,23.19,,,,,,false
2019-07-30,23.29,,,,,,false
2019-07-31,23.13,,,,,,false
2019-08-01,23,,,,,,false
2019-08-02,22.66,,,,,,false
2019-08-05,22.4,,,,,,false
2019-08-06,21.85,,,,,,false
2019-08-07,21.8,,,,,,false
2019-08-08,21.97,,,,,,false
2019-08-09,21.75,,,,,,false
2019-08-12,22.12,,,,,,false
2019-08-13,22.02,,,,,,false
2019-08-14,22.18,,,,,,false
2019-08-15,22.28,,,,,,false
2019-08-16,22.42,,,,,,false
2019-08-19,23.11,,,,,,false
2019-08-20,23.16,,,,,,false
2019-08-21,23.17,,,,,,false
2019-08-22,23.26,,,,,,false
2019-08-23,23.22,,,,,,false
2019-08-26,23.1,,,,,,false
2019-08-27,23.52,,,,,,false
2019-08-28,23.47,,,,,,false
2019-08-29,23.5,,,,,,false
2019-08-30,23.17,,,,,,false
2019-09-02,24.11,,,,,,false
2019-09-03,24.28,,,,,,false
2019-09-04,24.45,,,,,,false
2019-09-05,24.65,,,,,,false
2019-09-06,24.76,,,,,,false
2019-09-09,25.33,,,,,,false
2019-09-10,25.4,,,,,,false
2019-09-11,25.18,,,,,,false
2019-09-12,25.28,,,,,,false
2019-09-13,25.28,,,,,,false
2019-09-16,25.41,,,,,,false
2019-09-17,24.84,,,,,,false
2019-09-18,24.84,,,,,,false
2019-09-19,25.13,,,,,,false
2019-09-20,25.18,,,,,,false
2019-09-23,24.92,,,,,,false
2019-09-24,25.05,,,,,,false
2019-09-25,24.59,21.3,21.254071661237788,low,low,2014-09-25,false
2019-09-26,23.82,18.3,18.307567127746136,low,low,2014-09-25,false
2019-09-27,24.02,18.9,18.86178861788618,low,low,2014-09-25,false
2019-09-30,23.77,18.2,18.1965881397238,low,low,2014-09-25,false
2019-10-01,23.77,18.3,18.262987012987015,low,low,2014-09-25,false
2019-10-02,23.77,18.3,18.329278183292782,low,low,2014-09-25,false
2019-10-03,23.77,18.4,18.395461912479742,low,low,2014-09-25,false
2019-10-04,23.77,18.5,18.461538461538463,low,low,2014-09-25,false
2019-10-07,23.77,18.5,18.527508090614887,low,low,2014-09-25,false
2019-10-08,23.79,18.6,18.593371059013744,low,low,2014-09-25,false
2019-10-09,24.01,19.3,19.305331179321485,low,low,2014-09-25,false
2019-10-10,24.39,21,20.98466505246166,low,low,2014-09-25,false
2019-10-11,24.39,21,21.048387096774192,low,low,2014-09-25,false
2019-10-14,24.76,22.6,22.562449637389204,low,low,2014-09-25,false
2019-10-15,24.4,21.1,21.09500805152979,low,low,2014-09-25,false
2019-10-16,24.32,20.5,20.514883346741755,low,low,2014-09-25,false
2019-10-17,24.31,20.5,20.4983922829582,low,low,2014-09-25,false
2019-10-18,24.03,19.4,19.3574297188755,low,low,2014-09-25,false
2019-10-21,23.85,18.9,18.86035313001605,low,low,2014-09-25,false
2019-10-22,24.15,19.8,19.807538091419406,low,low,2014-09-25,false
2019-10-23,23.93,19,18.990384615384613,low,low,2014-09-25,false
2019-10-24,23.88,19,18.975180144115292,low,low,2014-09-25,false
2019-10-25,24.07,19.7,19.68,low,low,2014-09-25,false
2019-10-28,24.59,22.6,22.621902478017585,low,low,2014-09-25,false
2019-10-29,24.35,21.2,21.24600638977636,low,low,2014-09-25,false
2019-10-30,24.15,20,20.03192338387869,low,low,2014-09-25,false
2019-10-31,23.92,19,18.9792663476874,low,low,2014-09-25,false
2019-11-01,23.63,17.6,17.60956175298805,low,low,2014-09-25,false
2019-11-04,23.81,18.6,18.550955414012737,low,low,2014-09-25,false
2019-11-05,23.88,19.1,19.09307875894988,low,low,2014-09-25,false
2019-11-06,23.69,17.6,17.647058823529413,low,low,2014-09-25,false
2019-11-07,23.84,18.9,18.903891977760125,low,low,2014-09-25,false
2019-11-08,23.78,18.4,18.412698412698415,low,low,2014-09-25,false
2019-11-11,23.16,14.3,14.274385408406026,low,low,2014-09-25,false
2019-11-12,23.21,15.1,15.134706814580031,low,low,2014-09-25,false
2019-11-13,23.17,14.6,14.56848772763262,low,low,2014-09-25,false
2019-11-14,23.33,16.5,16.455696202531644,low,low,2014-09-25,false
2019-11-15,23.06,13.2,13.201581027667983,low,low,2014-09-25,false
2019-11-18,23.23,15.7,15.718799368088469,low,low,2014-09-25,false
2019-11-19,23.64,18,17.995264404104184,low,low,2014-09-25,false
2019-11-20,23.54,17.7,17.665615141955836,low,low,2014-09-25,false
2019-11-21,23.49,17.4,17.415287628053587,low,low,2014-09-25,false
2019-11-22,23.14,13.9,13.937007874015746,low,low,2014-09-25,false
2019-11-25,23.01,12.7,12.745869394177815,low,low,2014-09-25,false
2019-11-26,23,12.7,12.735849056603774,low,low,2014-09-25,false
2019-11-27,22.99,12.6,12.647289866457188,low,low,2014-09-25,false
2019-11-28,22.93,12.3,12.323390894819466,low,low,2014-09-25,false
2019-11-29,22.88,12.2,12.23529411764706,low,low,2014-09-25,false
2019-12-02,22.94,12.5,12.539184952978054,low,low,2014-09-25,false
2019-12-03,23.07,13.8,13.782302270947532,low,low,2014-09-25,false
2019-12-04,23.13,14.3,14.319248826291082,low,low,2014-09-25,false
2019-12-05,23.43,17.4,17.357310398749025,low,low,2014-09-25,false
2019-12-06,23.6,18.7,18.671875,low,low,2014-09-25,false
2019-12-09,23.66,18.9,18.89149102263856,low,low,2014-09-25,false
2019-12-10,23.78,19.8,19.81279251170047,low,low,2014-09-25,false
2019-12-11,23.68,18.9,18.939984411535463,low,low,2014-09-25,false
2019-12-12,23.68,19,19.003115264797508,low,low,2014-09-25,false
2019-12-13,24.02,21.4,21.40077821011673,low,low,2014-09-25,false
2019-12-16,24.6,24.7,24.72783825816485,low,low,2014-09-25,false
2019-12-17,24.87,25.6,25.563325563325563,low,low,2014-09-25,false
2019-12-18,24.88,25.6,25.62111801242236,low,low,2014-09-25,false
2019-12-19,24.95,25.9,25.91155934833204,low,low,2014-09-25,false
2019-12-20,24.67,25,24.96124031007752,low,low,2014-09-25,false
2019-12-23,24.16,22.1,22.075910147172735,low,low,2014-09-25,false
2019-12-24,24.55,24.1,24.148606811145513,low,low,2014-09-25,false
2019-12-25,24.68,25.1,25.135344160866204,low,low,2014-09-25,false
2019-12-26,24.88,25.9,25.888717156105102,low,low,2014-09-25,false
2019-12-27,24.69,25.3,25.25096525096525,low,low,2014-09-25,false
2019-12-30,24.86,25.8,25.771604938271604,low,low,2014-09-25,false
2019-12-31,25.03,26.6,26.599845797995375,low,low,2014-09-25,false
2020-01-01,25.03,26.7,26.656394453004623,low,low,2014-09-25,false
2020-01-02,25.53,28.3,28.25250192455735,low,low,2014-09-25,false
2020-01-03,25.64,28.3,28.307692307692307,low,low,2014-09-25,false
2020-01-06,25.86,28.9,28.90084550345888,low,low,2014-09-25,false
2020-01-07,26.27,29.8,29.80030721966206,low,low,2014-09-25,false
2020-01-08,25.91,28.9,28.933231005372217,low,low,2014-09-25,false
2020-01-09,26.4,30,29.984662576687114,low,low,2014-09-25,false
2020-01-10,26.39,30,29.96168582375479,low,low,2014-09-25,false
2020-01-13,26.75,30.7,30.704441041347625,mid,low,2014-09-25,false
2020-01-14,26.68,30.5,30.527926549349655,mid,low,2014-09-25,false
2020-01-15,26.71,30.7,30.65749235474006,mid,low,2014-09-25,false
2020-01-16,26.68,30.6,30.557677616501145,mid,low,2014-09-25,false
2020-01-17,26.61,30.4,30.38167938931298,mid,low,2014-09-25,false
2020-01-20,26.96,31.2,31.197559115179253,mid,low,2014-09-25,false
2020-01-21,26.71,30.8,30.79268292682927,mid,low,2014-09-25,false
2020-01-22,26.79,31.2,31.15003808073115,mid,low,2014-09-25,false
2020-01-23,25.8,28.6,28.61491628614916,low,low,2014-09-25,false
2020-01-24,25.8,28.7,28.669201520912544,low,low,2014-09-25,false
2020-01-27,25.8,28.7,28.723404255319153,low,low,2014-09-25,false
2020-01-28,25.8,28.8,28.77752467729689,low,low,2014-09-25,false
2020-01-29,25.8,28.8,28.83156297420334,low,low,2014-09-25,false
2020-01-30,25.8,28.9,28.885519332827904,low,low,2014-09-25,false
2020-01-31,25.8,28.9,28.939393939393938,low,low,2014-09-25,false
2020-02-03,23.56,17.9,17.865253595760787,low,low,2014-09-25,false
2020-02-04,23.68,18.6,18.608169440242055,low,low,2014-09-25,false
2020-02-05,24.23,22,21.99546485260771,low,low,2014-09-25,false
2020-02-06,24.96,26.1,26.057401812688823,low,low,2014-09-25,false
2020-02-07,25.27,27.1,27.09433962264151,low,low,2014-09-25,false
2020-02-10,25.63,28.1,28.12971342383107,low,low,2014-09-25,false
2020-02-11,25.52,28,28.03315749811605,low,low,2014-09-25,false
2020-02-12,26.04,29.9,29.89457831325301,low,low,2014-09-25,false
2020-02-13,25.82,29.3,29.345372460496616,low,low,2014-09-25,false
2020-02-14,25.94,29.7,29.69924812030075,low,low,2014-09-25,false
2020-02-17,26.88,32.1,32.08114199849737,mid,low,2014-09-25,false
2020-02-18,27.47,33,32.95795795795796,mid,low,2014-09-25,false
2020-02-19,27.25,32.9,32.93323330832708,mid,low,2014-09-25,false
2020-02-20,27.75,33.1,33.13343328335832,mid,low,2014-09-25,false
2020-02-21,28.2,33.8,33.78277153558052,mid,low,2014-09-25,false
2020-02-24,28.81,34.5,34.50598802395209,mid,low,2014-09-25,false
2020-02-25,28.87,34.6,34.55497382198953,mid,low,2014-09-25,false
2020-02-26,28.02,33.4,33.408071748878925,mid,low,2014-09-25,false
2020-02-27,28.13,33.7,33.68185212845407,mid,low,2014-09-25,false
2020-02-28,26.58,31,30.970149253731343,mid,low,2014-09-25,false
2020-03-02,27.68,33,33.03504847129008,mid,low,2014-09-25,false
2020-03-03,28.05,33.6,33.60655737704918,mid,low,2014-09-25,false
2020-03-04,28.3,34.1,34.102755026061054,mid,low,2014-09-25,false
2020-03-05,28.71,34.7,34.74702380952381,mid,low,2014-09-25,false
2020-03-06,28.63,34.6,34.646840148698885,mid,low,2014-09-25,false
2020-03-09,27.52,32.9,32.91233283803863,mid,low,2014-09-25,false
2020-03-10,28.17,33.9,33.85300668151447,mid,low,2014-09-25,false
2020-03-11,27.78,33.1,33.08605341246291,mid,low,2014-09-25,false
2020-03-12,27.2,32.5,32.542624166048924,mid,low,2014-09-25,false
2020-03-13,26.92,31.8,31.77777777777778,mid,low,2014-09-25,false
2020-03-16,25.64,27.8,27.831236121391562,low,low,2014-09-25,false
2020-03-17,25.57,27.7,27.662721893491128,low,low,2014-09-25,false
2020-03-18,25.21,26.5,26.53362897265336,low,low,2014-09-25,false
2020-03-19,25.36,27,27.031019202363364,low,low,2014-09-25,false
2020-03-20,25.62,27.8,27.822878228782287,low,low,2014-09-25,false
2020-03-23,24.49,23.1,23.08259587020649,low,low,2014-09-25,false
2020-03-24,24.96,25.6,25.57111274871039,low,low,2014-09-25,false
2020-03-25,25.56,27.8,27.835051546391753,low,low,2014-09-25,false
2020-03-26,25.39,27.2,27.225901398086826,low,low,2014-09-25,false
2020-03-27,25.25,26.6,26.61764705882353,low,low,2014-09-25,false
2020-03-30,24.64,24,23.952975753122704,low,low,2014-09-25,false
2020-03-31,24.75,24.5,24.52276064610866,low,low,2014-09-25,false
2020-04-01,24.62,23.9,23.917828319882613,low,low,2014-09-25,false
2020-04-02,25.22,26.8,26.759530791788855,low,low,2014-09-25,false
2020-04-03,25.12,26.3,26.300366300366303,low,low,2014-09-25,false
2020-04-06,25.12,26.4,26.35431918008785,low,low,2014-09-25,false
2020-04-07,25.95,30.1,30.138990490124364,mid,low,2014-09-25,false
2020-04-08,26,30.3,30.336257309941523,mid,low,2014-09-25,false
2020-04-09,26.3,31,31.044558071585097,mid,low,2014-09-25,false
2020-04-10,25.64,28.6,28.613138686131386,low,low,2014-09-25,false
2020-04-13,25.4,27.8,27.78993435448578,low,low,2014-09-25,false
2020-04-14,25.92,30,29.956268221574344,low,low,2014-09-25,false
2020-04-15,25.78,29.1,29.133284777858705,low,low,2014-09-25,false
2020-04-16,25.98,30.3,30.349344978165938,mid,low,2014-09-25,false
2020-04-17,26.02,30.6,30.618181818181817,mid,low,2014-09-25,false
2020-04-20,26.48,31.9,31.90406976744186,mid,low,2014-09-25,false
2020-04-21,26.35,31.4,31.445170660856935,mid,low,2014-09-25,false
2020-04-22,26.59,32.1,32.14804063860668,mid,low,2014-09-25,false
2020-04-23,26.44,31.8,31.834662799129802,mid,low,2014-09-25,false
2020-04-24,25.98,30.3,30.289855072463766,mid,low,2014-09-25,false
2020-04-27,25.89,29.8,29.761042722664737,low,low,2014-09-25,false
2020-04-28,25.61,28.1,28.147612156295228,low,low,2014-09-25,false
2020-04-29,25.52,27.9,27.910339840925523,low,low,2014-09-25,false
2020-04-30,25.94,30.3,30.27456647398844,mid,low,2014-09-25,false
2020-05-01,25.94,30.3,30.324909747292416,mid,low,2014-09-25,false
2020-05-04,25.94,30.4,30.375180375180378,mid,low,2014-09-25,false
2020-05-05,25.94,30.4,30.4253785147801,mid,low,2014-09-25,false
2020-05-06,28.67,36.7,36.671469740634,mid,low,2014-09-25,false
2020-05-07,28.7,36.8,36.789056875449965,mid,low,2014-09-25,false
2020-05-08,28.95,37.1,37.05035971223021,mid,low,2014-09-25,false
2020-05-11,28.89,37,37.02372393961179,mid,low,2014-09-25,false
2020-05-12,29.04,37.1,37.14080459770115,mid,mid,2014-09-25,false
2020-05-13,29.32,37.3,37.25771715721464,mid,mid,2014-09-25,false
2020-05-14,29.04,37.2,37.15925394548063,mid,mid,2014-09-25,false
2020-05-15,29.15,37.2,37.204301075268816,mid,mid,2014-09-25,false
2020-05-18,29.04,37.2,37.17765042979943,mid,mid,2014-09-25,false
2020-05-19,29.43,37.4,37.43736578382248,mid,mid,2014-09-25,false
2020-05-20,28.97,37,36.98140200286123,mid,mid,2014-09-25,false
2020-05-21,28.57,36.2,36.168691922802,mid,mid,2014-09-25,false
2020-05-22,28.03,35.1,35.07142857142857,mid,mid,2014-09-25,false
2020-05-25,27.99,35,34.97501784439686,mid,mid,2014-09-25,false
2020-05-26,28.66,36.5,36.51925820256776,mid,mid,2014-09-25,false
2020-05-27,28.41,36.1,36.0655737704918,mid,mid,2014-09-25,false
2020-05-28,28.33,35.8,35.826210826210826,mid,mid,2014-09-25,false
2020-05-29,28.58,36.4,36.44128113879004,mid,mid,2014-09-25,false
2020-06-01,29.34,37.8,37.766714082503555,mid,mid,2014-09-25,false
2020-06-02,29.27,37.7,37.66879886282871,mid,mid,2014-09-25,false
2020-06-03,29.16,37.6,37.57102272727273,mid,mid,2014-09-25,false
2020-06-04,29.21,37.7,37.686302342086584,mid,mid,2014-09-25,false
2020-06-05,29.21,37.7,37.730496453900706,mid,mid,2014-09-25,false
2020-06-08,29.11,37.4,37.4202693125443,mid,mid,2014-09-25,false
2020-06-09,29.32,38,37.960339943342774,mid,mid,2014-09-25,false
2020-06-10,29.37,38.1,38.075017692852086,mid,mid,2014-09-25,false
2020-06-11,29.23,37.8,37.765205091937766,mid,mid,2014-09-25,false
2020-06-12,29.29,37.9,37.879858657243815,mid,mid,2014-09-25,false
2020-06-15,29.29,37.9,37.92372881355932,mid,mid,2014-09-25,false
2020-06-16,29.87,38.5,38.46153846153847,mid,mid,2014-09-25,false
2020-06-17,29.97,38.6,38.57545839210155,mid,mid,2014-09-25,false
2020-06-18,29.8,38.4,38.40732910500353,mid,mid,2014-09-25,false
2020-06-19,30.01,38.7,38.66197183098591,mid,mid,2014-09-25,false
2020-06-22,30.17,38.8,38.84588318085855,mid,mid,2014-09-25,false
2020-06-23,30.29,39,38.95921237693389,mid,mid,2014-09-25,false
2020-06-24,30.18,38.9,38.861560084328886,mid,mid,2014-09-25,false
2020-06-25,30.18,38.9,38.90449438202247,mid,mid,2014-09-25,false
2020-06-26,30.18,38.9,38.94736842105263,mid,mid,2014-09-25,false
2020-06-29,30.12,38.6,38.63955119214586,mid,mid,2014-09-25,false
2020-06-30,30.68,39.2,39.17309039943938,mid,mid,2014-09-25,false
2020-07-01,30.75,39.2,39.21568627450981,mid,mid,2014-09-25,false
2020-07-02,31.08,39.5,39.46815955213436,mid,mid,2014-09-25,false
2020-07-03,31.28,39.7,39.650349650349646,mid,mid,2014-09-25,false
2020-07-06,32.42,41.1,41.090146750524106,mid,mid,2014-09-25,false
2020-07-07,32.86,42.1,42.108938547486034,mid,mid,2014-09-25,false
2020-07-08,33.58,43.5,43.5450104675506,mid,mid,2014-09-25,false
2020-07-09,34.56,45.7,45.676429567642955,mid,mid,2014-09-25,false
2020-07-10,34.44,45.3,45.29616724738676,mid,mid,2014-09-25,false
2020-07-13,35.66,47.1,47.07520891364902,mid,mid,2014-09-25,false
2020-07-14,35.38,46.6,46.62491301322199,mid,mid,2014-09-25,false
2020-07-15,34.48,45.3,45.27121001390821,mid,mid,2014-09-25,false
2020-07-16,32.62,41.3,41.278665740097296,mid,mid,2014-09-25,false
2020-07-17,32.71,41.6,41.59722222222222,mid,mid,2014-09-25,false
2020-07-20,33.76,43.9,43.85843164469119,mid,mid,2014-09-25,false
2020-07-21,34.05,44.5,44.45214979195562,mid,mid,2014-09-25,false
2020-07-22,34.39,45.2,45.18364518364518,mid,mid,2014-09-25,false
2020-07-23,34.39,45.2,45.22160664819945,mid,mid,2014-09-25,false
2020-07-24,32.75,41.6,41.5916955017301,mid,mid,2014-09-25,false
2020-07-27,32.74,41.6,41.56293222683264,mid,mid,2014-09-25,false
2020-07-28,33.12,42.4,42.363510711817554,mid,mid,2014-09-25,false
2020-07-29,34.05,44.5,44.54419889502763,mid,mid,2014-09-25,false
2020-07-30,33.98,44.3,44.3064182194617,mid,mid,2014-09-25,false
2020-07-31,34.42,45.6,45.58620689655172,mid,mid,2014-09-25,false
2020-08-03,35.49,47.3,47.277739490006894,mid,mid,2014-09-25,false
2020-08-04,35.26,46.8,46.83195592286501,mid,mid,2014-09-25,false
2020-08-05,35.73,47.8,47.83207157604955,mid,mid,2014-09-25,false
2020-08-06,35.69,47.8,47.79917469050894,mid,mid,2014-09-25,false
2020-08-07,35.24,46.7,46.735395189003434,mid,mid,2014-09-25,false
2020-08-10,35.3,47,47.0467032967033,mid,mid,2014-09-25,false
2020-08-11,34.63,46.1,46.12216884008236,mid,mid,2014-09-25,false
2020-08-12,33.97,44,43.964334705075444,mid,mid,2014-09-25,false
2020-08-13,34.06,44.4,44.41398217957505,mid,mid,2014-09-25,false
2020-08-14,34.4,45.3,45.34246575342466,mid,mid,2014-09-25,false
2020-08-17,35.14,46.7,46.74880219028063,mid,mid,2014-09-25,false
2020-08-18,35.51,47.6,47.60601915184679,mid,mid,2014-09-25,false
2020-08-19,34.82,46.3,46.274777853725226,mid,mid,2014-09-25,false
2020-08-20,34.29,44.9,44.87704918032787,mid,mid,2014-09-25,false
2020-08-21,34.54,45.9,45.93856655290102,mid,mid,2014-09-25,false
2020-08-24,34.82,46.4,46.384720327421554,mid,mid,2014-09-25,false
2020-08-25,34.61,46.1,46.14860259032038,mid,mid,2014-09-25,false
2020-08-26,33.77,43.3,43.32425068119891,mid,mid,2014-09-25,false
2020-08-27,34.09,44.4,44.38393464942138,mid,mid,2014-09-25,false
2020-08-28,34.56,46.1,46.054421768707485,mid,mid,2014-09-25,false
2020-08-31,34.67,46.4,46.430999320190345,mid,mid,2014-09-25,false
2020-09-01,35.08,47,47.01086956521739,mid,mid,2014-09-25,false
2020-09-02,35.13,47,47.04684317718941,mid,mid,2014-09-25,false
2020-09-03,34.72,46.4,46.404341926729984,mid,mid,2014-09-25,false
2020-09-04,34.57,46,45.96610169491526,mid,mid,2014-09-25,false
2020-09-07,33.83,43.3,43.292682926829265,mid,mid,2014-09-25,false
2020-09-08,33.94,43.5,43.46648612051456,mid,mid,2014-09-25,false
2020-09-09,32.84,41,41.00135317997294,mid,mid,2014-09-25,false
2020-09-10,31.87,39.1,39.148073022312374,mid,mid,2014-09-25,false
2020-09-11,32.41,39.8,39.7972972972973,mid,mid,2014-09-25,false
2020-09-14,32.85,41.1,41.12086428089129,mid,mid,2014-09-25,false
2020-09-15,33.06,41.4,41.43049932523617,mid,mid,2014-09-25,false
2020-09-16,32.74,40.7,40.72825354012137,mid,mid,2014-09-25,false
2020-09-17,32.82,41,41.0377358490566,mid,mid,2014-09-25,false
2020-09-18,33.33,42.2,42.22222222222222,mid,mid,2014-09-25,false
2020-09-21,33.3,42.1,42.059219380888294,mid,mid,2014-09-25,false
2020-09-22,32.8,40.9,40.88769334229993,mid,mid,2014-09-25,false
2020-09-23,33.06,41.5,41.53225806451613,mid,mid,2014-09-25,false
2020-09-24,32.18,39.2,39.153794492948286,mid,mid,2014-09-25,false
2020-09-25,32.06,39,38.993288590604024,mid,mid,2014-09-25,false
2020-09-28,31.65,38.6,38.564721663313215,mid,mid,2014-09-25,false
2020-09-29,32.02,39,39.00804289544236,mid,mid,2014-09-25,false
2020-09-30,32,39,38.98191560616209,mid,mid,2014-09-25,false
2020-10-01,32,39,39.0227576974565,mid,mid,2014-09-25,false
2020-10-02,32,39.1,39.063545150501675,mid,mid,2014-09-25,false
2020-10-05,32,39.1,39.10427807486631,mid,mid,2014-09-25,false
2020-10-06,32,39.1,39.14495657982632,mid,mid,2014-09-25,false
2020-10-07,32,39.2,39.18558077436582,mid,mid,2014-09-25,false
2020-10-08,32,39.2,39.22615076717812,mid,mid,2014-09-25,false
2020-10-09,32.97,41.8,41.8,mid,mid,2014-09-25,false
2020-10-12,33.99,44.6,44.63690872751499,mid,mid,2014-09-25,false
2020-10-13,34.07,45,45.00665778961385,mid,mid,2014-09-25,false
2020-10-14,33.78,44,43.978709248170325,mid,mid,2014-09-25,false
2020-10-15,33.5,43.2,43.15159574468085,mid,mid,2014-09-25,false
2020-10-16,33.4,42.8,42.7906976744186,mid,mid,2014-09-25,false
2020-10-19,33.15,42.2,42.23107569721115,mid,mid,2014-09-25,false
2020-10-20,33.44,43,42.99933642999336,mid,mid,2014-09-25,false
2020-10-21,32.93,41.5,41.51193633952255,mid,mid,2014-09-25,false
2020-10-22,32.68,40.5,40.49039098740888,mid,mid,2014-09-25,false
2020-10-23,32.01,39,39.00662251655629,mid,mid,2014-09-25,false
2020-10-26,32.05,39.1,39.11317008603574,mid,mid,2014-09-25,false
2020-10-27,32.26,39.6,39.55026455026455,mid,mid,2014-09-25,false
2020-10-28,32.3,39.7,39.65631196298744,mid,mid,2014-09-25,false
2020-10-29,32.3,39.7,39.69616908850727,mid,mid,2014-09-25,false
2020-10-30,31.51,37.8,37.755775577557756,mid,mid,2014-09-25,false
2020-11-02,29.74,35.9,35.949868073878626,mid,mid,2014-09-25,false
2020-11-03,30.32,36.9,36.91496374423204,mid,mid,2014-09-25,false
2020-11-04,30.28,36.8,36.824769433465086,mid,mid,2014-09-25,false
2020-11-05,30.81,37.2,37.195523370638575,mid,mid,2014-09-25,false
2020-11-06,30.51,37,36.973684210526315,mid,mid,2014-09-25,false
2020-11-09,31.21,37.5,37.54109138724523,mid,mid,2014-09-25,false
2020-11-10,30.92,37.3,37.319316688567675,mid,mid,2014-09-25,false
2020-11-11,30.42,36.9,36.90085357846356,mid,mid,2014-09-25,false
2020-11-12,30.49,36.9,36.94225721784777,mid,mid,2014-09-25,false
2020-11-13,30.51,37,37.049180327868854,mid,mid,2014-09-25,false
2020-11-16,30.76,37.2,37.22149410222805,mid,mid,2014-09-25,false
2020-11-17,30.44,36.9,36.86967910936477,mid,mid,2014-09-25,false
2020-11-18,30.39,36.8,36.78010471204188,mid,mid,2014-09-25,false
2020-11-19,30.57,37.1,37.148463047743626,mid,mid,2014-09-25,false
2020-11-20,30.79,37.4,37.38562091503268,mid,mid,2014-09-25,false
2020-11-23,30.97,37.7,37.687785760940564,mid,mid,2014-09-25,false
2020-11-24,30.96,37.7,37.66318537859008,mid,mid,2014-09-25,false
2020-11-25,30.43,36.8,36.79060665362035,mid,mid,2014-09-25,false
2020-11-26,30.23,36.4,36.440677966101696,mid,mid,2014-09-25,false
2020-11-27,30.25,36.5,36.48208469055375,mid,mid,2014-09-25,false
2020-11-30,30.16,36.1,36.06770833333333,mid,mid,2014-09-25,false
2020-12-01,30.58,37.3,37.2804163955758,mid,mid,2014-09-25,false
2020-12-02,30.7,37.4,37.38621586475943,mid,mid,2014-09-25,false
2020-12-03,30.62,37.3,37.29694606887589,mid,mid,2014-09-25,false
2020-12-04,30.82,37.8,37.79220779220779,mid,mid,2014-09-25,false
2020-12-07,30.8,37.7,37.702790395846854,mid,mid,2014-09-25,false
2020-12-08,30.82,37.9,37.87289234760052,mid,mid,2014-09-25,false
2020-12-09,30.25,36.4,36.42255346727155,mid,mid,2014-09-25,false
2020-12-10,30.31,36.6,36.59326424870466,mid,mid,2014-09-25,false
2020-12-11,29.86,35.4,35.40453074433657,mid,mid,2014-09-25,false
2020-12-14,29.88,35.5,35.510996119016816,mid,mid,2014-09-25,false
2020-12-15,29.97,35.7,35.6819650937298,mid,mid,2014-09-25,false
2020-12-16,29.77,35.3,35.27131782945737,mid,mid,2014-09-25,false
2020-12-17,29.99,35.8,35.76500968366688,mid,mid,2014-09-25,false
2020-12-18,29.86,35.4,35.41935483870968,mid,mid,2014-09-25,false
2020-12-21,30.4,37,37.008381689232756,mid,mid,2014-09-25,false
2020-12-22,29.76,35.2,35.180412371134025,mid,mid,2014-09-25,false
2020-12-23,30.02,35.9,35.93045717965229,mid,mid,2014-09-25,false
2020-12-24,29.55,34.9,34.942084942084946,mid,mid,2014-09-25,false
2020-12-25,29.81,35.4,35.36977491961415,mid,mid,2014-09-25,false
2020-12-28,29.61,35,34.96143958868895,mid,mid,2014-09-25,false
2020-12-29,29.36,34.7,34.74630700064226,mid,mid,2014-09-25,false
2020-12-30,29.59,35,34.98074454428755,mid,mid,2014-09-25,false
2020-12-31,30.13,36.4,36.36946760744067,mid,mid,2014-09-25,false
2021-01-01,30.13,36.4,36.41025641025641,mid,mid,2014-09-25,false
2021-01-04,30.87,38.6,38.62908392056374,mid,mid,2014-09-25,false
2021-01-05,30.98,38.9,38.92445582586428,mid,mid,2014-09-25,false
2021-01-06,30.65,37.9,37.93985924504158,mid,mid,2014-09-25,false
2021-01-07,30.2,36.7,36.70076726342711,mid,mid,2014-09-25,false
2021-01-08,29.98,35.8,35.84664536741214,mid,mid,2014-09-25,false
2021-01-11,29.5,34.7,34.73818646232439,mid,mid,2014-09-25,false
2021-01-12,29.92,35.7,35.67326100829611,mid,mid,2014-09-25,false
2021-01-13,29.69,35,35.01275510204081,mid,mid,2014-09-25,false
2021-01-14,29.66,35,34.990439770554495,mid,mid,2014-09-25,false
2021-01-15,29.77,35.4,35.35031847133758,mid,mid,2014-09-25,false
2021-01-18,30.33,37.5,37.492043284532144,mid,mid,2014-09-25,false
2021-01-19,30.12,36.4,36.38676844783715,mid,mid,2014-09-25,false
2021-01-20,30.44,37.9,37.8893833439288,mid,mid,2014-09-25,false
2021-01-21,30.83,39,39.00889453621347,mid,mid,2014-09-25,false
2021-01-22,30.76,38.6,38.60317460317461,mid,mid,2014-09-25,false
2021-01-25,30.5,37.9,37.944162436548226,mid,mid,2014-09-25,false
2021-01-26,29.97,35.9,35.89093214965124,mid,mid,2014-09-25,false
2021-01-27,29.99,36.1,36.05830164765526,mid,mid,2014-09-25,false
2021-01-28,29.3,34.1,34.07219759341355,mid,mid,2014-09-25,false
2021-01-29,28.9,33.1,33.10126582278481,mid,mid,2014-09-25,false
2021-02-01,29.15,33.6,33.586337760910816,mid,mid,2014-09-25,false
2021-02-02,29.51,34.6,34.639696586599236,mid,mid,2014-09-25,false
2021-02-03,29.02,33.2,33.22804801010739,mid,mid,2014-09-25,false
2021-02-04,28.44,32.1,32.07070707070707,mid,mid,2014-09-25,false
2021-02-05,27.88,30.7,30.725552050473187,mid,mid,2014-09-25,false
2021-02-08,28.08,31.3,31.33669609079445,mid,mid,2014-09-25,false
2021-02-09,28.86,33,33.018273471959674,mid,mid,2014-09-25,false
2021-02-10,29.07,33.6,33.6272040302267,mid,mid,2014-09-25,false
2021-02-11,29.08,33.7,33.668974197608556,mid,mid,2014-09-25,false
2021-02-12,29.08,33.7,33.71069182389937,mid,mid,2014-09-25,false
2021-02-15,29.08,33.8,33.75235700817096,mid,mid,2014-09-25,false
2021-02-16,29.08,33.8,33.79396984924623,mid,mid,2014-09-25,false
2021-02-17,29.08,33.8,33.83553044569994,mid,mid,2014-09-25,false
2021-02-18,29.46,35,35.006273525721454,mid,mid,2014-09-25,false
2021-02-19,29.99,36.7,36.739811912225704,mid,mid,2014-09-25,false
2021-02-22,29.98,36.6,36.59147869674185,mid,mid,2014-09-25,false
2021-02-23,29.81,35.9,35.94239198497182,mid,mid,2014-09-25,false
2021-02-24,29.51,35.1,35.1063829787234,mid,mid,2014-09-25,false
2021-02-25,29.35,34.7,34.709193245778614,mid,mid,2014-09-25,false
2021-02-26,28.97,33.1,33.125,mid,mid,2014-09-25,false
2021-03-01,29.75,35.7,35.727670206121175,mid,mid,2014-09-25,false
2021-03-02,29.67,35.5,35.51810237203495,mid,mid,2014-09-25,false
2021-03-03,30.06,37.2,37.18028696194635,mid,mid,2014-09-25,false
2021-03-04,29.47,35,34.97506234413965,mid,mid,2014-09-25,false
2021-03-05,29.55,35.3,35.26479750778816,mid,mid,2014-09-25,false
2021-03-08,28.91,32.9,32.87671232876712,mid,mid,2014-09-25,false
2021-03-09,27.93,30.4,30.429371499688862,mid,mid,2014-09-25,false
2021-03-10,27.75,30.2,30.161691542288555,mid,mid,2014-09-25,false
2021-03-11,28.39,31.7,31.696706028589183,mid,mid,2014-09-25,false
2021-03-12,28.41,31.9,31.863354037267083,mid,mid,2014-09-25,false
2021-03-15,28.16,31.2,31.160769708255742,mid,mid,2014-09-25,false
2021-03-16,28.4,31.8,31.76178660049628,mid,mid,2014-09-25,false
2021-03-17,28.58,32.4,32.36205827650341,mid,mid,2014-09-25,false
2021-03-18,28.74,32.8,32.83767038413878,mid,mid,2014-09-25,false
2021-03-19,28.55,32.1,32.136222910216716,mid,mid,2014-09-25,false
2021-03-22,29.03,33.5,33.53960396039604,mid,mid,2014-09-25,false
2021-03-23,28.71,32.8,32.83858998144712,mid,mid,2014-09-25,false
2021-03-24,28.28,31.3,31.334981458590853,mid,mid,2014-09-25,false
2021-03-25,28.23,31.3,31.315626930203827,mid,mid,2014-09-25,false
2021-03-26,28.76,33,33.0246913580247,mid,mid,2014-09-25,false
2021-03-29,28.89,33.3,33.312769895126465,mid,mid,2014-09-25,false
2021-03-30,28.84,33.1,33.10727496917386,mid,mid,2014-09-25,false
2021-03-31,28.79,33,33.02526186075169,mid,mid,2014-09-25,false
2021-04-01,28.98,33.7,33.743842364532014,mid,mid,2014-09-25,false
2021-04-02,29.09,34.5,34.46153846153846,mid,mid,2014-09-25,false
2021-04-05,29.09,34.5,34.50184501845018,mid,mid,2014-09-25,false
2021-04-06,29.34,35.5,35.464044253226795,mid,mid,2014-09-25,false
2021-04-07,29.34,35.5,35.5036855036855,mid,mid,2014-09-25,false
2021-04-08,29.27,35.1,35.05217925107428,mid,mid,2014-09-25,false
2021-04-09,29.21,34.9,34.9079754601227,mid,mid,2014-09-25,false
2021-04-12,28.55,32,32.00490496627836,mid,mid,2014-09-25,false
2021-04-13,28.38,31.4,31.372549019607842,mid,mid,2014-09-25,false
2021-04-14,28.77,32.9,32.94549908144519,mid,mid,2014-09-25,false
2021-04-15,28.68,32.6,32.55813953488372,mid,mid,2014-09-25,false
2021-04-16,28.96,33.6,33.63914373088685,mid,mid,2014-09-25,false
2021-04-19,29.44,36.1,36.063569682151595,mid,mid,2014-09-25,false
2021-04-20,29.39,36,35.98045204642639,mid,mid,2014-09-25,false
2021-04-21,29.43,36.1,36.08058608058608,mid,mid,2014-09-25,false
2021-04-22,29.53,36.5,36.48566198901769,mid,mid,2014-09-25,false
2021-04-23,29.4,36,35.97560975609756,mid,mid,2014-09-25,false
2021-04-26,29.33,35.5,35.527117611212674,mid,mid,2014-09-25,false
2021-04-27,29.18,34.8,34.774665042630936,mid,mid,2014-09-25,false
2021-04-28,29.32,35.5,35.54473524041388,mid,mid,2014-09-25,false
2021-04-29,29.12,34.5,34.54987834549878,mid,mid,2014-09-25,false
2021-04-30,29,33.7,33.67781155015198,mid,mid,2014-09-25,false
2021-05-03,29,33.7,33.71810449574726,mid,mid,2014-09-25,false
2021-05-04,29,33.8,33.75834851244687,mid,mid,2014-09-25,false
2021-05-05,29,33.8,33.79854368932039,mid,mid,2014-09-25,false
2021-05-06,24.86,20.7,20.739842328684052,low,mid,2014-09-25,false
2021-05-07,24.54,19.1,19.090909090909093,low,mid,2014-09-25,false
2021-05-10,24.61,19.7,19.745608721986674,low,mid,2014-09-25,false
2021-05-11,24.6,19.7,19.73365617433414,low,mid,2014-09-25,false
2021-05-12,24.87,21,20.992135511191773,low,low,2014-09-25,false
2021-05-13,24.65,20.1,20.072551390568318,low,low,2014-09-25,false
2021-05-14,25,21.7,21.691842900302113,low,low,2014-09-25,false
2021-05-17,25.07,22,22.04106280193237,low,low,2014-09-25,false
2021-05-18,25.14,22.4,22.389861194930596,low,low,2014-09-25,false
2021-05-19,25.14,22.4,22.43667068757539,low,low,2014-09-25,false
2021-05-20,25.12,22.2,22.24231464737794,low,low,2014-09-25,false
2021-05-21,25.09,22,22.048192771084338,low,low,2014-09-25,false
2021-05-24,25.28,23.1,23.11860325105358,low,low,2014-09-25,false
2021-05-25,25.56,24.2,24.187725631768952,low,low,2014-09-25,false
2021-05-26,25.66,24.7,24.65423932651834,low,low,2014-09-25,false
2021-05-27,25.83,25.7,25.661057692307693,low,low,2014-09-25,false
2021-05-28,25.7,24.9,24.864864864864867,low,low,2014-09-25,false
2021-05-31,26.16,27.1,27.13085234093637,low,low,2014-09-25,false
2021-06-01,26.31,27.5,27.474505098980206,low,low,2014-09-25,false
2021-06-02,25.9,25.8,25.839328537170264,low,low,2014-09-25,false
2021-06-03,25.81,25.6,25.584182144997,low,low,2014-09-25,false
2021-06-04,25.9,25.9,25.92814371257485,low,low,2014-09-25,false
2021-06-07,26.13,27.2,27.22920406941951,low,low,2014-09-25,false
2021-06-08,25.82,25.7,25.657894736842106,low,low,2014-09-25,false
2021-06-09,25.84,25.8,25.762104004781825,low,low,2014-09-25,false
2021-06-10,26.09,27.3,27.299880525686977,low,low,2014-09-25,false
2021-06-11,25.9,26,26.029850746268657,low,low,2014-09-25,false
2021-06-14,27.24,30.2,30.190930787589497,mid,low,2014-09-25,false
2021-06-15,27.11,30.1,30.05366726296959,mid,low,2014-09-25,false
2021-06-16,26.52,28.5,28.486293206197853,low,low,2014-09-25,false
2021-06-17,26.95,29.5,29.541393686718287,low,low,2014-09-25,false
2021-06-18,27.18,30.2,30.178571428571427,mid,low,2014-09-25,false
2021-06-21,27.57,30.6,30.636525877453895,mid,low,2014-09-25,false
2021-06-22,27.71,30.7,30.737217598097505,mid,low,2014-09-25,false
2021-06-23,27.89,31.1,31.075460487225193,mid,low,2014-09-25,false
2021-06-24,27.64,30.6,30.641330166270787,mid,low,2014-09-25,false
2021-06-25,27.75,30.9,30.91988130563798,mid,low,2014-09-25,false
2021-06-28,27.98,31.4,31.435349940688017,mid,low,2014-09-25,false
2021-06-29,27.76,30.9,30.94250148192057,mid,low,2014-09-25,false
2021-06-30,28.02,31.6,31.635071090047397,mid,low,2014-09-25,false
2021-07-01,27.56,30.5,30.49141503848431,mid,low,2014-09-25,false
2021-07-02,27.26,30.3,30.295857988165682,mid,low,2014-09-25,false
2021-07-05,27.61,30.6,30.632761679479596,mid,low,2014-09-25,false
2021-07-06,27.47,30.4,30.37825059101655,mid,low,2014-09-25,false
2021-07-07,27.92,31.4,31.423508564678087,mid,low,2014-09-25,false
2021-07-08,27.91,31.4,31.40495867768595,mid,low,2014-09-25,false
2021-07-09,28.07,32.2,32.15339233038348,mid,low,2014-09-25,false
2021-07-12,28.57,33.7,33.72641509433962,mid,low,2014-09-25,false
2021-07-13,28.76,34.6,34.59045374189746,mid,low,2014-09-25,false
2021-07-14,28.45,33.4,33.39222614840989,mid,low,2014-09-25,false
2021-07-15,28.46,33.4,33.431430253090056,mid,low,2014-09-25,false
2021-07-16,28.35,32.8,32.82352941176471,mid,low,2014-09-25,false
2021-07-19,28.28,32.7,32.68665490887713,mid,low,2014-09-25,false
2021-07-20,28.44,33.4,33.431257344300825,mid,low,2014-09-25,false
2021-07-21,28.98,35.7,35.7017028772754,mid,low,2014-09-25,false
2021-07-22,29.15,37,36.971830985915496,mid,low,2014-09-25,false
2021-07-23,28.87,35.1,35.131964809384165,mid,low,2014-09-25,false
2021-07-26,28.49,33.6,33.64595545134818,mid,low,2014-09-25,false
2021-07-27,27.73,30.6,30.638547158758055,mid,low,2014-09-25,false
2021-07-28,27.22,29.8,29.80093676814988,low,low,2014-09-25,false
2021-07-29,28.22,32.5,32.475131655939144,mid,low,2014-09-25,false
2021-07-30,28.42,33.4,33.39181286549708,mid,low,2014-09-25,false
2021-08-02,28.95,35.7,35.65166569257744,mid,low,2014-09-25,false
2021-08-03,28.6,34.3,34.28738317757009,mid,low,2014-09-25,false
2021-08-04,29.24,37.7,37.71161704611792,mid,low,2014-09-25,false
2021-08-05,29.14,37.1,37.10618436406068,mid,low,2014-09-25,false
2021-08-06,29.23,37.7,37.72594752186589,mid,low,2014-09-25,false
2021-08-09,29.38,38.7,38.6946386946387,mid,low,2014-09-25,false
2021-08-10,29.58,39.5,39.48747815958066,mid,mid,2014-09-25,false
2021-08-11,29.76,40.1,40.10477299185099,mid,mid,2014-09-25,false
2021-08-12,29.91,40.7,40.66317626527051,mid,mid,2014-09-25,false
2021-08-13,29.84,40.4,40.406976744186046,mid,mid,2014-09-25,false
2021-08-16,29.63,39.6,39.57001743172574,mid,mid,2014-09-25,false
2021-08-17,28.83,35,34.959349593495936,mid,mid,2014-09-25,false
2021-08-18,28.99,35.9,35.86767266395821,mid,mid,2014-09-25,false
2021-08-19,29.23,37.7,37.7030162412993,mid,mid,2014-09-25,false
2021-08-20,29.17,37.3,37.27536231884058,mid,mid,2014-09-25,false
2021-08-23,29.9,40.8,40.84588644264195,mid,mid,2014-09-25,false
2021-08-24,30.14,42,42.038216560509554,mid,mid,2014-09-25,false
2021-08-25,30.39,43,42.99768518518518,mid,mid,2014-09-25,false
2021-08-26,30,41.5,41.469057258530945,mid,mid,2014-09-25,false
2021-08-27,30.04,41.6,41.61849710982659,mid,mid,2014-09-25,false
2021-08-30,30.21,42.5,42.51877527440786,mid,mid,2014-09-25,false
2021-08-31,30.18,42.4,42.37875288683603,mid,mid,2014-09-25,false
2021-09-01,29.21,37.4,37.44950952106174,mid,mid,2014-09-25,false
2021-09-02,29.52,39.2,39.21568627450981,mid,mid,2014-09-25,false
2021-09-03,29.26,37.7,37.694524495677236,mid,mid,2014-09-25,false
2021-09-06,29.66,39.8,39.80414746543779,mid,mid,2014-09-25,false
2021-09-07,30.19,42.5,42.544617156016116,mid,mid,2014-09-25,false
2021-09-08,30.2,42.6,42.635212888377445,mid,mid,2014-09-25,false
2021-09-09,30.24,42.8,42.840713053479014,mid,mid,2014-09-25,false
2021-09-10,30.35,43.3,43.275862068965516,mid,mid,2014-09-25,false
2021-09-13,30.54,43.9,43.94026421596784,mid,mid,2014-09-25,false
2021-09-14,30.4,43.5,43.455797933409876,mid,mid,2014-09-25,false
2021-09-15,30.61,44.1,44.11933448078027,mid,mid,2014-09-25,false
2021-09-16,29.81,40.4,40.36697247706422,mid,mid,2014-09-25,false
2021-09-17,29.72,39.8,39.82808022922636,mid,mid,2014-09-25,false
2021-09-20,29.72,39.9,39.86254295532646,mid,mid,2014-09-25,false
2021-09-21,29.72,39.9,39.89696622781912,mid,mid,2014-09-25,false
2021-09-22,29.92,41,40.96109839816934,mid,mid,2014-09-25,false
2021-09-23,30.05,41.7,41.73813607775872,mid,mid,2014-09-25,false
2021-09-24,29.66,39.5,39.54285714285714,mid,mid,2014-09-25,false
2021-09-27,28.83,34.4,34.43746430611079,mid,mid,2014-09-25,false
2021-09-28,28.86,34.6,34.58904109589041,mid,mid,2014-09-25,false
2021-09-29,27.76,30.2,30.17683970336566,mid,mid,2014-09-25,false
2021-09-30,28.55,33.2,33.181299885974916,mid,mid,2014-09-25,false
2021-10-01,28.55,33.2,33.219373219373225,mid,mid,2014-09-25,false
2021-10-04,28.55,33.3,33.25740318906606,mid,mid,2014-09-25,false
2021-10-05,28.55,33.3,33.29538986909505,mid,mid,2014-09-25,false
2021-10-06,28.55,33.3,33.33333333333333,mid,mid,2014-09-25,false
2021-10-07,28.55,33.4,33.37123365548607,mid,mid,2014-09-25,false
2021-10-08,28.56,33.4,33.409090909090914,mid,mid,2014-09-25,false
2021-10-11,28.45,32.7,32.70868824531516,mid,mid,2014-09-25,false
2021-10-12,27.83,30.2,30.192962542565265,mid,mid,2014-09-25,false
2021-10-13,28.12,31.3,31.310266591038005,mid,mid,2014-09-25,false
2021-10-14,28.32,32,31.97278911564626,mid,mid,2014-09-25,false
2021-10-15,28.36,32.1,32.124645892351275,mid,mid,2014-09-25,false
2021-10-18,28.64,34.1,34.08833522083805,mid,mid,2014-09-25,false
2021-10-19,28.93,35.5,35.483870967741936,mid,mid,2014-09-25,false
2021-10-20,28.96,35.7,35.69004524886878,mid,mid,2014-09-25,false
2021-10-21,28.88,35.2,35.2176370830978,mid,mid,2014-09-25,false
2021-10-22,28.66,34.1,34.12429378531073,mid,mid,2014-09-25,false
2021-10-25,29.04,36.6,36.58949745906268,mid,mid,2014-09-25,false
2021-10-26,28.97,35.9,35.89164785553047,mid,mid,2014-09-25,false
2021-10-27,28.69,34.3,34.292160180485055,mid,mid,2014-09-25,false
2021-10-28,28.08,31.1,31.0597519729425,mid,mid,2014-09-25,false
2021-10-29,28.49,33,33.01408450704225,mid,mid,2014-09-25,false
2021-11-01,27.75,29.7,29.72972972972973,low,mid,2014-09-25,false
2021-11-02,27.42,28.9,28.9251547552054,low,mid,2014-09-25,false
2021-11-03,27.47,29.1,29.07761529808774,low,mid,2014-09-25,false
2021-11-04,27.84,30.1,30.129286115795388,mid,mid,2014-09-25,false
2021-11-05,27.46,28.9,28.932584269662918,low,mid,2014-09-25,false
2021-11-08,27.53,29.3,29.253228523301516,low,mid,2014-09-25,false
2021-11-09,27.93,30.6,30.58361391694725,mid,mid,2014-09-25,false
2021-11-10,27.91,30.5,30.45429052159282,mid,mid,2014-09-25,false
2021-11-11,28.13,31.6,31.55829596412556,mid,mid,2014-09-25,false
2021-11-12,28.5,33.4,33.389355742296914,mid,mid,2014-09-25,false
2021-11-15,28.4,32.6,32.6427771556551,mid,mid,2014-09-25,false
2021-11-16,28.11,31.4,31.393396754336877,mid,mid,2014-09-25,false
2021-11-17,28.58,34.3,34.2841163310962,mid,mid,2014-09-25,false
2021-11-18,28.58,34.3,34.320849636668534,mid,mid,2014-09-25,false
2021-11-19,28.91,36.1,36.089385474860336,mid,mid,2014-09-25,false
2021-11-22,29.44,40,39.977666108319376,mid,mid,2014-09-25,false
2021-11-23,29.43,39.9,39.89955357142857,mid,mid,2014-09-25,false
2021-11-24,29.43,39.9,39.93307306190742,mid,mid,2014-09-25,false
2021-11-25,29.36,39.5,39.520624303233,mid,mid,2014-09-25,false
2021-11-26,29.44,40.1,40.11142061281337,mid,mid,2014-09-25,false
2021-11-29,29.67,41.1,41.14699331848553,mid,mid,2014-09-25,false
2021-11-30,29.86,42.2,42.18141346688926,mid,mid,2014-09-25,false
2021-12-01,29.86,42.2,42.21357063403782,mid,mid,2014-09-25,false
2021-12-02,29.56,40.6,40.5780989438577,mid,mid,2014-09-25,false
2021-12-03,29.74,41.5,41.5,mid,mid,2014-09-25,false
2021-12-06,29.32,39,39.03387007218212,mid,mid,2014-09-25,false
2021-12-07,28.88,35.6,35.62708102108768,mid,mid,2014-09-25,false
2021-12-08,29.39,39.7,39.6561286744315,mid,mid,2014-09-25,false
2021-12-09,29.44,40.1,40.133037694013304,mid,mid,2014-09-25,false
2021-12-10,29.51,40.4,40.443213296398895,mid,mid,2014-09-25,false
2021-12-13,28.86,35.4,35.38205980066445,mid,mid,2014-09-25,false
2021-12-14,28.85,35.3,35.25179856115108,mid,mid,2014-09-25,false
2021-12-15,28.76,34.9,34.900442477876105,mid,mid,2014-09-25,false
2021-12-16,28.94,36,36.04201216141515,mid,mid,2014-09-25,false
2021-12-17,28.52,33.1,33.0939226519337,mid,mid,2014-09-25,false
2021-12-20,28.04,30.6,30.59083379348426,mid,mid,2014-09-25,false
2021-12-21,28.34,31.9,31.898454746136867,mid,mid,2014-09-25,false
2021-12-22,28.6,34.2,34.19746276889134,mid,mid,2014-09-25,false
2021-12-23,28.62,34.2,34.23373759647188,mid,mid,2014-09-25,false
2021-12-24,28.09,30.9,30.909090909090907,mid,mid,2014-09-25,false
2021-12-27,28.1,30.9,30.947136563876654,mid,mid,2014-09-25,false
2021-12-28,28.38,32.2,32.19592735277931,mid,mid,2014-09-25,false
2021-12-29,28.35,32,32.01320132013201,mid,mid,2014-09-25,false
2021-12-30,28.6,34.4,34.35953820780649,mid,mid,2014-09-25,false
2021-12-31,28.88,36,36.043956043956044,mid,mid,2014-09-25,false
2022-01-03,28.88,36.1,36.07907742998353,mid,mid,2014-09-25,false
2022-01-04,28.78,35.3,35.29088913282107,mid,mid,2014-09-25,false
2022-01-05,28.07,30.7,30.663741086121775,mid,mid,2014-09-25,false
2022-01-06,28.3,31.7,31.743421052631575,mid,mid,2014-09-25,false
2022-01-07,27.77,29.3,29.315068493150687,low,mid,2014-09-25,false
2022-01-10,27.98,30.2,30.17524644030668,mid,mid,2014-09-25,false
2022-01-11,27.66,28.8,28.790366721401206,low,mid,2014-09-25,false
2022-01-12,28.12,31.2,31.181619256017505,mid,mid,2014-09-25,false
2022-01-13,27.64,28.8,28.75888463641334,low,mid,2014-09-25,false
2022-01-14,27.76,29.3,29.34426229508197,low,mid,2014-09-25,false
2022-01-17,28.18,31.5,31.512834516657563,mid,mid,2014-09-25,false
2022-01-18,28.03,30.5,30.513100436681224,mid,mid,2014-09-25,false
2022-01-19,27.71,28.9,28.914348063284233,low,mid,2014-09-25,false
2022-01-20,27.1,27.5,27.480916030534353,low,mid,2014-09-25,false
2022-01-21,26.71,26.6,26.59400544959128,low,mid,2014-09-25,false
2022-01-24,26.84,26.9,26.906318082788673,low,mid,2014-09-25,false
2022-01-25,25.84,23.5,23.51660315732172,low,mid,2014-09-25,false
2022-01-26,26.01,24.6,24.646354733405875,low,mid,2014-09-25,false
2022-01-27,25.28,20.9,20.935290918977707,low,mid,2014-09-25,false
2022-01-28,25.31,21,21.032608695652176,low,mid,2014-09-25,false
2022-01-31,25.31,21.1,21.07550244432374,low,low,2014-09-25,false
2022-02-01,25.31,21.1,21.118349619978286,low,low,2014-09-25,false
2022-02-02,25.31,21.2,21.161150298426477,low,low,2014-09-25,false
2022-02-03,25.31,21.2,21.203904555314534,low,low,2014-09-25,false
2022-02-04,25.31,21.2,21.246612466124663,low,low,2014-09-25,false
2022-02-07,25.65,22.6,22.58938244853738,low,low,2014-09-25,false
2022-02-08,25.7,22.9,22.9020032485111,low,low,2014-09-25,false
2022-02-09,26.13,25.5,25.487012987012985,low,low,2014-09-25,false
2022-02-10,25.99,24.8,24.82422931314224,low,low,2014-09-25,false
2022-02-11,25.48,21.8,21.83783783783784,low,low,2014-09-25,false
2022-02-14,25.38,21.4,21.44786601836845,low,low,2014-09-25,false
2022-02-15,25.81,23.7,23.704103671706264,low,low,2014-09-25,false
2022-02-16,26.03,25.3,25.310307609282244,low,low,2014-09-25,false
2022-02-17,26.17,25.8,25.782092772384036,low,low,2014-09-25,false
2022-02-18,26.27,26,26.037735849056602,low,low,2014-09-25,false
2022-02-21,26.52,26.8,26.83189655172414,low,low,2014-09-25,false
2022-02-22,26.3,26.1,26.11739364566505,low,low,2014-09-25,false
2022-02-23,26.89,27.8,27.82561894510226,low,low,2014-09-25,false
2022-02-24,26.31,26.2,26.196880043033886,low,low,2014-09-25,false
2022-02-25,26.6,27,27.043010752688172,low,low,2014-09-25,false
2022-02-28,26.79,27.8,27.780763030628698,low,low,2014-09-25,false
2022-03-01,26.81,27.8,27.819548872180448,low,low,2014-09-25,false
2022-03-02,26.74,27.5,27.536231884057973,low,low,2014-09-25,false
2022-03-03,26.5,26.7,26.716738197424895,low,low,2014-09-25,false
2022-03-04,26.15,25.6,25.576407506702413,low,low,2014-09-25,false
2022-03-07,25.6,22.1,22.132904608788852,low,low,2014-09-25,false
2022-03-08,24.78,18.3,18.318157471880024,low,low,2014-09-25,false
2022-03-09,24.49,16.8,16.809421841541756,low,low,2014-09-25,false
2022-03-10,25.05,19.6,19.58266452648475,low,low,2014-09-25,false
2022-03-11,25.18,20.3,20.32085561497326,low,low,2014-09-25,false
2022-03-14,24.5,16.8,16.835916622127208,low,low,2014-09-25,false
2022-03-15,23.29,11.4,11.431623931623932,low,low,2014-09-25,false
2022-03-16,24.03,14.9,14.949279231179927,low,low,2014-09-25,false
2022-03-17,24.51,17,17.022411953041622,low,low,2014-09-25,false
2022-03-18,24.73,18.3,18.293333333333333,low,low,2014-09-25,false
2022-03-21,25,19.6,19.56289978678038,low,low,2014-09-25,false
2022-03-22,24.88,19.1,19.072988811933936,low,low,2014-09-25,false
2022-03-23,25.05,19.9,19.914802981895633,low,low,2014-09-25,false
2022-03-24,24.82,18.6,18.573709419904205,low,low,2014-09-25,false
2022-03-25,24.53,17,17.02127659574468,low,low,2014-09-25,false
2022-03-28,24.34,16.2,16.161616161616163,low,low,2014-09-25,false
2022-03-29,24.21,15.6,15.568544102019127,low,low,2014-09-25,false
2022-03-30,24.7,18.4,18.374933616569304,low,low,2014-09-25,false
2022-03-31,24.39,16.6,16.560509554140125,low,low,2014-09-25,false
2022-04-01,24.4,16.7,16.657824933687003,low,low,2014-09-25,false
2022-04-04,24.4,16.7,16.702014846235418,low,low,2014-09-25,false
2022-04-05,24.4,16.7,16.74615792262851,low,low,2014-09-25,false
2022-04-06,24.38,16.4,16.41949152542373,low,low,2014-09-25,false
2022-04-07,23.9,14.3,14.346214928533616,low,low,2014-09-25,false
2022-04-08,23.77,13.7,13.65079365079365,low,low,2014-09-25,false
2022-04-11,22.91,8.4,8.355367530407191,low,low,2014-09-25,false
2022-04-12,23.2,10.6,10.62367864693446,low,low,2014-09-25,false
2022-04-13,22.76,8.1,8.082408874801903,low,low,2014-09-25,false
2022-04-14,23,8.9,8.922914466737064,low,low,2014-09-25,false
2022-04-15,22.72,8,7.968337730870713,low,low,2014-09-25,false
2022-04-18,22.9,8.4,8.438818565400844,low,low,2014-09-25,false
2022-04-19,22.97,8.8,8.75065893516078,low,low,2014-09-25,false
2022-04-20,22.58,7.9,7.903055848261328,low,low,2014-09-25,false
2022-04-21,21.68,6.7,6.687730384412848,low,low,2014-09-25,false
2022-04-22,21.4,6.2,6.210526315789474,low,low,2014-09-25,false
2022-04-25,19.76,3.1,3.051025775907417,low,low,2014-09-25,false
2022-04-26,19.17,2,1.9978969505783386,low,low,2014-09-25,false
2022-04-27,20.09,4,4.046242774566474,low,low,2014-09-25,false
2022-04-28,19.89,3.3,3.308823529411765,low,low,2014-09-25,false
2022-04-29,20.72,5.3,5.301837270341207,low,low,2014-09-25,false
2022-05-02,20.72,5.4,5.351521511017839,low,low,2014-09-25,false
2022-05-03,20.72,5.4,5.40115364446775,low,low,2014-09-25,false
2022-05-04,20.72,5.5,5.450733752620545,low,low,2014-09-25,false
2022-05-05,20.83,5.7,5.70979570455736,low,low,2014-09-25,false
2022-05-06,20.5,5.1,5.0785340314136125,low,low,2014-09-25,false
2022-05-09,20.77,5.7,5.651491365777081,low,low,2014-09-25,false
2022-05-10,21.16,6.5,6.485355648535565,low,low,2014-09-25,false
2022-05-11,21.31,6.7,6.69106116048092,low,low,2014-09-25,false
2022-05-12,21.42,6.9,6.948798328108673,low,low,2014-09-25,false
2022-05-13,21.56,7,7.049608355091384,low,low,2014-09-25,false
2022-05-16,21.59,7.2,7.150313152400835,low,low,2014-09-25,false
2022-05-17,21.65,7.4,7.355242566510173,low,low,2014-09-25,false
2022-05-18,21.64,7.4,7.351407716371219,low,low,2014-09-25,false
2022-05-19,21.81,7.8,7.816571130797289,low,low,2014-09-25,false
2022-05-20,22.04,8.2,8.177083333333334,low,low,2014-09-25,false
2022-05-23,22.27,8.5,8.537220197813639,low,low,2014-09-25,false
2022-05-24,21.38,6.8,6.763787721123829,low,low,2014-09-25,false
2022-05-25,21.72,7.7,7.696307852314092,low,low,2014-09-25,false
2022-05-26,21.81,8,7.952182952182953,low,low,2014-09-25,false
2022-05-27,21.76,7.8,7.844155844155844,low,low,2014-09-25,false
2022-05-30,21.93,8.2,8.203530633437175,low,low,2014-09-25,false
2022-05-31,22.14,8.7,8.66632070576025,low,low,2014-09-25,false
2022-06-01,22.18,8.8,8.817427385892117,low,low,2014-09-25,false
2022-06-02,22.41,9.1,9.123898392949716,low,low,2014-09-25,false
2022-06-03,22.41,9.2,9.170984455958548,low,low,2014-09-25,false
2022-06-06,22.94,10.3,10.253754531330916,low,low,2014-09-25,false
2022-06-07,22.89,9.9,9.937888198757763,low,low,2014-09-25,false
2022-06-08,22.89,10,9.984480082772892,low,low,2014-09-25,false
2022-06-09,22.48,9.3,9.255429162357807,low,low,2014-09-25,false
2022-06-10,22.95,10.5,10.49095607235142,low,low,2014-09-25,false
2022-06-13,22.43,9.2,9.24586776859504,low,low,2014-09-25,false
2022-06-14,22.4,9,9.034589571502323,low,low,2014-09-25,false
2022-06-15,22.32,8.9,8.926728586171311,low,low,2014-09-25,false
2022-06-16,22.32,9,8.973697782362041,low,low,2014-09-25,false
2022-06-17,22.55,9.6,9.587628865979383,low,low,2014-09-25,false
2022-06-20,22.79,10.1,10.097887686759401,low,low,2014-09-25,false
2022-06-21,22.51,9.5,9.52626158599382,low,low,2014-09-25,false
2022-06-22,22.21,8.8,8.800823468862584,low,low,2014-09-25,false
2022-06-23,22.69,9.9,9.876543209876543,low,low,2014-09-25,false
2022-06-24,22.98,11.1,11.105398457583547,low,low,2014-09-25,false
2022-06-27,23.21,13.3,13.257965056526208,low,low,2014-09-25,false
2022-06-28,23.41,14.3,14.329738058551616,low,low,2014-09-25,false
2022-06-29,22.82,10.3,10.318275154004107,low,low,2014-09-25,false
2022-06-30,23.13,12.3,12.262698819907646,low,low,2014-09-25,false
2022-07-01,23.13,12.3,12.307692307692308,low,low,2014-09-25,false
2022-07-04,23.39,14.4,14.402870322911326,low,low,2014-09-25,false
2022-07-05,23.26,13.9,13.883196721311474,low,low,2014-09-25,false
2022-07-06,22.99,11.2,11.213517665130567,low,low,2014-09-25,false
2022-07-07,23.23,13.8,13.766632548618219,low,low,2014-09-25,false
2022-07-08,23.09,12,11.9693094629156,low,low,2014-09-25,false
2022-07-11,22.75,10,10.020449897750511,low,low,2014-09-25,false
2022-07-12,22.39,9,9.04445579969341,low,low,2014-09-25,false
2022-07-13,22.56,9.7,9.703779366700715,low,low,2014-09-25,false
2022-07-14,22.84,10.5,10.464522715671261,low,low,2014-09-25,false
2022-07-15,22.63,9.8,9.846938775510203,low,low,2014-09-25,false
2022-07-18,22.96,11.2,11.167771545130035,low,low,2014-09-25,false
2022-07-19,23.11,12.4,12.436289500509684,low,low,2014-09-25,false
2022-07-20,23.45,15.2,15.2317880794702,low,low,2014-09-25,false
2022-07-21,23.33,14.8,14.816700610997962,low,low,2014-09-25,false
2022-07-22,23.19,13.4,13.435114503816795,low,low,2014-09-25,false
2022-07-25,22.94,11,11.037639877924722,low,low,2014-09-25,false
2022-07-26,23.19,13.5,13.523131672597867,low,low,2014-09-25,false
2022-07-27,23.44,15.3,15.294715447154472,low,low,2014-09-25,false
2022-07-28,23.59,16.2,16.15033011681056,low,low,2014-09-25,false
2022-07-29,23.48,15.6,15.634517766497463,low,low,2014-09-25,false
2022-08-01,23.68,16.6,16.641298833079652,low,low,2014-09-25,false
2022-08-02,22.96,11.2,11.206896551724139,low,low,2014-09-25,false
2022-08-03,22.8,10.3,10.339584389254941,low,low,2014-09-25,false
2022-08-04,22.92,10.8,10.840932117527863,low,low,2014-09-25,false
2022-08-05,23.32,14.9,14.936708860759493,low,low,2014-09-25,false
2022-08-08,23.6,16.5,16.497975708502025,low,low,2014-09-25,false
2022-08-09,23.7,16.9,16.944865958523014,low,low,2014-09-25,false
2022-08-10,23.71,17,17.03741152679474,low,low,2014-09-25,false
2022-08-11,23.96,18.4,18.39312784234462,low,low,2014-09-25,false
2022-08-12,23.75,17.1,17.07070707070707,low,low,2014-09-25,false
2022-08-15,23.92,18.3,18.324078748107016,low,low,2014-09-25,false
2022-08-16,24.07,19,18.970736629667005,low,low,2014-09-25,false
2022-08-17,24.11,19.1,19.112455874936966,low,low,2014-09-25,false
2022-08-18,24.18,19.5,19.45564516129032,low,low,2014-09-25,false
2022-08-19,23.81,17.8,17.78337531486146,low,low,2014-09-25,false
2022-08-22,23.98,18.5,18.52970795568983,low,low,2014-09-25,false
2022-08-23,24.02,18.8,18.822345244086563,low,low,2014-09-25,false
2022-08-24,23.17,13.3,13.329979879275655,low,low,2014-09-25,false
2022-08-25,23.13,12.8,12.770236299648063,low,low,2014-09-25,false
2022-08-26,23,11.7,11.708542713567839,low,low,2014-09-25,false
2022-08-29,23.13,12.9,12.857860371672528,low,low,2014-09-25,false
2022-08-30,22.96,11.2,11.244979919678714,low,low,2014-09-25,false
2022-08-31,22.23,8.6,8.63020572002007,low,low,2014-09-25,false
2022-09-01,22.64,9.8,9.779338014042125,low,low,2014-09-25,false
2022-09-02,22.81,10.4,10.426065162907268,low,low,2014-09-25,false
2022-09-05,22.89,10.7,10.721442885771543,low,low,2014-09-25,false
2022-09-06,23.33,15.4,15.42313470205308,low,low,2014-09-25,false
2022-09-07,23.5,16.4,16.366366366366368,low,low,2014-09-25,false
2022-09-08,23.29,15,15.007503751875939,low,low,2014-09-25,false
2022-09-09,23.34,15.5,15.5,low,low,2014-09-25,false
2022-09-12,23.34,15.5,15.542228885557222,low,low,2014-09-25,false
2022-09-13,23.31,15.2,15.234765234765234,low,low,2014-09-25,false
2022-09-14,23.06,12.3,12.281577633549675,low,low,2014-09-25,false
2022-09-15,22.35,8.9,8.882235528942116,low,low,2014-09-25,false
2022-09-16,21.89,7.8,7.830423940149626,low,low,2014-09-25,false
2022-09-19,21.62,7,7.028913260219342,low,low,2014-09-25,false
2022-09-20,21.89,7.9,7.922272047832586,low,low,2014-09-25,false
2022-09-21,21.85,7.9,7.868525896414343,low,low,2014-09-25,false
2022-09-22,21.87,7.9,7.914385266301642,low,low,2014-09-25,false
2022-09-23,21.45,6.7,6.7164179104477615,low,low,2014-09-25,false
2022-09-26,21.21,6.3,6.26553953257086,low,low,2014-09-25,false
2022-09-27,21.61,7.1,7.107355864811134,low,low,2014-09-25,false
2022-09-28,20.96,5.9,5.861897665176354,low,low,2014-09-25,false
2022-09-29,21.06,6,6.007944389275075,low,low,2014-09-25,false
2022-09-30,20.69,5.1,5.062034739454094,low,low,2014-09-25,false
2022-10-03,20.69,5.1,5.109126984126984,low,low,2014-09-25,false
2022-10-04,20.69,5.2,5.1561725334655435,low,low,2014-09-25,false
2022-10-05,20.69,5.2,5.2031714568880085,low,low,2014-09-25,false
2022-10-06,20.69,5.3,5.250123823675087,low,low,2014-09-25,false
2022-10-07,20.69,5.3,5.297029702970297,low,low,2014-09-25,false
2022-10-10,20.21,4.2,4.205838693715982,low,low,2014-09-25,false
2022-10-11,20.31,4.5,4.451038575667656,low,low,2014-09-25,false
2022-10-12,20.89,6.1,6.129510627780524,low,low,2014-09-25,false
2022-10-13,21.07,6.5,6.521739130434782,low,low,2014-09-25,false
2022-10-14,21.6,7.6,7.604938271604938,low,low,2014-09-25,false
2022-10-17,21.8,8.4,8.390918065153011,low,low,2014-09-25,false
2022-10-18,21.92,8.9,8.880118401578688,low,low,2014-09-25,false
2022-10-19,21.77,8.3,8.333333333333332,low,low,2014-09-25,false
2022-10-20,21.65,7.9,7.9349433218334156,low,low,2014-09-25,false
2022-10-21,21.67,8.1,8.078817733990148,low,low,2014-09-25,false
2022-10-24,21.51,7.4,7.385524372230429,low,low,2014-09-25,false
2022-10-25,21.44,7.3,7.283464566929133,low,low,2014-09-25,false
2022-10-26,21.88,9,8.95228726020659,low,low,2014-09-25,false
2022-10-27,21.73,8.4,8.357915437561456,low,low,2014-09-25,false
2022-10-28,21,6.3,6.339066339066339,low,low,2014-09-25,false
2022-10-31,21.16,6.8,6.777996070726916,low,low,2014-09-25,false
2022-11-01,21.71,8.4,8.394698085419734,low,low,2014-09-25,false
2022-11-02,22.02,9.5,9.519136408243375,low,low,2014-09-25,false
2022-11-03,22.19,10.1,10.053948013732223,low,low,2014-09-25,false
2022-11-04,22.66,11.4,11.42156862745098,low,low,2014-09-25,false
2022-11-07,22.65,11.4,11.366976972072514,low,low,2014-09-25,false
2022-11-08,22.57,11.2,11.214495592556318,low,low,2014-09-25,false
2022-11-09,22.51,11,11.013215859030836,low,low,2014-09-25,false
2022-11-10,22.24,10.2,10.176125244618394,low,low,2014-09-25,false
2022-11-11,22.36,10.5,10.513447432762836,low,low,2014-09-25,false
2022-11-14,22.18,10,10.019550342130987,low,low,2014-09-25,false
2022-11-15,22.69,11.8,11.7733268197362,low,low,2014-09-25,false
2022-11-16,22.51,11.2,11.181640625,low,low,2014-09-25,false
2022-11-17,22.51,11.2,11.224987798926305,low,low,2014-09-25,false
2022-11-18,22.35,10.5,10.536585365853659,low,low,2014-09-25,false
2022-11-21,22.49,11.1,11.116528522671867,low,low,2014-09-25,false
2022-11-22,22.14,9.8,9.844054580896685,low,low,2014-09-25,false
2022-11-23,22.1,9.7,9.74184120798831,low,low,2014-09-25,false
2022-11-24,22.18,10.1,10.126582278481013,low,low,2014-09-25,false
2022-11-25,21.91,9.2,9.245742092457421,low,low,2014-09-25,false
2022-11-28,21.86,9,8.998054474708171,low,low,2014-09-25,false
2022-11-29,22.18,10.3,10.257656781720954,low,low,2014-09-25,false
2022-11-30,22.18,10.3,10.301263362487852,low,low,2014-09-25,false
2022-12-01,22.41,11.2,11.219038368139874,low,low,2014-09-25,false
2022-12-02,22.47,11.4,11.359223300970873,low,low,2014-09-25,false
2022-12-05,22.57,12,11.984473556525959,low,low,2014-09-25,false
2022-12-06,22.55,11.8,11.833171677982541,low,low,2014-09-25,false
2022-12-07,22.56,11.9,11.924381968007754,low,low,2014-09-25,false
2022-12-08,22.42,11.3,11.28875968992248,low,low,2014-09-25,false
2022-12-09,22.47,11.4,11.428571428571429,low,low,2014-09-25,false
2022-12-12,22.38,10.9,10.890609874152952,low,low,2014-09-25,false
2022-12-13,22.17,10,10.014513788098693,low,low,2014-09-25,false
2022-12-14,22.09,9.7,9.71953578336557,low,low,2014-09-25,false
2022-12-15,22.14,10,10.00483325277912,low,low,2014-09-25,false
2022-12-16,21.89,9.2,9.178743961352657,low,low,2014-09-25,false
2022-12-19,21.45,7.3,7.339449541284404,low,low,2014-09-25,false
2022-12-20,21.31,6.9,6.94980694980695,low,low,2014-09-25,false
2022-12-21,21.13,6.6,6.608779546550893,low,low,2014-09-25,false
2022-12-22,20.78,5.6,5.6412729026036645,low,low,2014-09-25,false
2022-12-23,20.68,5,5.012048192771084,low,low,2014-09-25,false
2022-12-26,21.07,6.6,6.551059730250482,low,low,2014-09-25,false
2022-12-27,21.26,7,7.029369282619162,low,low,2014-09-25,false
2022-12-28,21.07,6.6,6.592877767083734,low,low,2014-09-25,false
2022-12-29,21.05,6.4,6.397306397306397,low,low,2014-09-25,false
2022-12-30,21.11,6.7,6.730769230769231,low,low,2014-09-25,false
2023-01-02,21.11,6.8,6.775588659298415,low,low,2014-09-25,false
2023-01-03,21.57,8,7.973102785782901,low,low,2014-09-25,false
2023-01-04,21.55,7.9,7.921267402784446,low,low,2014-09-25,false
2023-01-05,21.78,9.2,9.165067178502879,low,low,2014-09-25,false
2023-01-06,21.85,9.5,9.544364508393285,low,low,2014-09-25,false
2023-01-09,21.97,10.1,10.115052732502397,low,low,2014-09-25,false
2023-01-10,21.98,10.2,10.158121705797797,low,low,2014-09-25,false
2023-01-11,21.81,9.4,9.386973180076629,low,low,2014-09-25,false
2023-01-12,21.82,9.5,9.478219243657254,low,low,2014-09-25,false
2023-01-13,21.92,10.1,10.095693779904307,low,low,2014-09-25,false
2023-01-16,22.17,11,11.047345767575322,low,low,2014-09-25,false
2023-01-17,22.19,11.4,11.424474187380497,low,low,2014-09-25,false
2023-01-18,22.23,11.6,11.562350692785476,low,low,2014-09-25,false
2023-01-19,22.43,12.6,12.559694364851959,low,low,2014-09-25,false
2023-01-20,22.63,13.5,13.508353221957039,low,low,2014-09-25,false
2023-01-23,22.63,13.5,13.549618320610687,low,low,2014-09-25,false
2023-01-24,22.63,13.6,13.590844062947067,low,low,2014-09-25,false
2023-01-25,22.63,13.6,13.63203050524309,low,low,2014-09-25,false
2023-01-26,22.63,13.7,13.673177703668413,low,low,2014-09-25,false
2023-01-27,22.63,13.7,13.714285714285715,low,low,2014-09-25,false
2023-01-30,22.8,14.5,14.469300333174678,low,low,2014-09-25,false
2023-01-31,22.87,14.7,14.700285442435776,low,low,2014-09-25,false
2023-02-01,23.22,18.5,18.49738468854018,low,low,2014-09-25,false
2023-02-02,23.28,19,18.9638783269962,low,low,2014-09-25,false
2023-02-03,23.22,18.5,18.52731591448931,low,low,2014-09-25,false
2023-02-06,23.09,16.7,16.666666666666664,low,low,2014-09-25,false
2023-02-07,23.21,18.4,18.367346938775512,low,low,2014-09-25,false
2023-02-08,23.06,16.4,16.413662239089184,low,low,2014-09-25,false
2023-02-09,23.46,20.3,20.34139402560455,low,low,2014-09-25,false
2023-02-10,23.37,19.9,19.90521327014218,low,low,2014-09-25,false
2023-02-13,23.65,21.4,21.411653244907626,low,low,2014-09-25,false
2023-02-14,23.7,21.8,21.78030303030303,low,low,2014-09-25,false
2023-02-15,23.69,21.7,21.72266919072409,low,low,2014-09-25,false
2023-02-16,23.2,18.2,18.164616840113528,low,low,2014-09-25,false
2023-02-17,23.04,16.2,16.170212765957448,low,low,2014-09-25,false
2023-02-20,23.34,19.9,19.896030245746694,low,low,2014-09-25,false
2023-02-21,23.45,20.5,20.453471894189892,low,low,2014-09-25,false
2023-02-22,23.49,20.9,20.868744098205855,low,low,2014-09-25,false
2023-02-23,23.42,20.2,20.15101462954224,low,low,2014-09-25,false
2023-02-24,23.34,19.9,19.90566037735849,low,low,2014-09-25,false
2023-02-27,23.19,18,18.010372465818012,low,low,2014-09-25,false
2023-02-28,23.38,20.1,20.075400565504243,low,low,2014-09-25,false
2023-03-01,23.5,21.1,21.149317004239286,low,low,2014-09-25,false
2023-03-02,23.39,20.2,20.15065913370998,low,low,2014-09-25,false
2023-03-03,23.37,20,20.04705882352941,low,low,2014-09-25,false
2023-03-06,23.48,20.9,20.931326434619002,low,low,2014-09-25,false
2023-03-07,23.02,15.9,15.937940761636108,low,low,2014-09-25,false
2023-03-08,23.11,16.9,16.8703007518797,low,low,2014-09-25,false
2023-03-09,23.12,17,16.956317519962425,low,low,2014-09-25,false
2023-03-10,22.8,14.3,14.319248826291082,low,low,2014-09-25,false
2023-03-13,22.9,14.9,14.875645236977943,low,low,2014-09-25,false
2023-03-14,22.7,13.8,13.836772983114445,low,low,2014-09-25,false
2023-03-15,22.81,14.5,14.486638537271448,low,low,2014-09-25,false
2023-03-16,22.43,12.4,12.371134020618557,low,low,2014-09-25,false
2023-03-17,22.55,13,12.97423887587822,low,low,2014-09-25,false
2023-03-20,22.51,12.8,12.827715355805244,low,low,2014-09-25,false
2023-03-21,22.79,14.4,14.365933551708002,low,low,2014-09-25,false
2023-03-22,22.84,14.8,14.780168381665106,low,low,2014-09-25,false
2023-03-23,22.9,15.2,15.194015895278168,low,low,2014-09-25,false
2023-03-24,22.89,15,15.046728971962617,low,low,2014-09-25,false
2023-03-27,22.93,15.4,15.413358243811304,low,low,2014-09-25,false
2023-03-28,22.74,14.1,14.098972922502334,low,low,2014-09-25,false
2023-03-29,22.67,13.8,13.812412505832944,low,low,2014-09-25,false
2023-03-30,22.71,14,13.992537313432834,low,low,2014-09-25,false
2023-03-31,22.89,15.2,15.198135198135198,low,low,2014-09-25,false
2023-04-03,23.11,17.5,17.520969245107175,low,low,2014-09-25,false
2023-04-04,23.04,16.8,16.767582673497905,low,low,2014-09-25,false
2023-04-05,23.04,16.8,16.80633147113594,low,low,2014-09-25,false
2023-04-06,23.14,18.1,18.10144253140996,low,low,2014-09-25,false
2023-04-07,23.33,20.6,20.604651162790695,low,low,2014-09-25,false
2023-04-10,23.14,18.1,18.13110181311018,low,low,2014-09-25,false
2023-04-11,23.17,18.6,18.633828996282528,low,low,2014-09-25,false
2023-04-12,23.25,19.9,19.879238272178355,low,low,2014-09-25,false
2023-04-13,23.11,17.6,17.595171773444754,low,low,2014-09-25,false
2023-04-14,23.3,20.4,20.417633410672853,low,low,2014-09-25,false
2023-04-17,23.32,20.6,20.59369202226345,low,low,2014-09-25,false
2023-04-18,23.28,20.1,20.120537783959204,low,low,2014-09-25,false
2023-04-19,23.16,18.4,18.39666357738647,low,low,2014-09-25,false
2023-04-20,23.11,17.6,17.600741083835107,low,low,2014-09-25,false
2023-04-21,22.54,12.8,12.777777777777777,low,low,2014-09-25,false
2023-04-24,22.35,11.6,11.614993058769087,low,low,2014-09-25,false
2023-04-25,21.95,9.9,9.851988899167438,low,low,2014-09-25,false
2023-04-26,22.07,10.3,10.309754969949145,low,low,2014-09-25,false
2023-04-27,22.12,10.5,10.536044362292053,low,low,2014-09-25,false
2023-04-28,22.31,11.5,11.501154734411086,low,low,2014-09-25,false
2023-05-01,22.31,11.5,11.542012927054477,low,low,2014-09-25,false
2023-05-02,22.31,11.6,11.582833410244579,low,low,2014-09-25,false
2023-05-03,22.31,11.6,11.623616236162361,low,low,2014-09-25,false
2023-05-04,24.85,29.6,29.55278930382665,low,low,2014-09-25,false
2023-05-05,24.53,28,28.018433179723502,low,low,2014-09-25,false
2023-05-08,24.72,29.2,29.15707047443574,low,low,2014-09-25,false
2023-05-09,24.4,27.5,27.532228360957646,low,low,2014-09-25,false
2023-05-10,24.44,27.7,27.6576161988035,low,low,2014-09-25,false
2023-05-11,24.4,27.6,27.552897884084636,low,low,2014-09-25,false
2023-05-12,24.05,25.7,25.701149425287355,low,low,2014-09-25,false
2023-05-15,24.26,26.6,26.608455882352942,low,low,2014-09-25,false
2023-05-16,24.03,25.6,25.63160312356454,low,low,2014-09-25,false
2023-05-17,24.16,26.2,26.216712580348943,low,low,2014-09-25,false
2023-05-18,24.14,26,26.021110601193207,low,low,2014-09-25,false
2023-05-19,24.13,26,26.009174311926603,low,low,2014-09-25,false
2023-05-22,24.12,26,25.951398441082073,low,low,2014-09-25,false
2023-05-23,23.84,24.7,24.70210815765353,low,low,2014-09-25,false
2023-05-24,23.76,23.9,23.86623912047641,low,low,2014-09-25,false
2023-05-25,23.74,23.8,23.763736263736263,low,low,2014-09-25,false
2023-05-26,23.86,24.9,24.851258581235697,low,low,2014-09-25,false
2023-05-29,23.79,24.4,24.42817932296432,low,low,2014-09-25,false
2023-05-30,23.84,24.8,24.828532235939644,low,low,2014-09-25,false
2023-05-31,23.77,24.3,24.26873857404022,low,low,2014-09-25,false
2023-06-01,23.75,23.8,23.800822293284604,low,low,2014-09-25,false
2023-06-02,23.9,25.2,25.205479452054796,low,low,2014-09-25,false
2023-06-05,23.9,25.2,25.23961661341853,low,low,2014-09-25,false
2023-06-06,23.31,20.8,20.75729927007299,low,low,2014-09-25,false
2023-06-07,23.24,20,19.972640218878247,low,low,2014-09-25,false
2023-06-08,23.07,17.3,17.274384685505925,low,low,2014-09-25,false
2023-06-09,23.18,19,18.997722095671982,low,low,2014-09-25,false
2023-06-12,24.06,26.2,26.183970856102,low,low,2014-09-25,false
2023-06-13,24.07,26.3,26.308602639963585,low,low,2014-09-25,false
2023-06-14,24.15,26.8,26.751592356687897,low,low,2014-09-25,false
2023-06-15,24.28,27.4,27.421555252387446,low,low,2014-09-25,false
2023-06-16,24.42,28.5,28.499999999999996,low,low,2014-09-25,false
2023-06-19,24.43,28.5,28.532485233984552,low,low,2014-09-25,false
2023-06-20,24.39,28.1,28.11080835603996,low,low,2014-09-25,false
2023-06-21,23.89,25.2,25.192918747162963,low,low,2014-09-25,false
2023-06-22,23.89,25.2,25.226860254083483,low,low,2014-09-25,false
2023-06-23,23.89,25.3,25.26077097505669,low,low,2014-09-25,false
2023-06-26,23.45,22,22.030825022665457,low,low,2014-09-25,false
2023-06-27,23.74,23.8,23.78794743996375,low,low,2014-09-25,false
2023-06-28,23.64,23.2,23.18840579710145,low,low,2014-09-25,false
2023-06-29,23.8,24.7,24.671797193300137,low,low,2014-09-25,false
2023-06-30,24.03,26.2,26.244343891402718,low,low,2014-09-25,false
2023-07-03,24.08,26.5,26.549072817729535,low,low,2014-09-25,false
2023-07-04,24.08,26.6,26.582278481012654,low,low,2014-09-25,false
2023-07-05,23.87,25.1,25.124265702666065,low,low,2014-09-25,false
2023-07-06,23.78,24.5,24.480578139114726,low,low,2014-09-25,false
2023-07-07,23.62,23,23.024830699774267,low,low,2014-09-25,false
2023-07-10,23.56,22.7,22.743682310469314,low,low,2014-09-25,false
2023-07-11,23.72,23.8,23.77086152458277,low,low,2014-09-25,false
2023-07-12,23.38,21.4,21.37060414788097,low,low,2014-09-25,false
2023-07-13,23.61,23.1,23.073456511942318,low,low,2014-09-25,false
2023-07-14,23.58,22.9,22.882882882882882,low,low,2014-09-25,false
2023-07-17,23.49,22.4,22.422332282755516,low,low,2014-09-25,false
2023-07-18,23.49,22.5,22.45724572457246,low,low,2014-09-25,false
2023-07-19,23.42,21.6,21.592442645074225,low,low,2014-09-25,false
2023-07-20,23.12,17.7,17.67086330935252,low,low,2014-09-25,false
2023-07-21,23.08,17.1,17.078651685393258,low,low,2014-09-25,false
2023-07-24,23.05,16.7,16.666666666666664,low,low,2014-09-25,false
2023-07-25,23.42,21.7,21.73327346205658,low,low,2014-09-25,false
2023-07-26,23.28,20.3,20.287253141831236,low,low,2014-09-25,false
2023-07-27,23.11,17.6,17.631224764468374,low,low,2014-09-25,false
2023-07-28,23.31,20.8,20.807174887892376,low,low,2014-09-25,false
2023-07-31,23.47,22.4,22.41147467503362,low,low,2014-09-25,false
2023-08-01,23.43,21.9,21.908602150537636,low,low,2014-09-25,false
2023-08-02,23.4,21.6,21.630094043887148,low,low,2014-09-25,false
2023-08-03,23.41,21.8,21.754700089525514,low,low,2014-09-25,false
2023-08-04,23.49,22.9,22.9082774049217,low,low,2014-09-25,false
2023-08-07,23.36,21.3,21.33273703041145,low,low,2014-09-25,false
2023-08-08,23.26,20.1,20.116227089852483,low,low,2014-09-25,false
2023-08-09,23.09,17.2,17.202859696157283,low,low,2014-09-25,false
2023-08-10,23.11,17.6,17.641804376954,low,low,2014-09-25,false
2023-08-11,22.69,13.8,13.750000000000002,low,low,2014-09-25,false
2023-08-14,22.72,13.9,13.92235609103079,low,low,2014-09-25,false
2023-08-15,22.53,12.7,12.667261373773417,low,low,2014-09-25,false
2023-08-16,22.27,11.1,11.056620597414177,low,low,2014-09-25,false
2023-08-17,22.5,12.4,12.433155080213904,low,low,2014-09-25,false
2023-08-18,22.06,9.9,9.933184855233854,low,low,2014-09-25,false
2023-08-21,21.84,8.9,8.86019590382903,low,low,2014-09-25,false
2023-08-22,21.96,9.6,9.568313306631063,low,low,2014-09-25,false
2023-08-23,21.53,7.3,7.339857651245552,low,low,2014-09-25,false
2023-08-24,21.58,7.5,7.514450867052023,low,low,2014-09-25,false
2023-08-25,21.24,6.6,6.622222222222223,low,low,2014-09-25,false
2023-08-28,21.38,7,6.974677920924035,low,low,2014-09-25,false
2023-08-29,22.05,10.1,10.124333925399645,low,low,2014-09-25,false
2023-08-30,22.16,10.7,10.696848646249444,low,low,2014-09-25,false
2023-08-31,22.04,10.1,10.070984915705413,low,low,2014-09-25,false
2023-09-01,22.08,10.3,10.33259423503326,low,low,2014-09-25,false
2023-09-04,22.38,12.1,12.101063829787234,low,low,2014-09-25,false
2023-09-05,22.26,11.4,11.431103234381922,low,low,2014-09-25,false
2023-09-06,22.36,12.1,12.090345438441098,low,low,2014-09-25,false
2023-09-07,21.96,9.7,9.738822487826472,low,low,2014-09-25,false
2023-09-08,22.02,10,10,low,low,2014-09-25,false
2023-09-11,22.3,11.7,11.67624944714728,low,low,2014-09-25,false
2023-09-12,22.31,11.9,11.8921308576481,low,low,2014-09-25,false
2023-09-13,22.05,10.3,10.251878038002651,low,low,2014-09-25,false
2023-09-14,21.95,9.7,9.673144876325088,low,low,2014-09-25,false
2023-09-15,21.99,9.9,9.933774834437086,low,low,2014-09-25,false
2023-09-18,22.01,10,9.973521624007061,low,low,2014-09-25,false
2023-09-19,21.84,9,8.998676665196296,low,low,2014-09-25,false
2023-09-20,21.67,8.2,8.201058201058201,low,low,2014-09-25,false
2023-09-21,21.5,7.3,7.315998237108859,low,low,2014-09-25,false
2023-09-22,21.89,9.5,9.515418502202644,low,low,2014-09-25,false
2023-09-25,21.81,8.9,8.938793483047116,low,low,2014-09-25,false
2023-09-26,21.7,8.4,8.362676056338028,low,low,2014-09-25,false
2023-09-27,21.84,9.2,9.194896612406511,low,low,2014-09-25,false
2023-09-28,21.99,10.2,10.246262093227793,low,low,2014-09-25,false
2023-09-29,21.99,10.3,10.285714285714285,low,low,2014-09-25,false
2023-10-02,21.99,10.3,10.325131810193323,low,low,2014-09-25,false
2023-10-03,21.99,10.4,10.3645147123408,low,low,2014-09-25,false
2023-10-04,21.99,10.4,10.403863037752414,low,low,2014-09-25,false
2023-10-05,21.99,10.4,10.443176831943834,low,low,2014-09-25,false
2023-10-06,21.99,10.5,10.482456140350878,low,low,2014-09-25,false
2023-10-09,21.91,9.7,9.732573432704953,low,low,2014-09-25,false
2023-10-10,21.8,8.8,8.808063102541631,low,low,2014-09-25,false
2023-10-11,21.84,9.2,9.24222514235655,low,low,2014-09-25,false
2023-10-12,21.99,10.6,10.639229422066549,low,low,2014-09-25,false
2023-10-13,21.89,9.7,9.715536105032822,low,low,2014-09-25,false
2023-10-16,21.69,8.3,8.31146106736658,low,low,2014-09-25,false
2023-10-17,21.66,8.1,8.089199825098383,low,low,2014-09-25,false
2023-10-18,21.27,6.7,6.6870629370629375,low,low,2014-09-25,false
2023-10-19,21.03,5.8,5.81039755351682,low,low,2014-09-25,false
2023-10-20,20.82,5.3,5.283842794759825,low,low,2014-09-25,false
2023-10-23,20.33,4,4.015713662156264,low,low,2014-09-25,false
2023-10-24,20.64,4.6,4.5811518324607325,low,low,2014-09-25,false
2023-10-25,20.83,5.5,5.451373746184038,low,low,2014-09-25,false
2023-10-26,20.94,5.8,5.797733217088056,low,low,2014-09-25,false
2023-10-27,21.35,7.1,7.10239651416122,low,low,2014-09-25,false
2023-10-30,21.61,8.1,8.144599303135887,low,low,2014-09-25,false
2023-10-31,21.48,7.5,7.531562908141054,low,low,2014-09-25,false
2023-11-01,21.46,7.5,7.528285465622281,low,low,2014-09-25,false
2023-11-02,21.2,6.7,6.698564593301436,low,low,2014-09-25,false
2023-11-03,21.5,7.7,7.739130434782608,low,low,2014-09-25,false
2023-11-06,21.92,10.6,10.560625814863103,low,low,2014-09-25,false
2023-11-07,21.96,10.8,10.816681146828845,low,low,2014-09-25,false
2023-11-08,22.04,11.7,11.6804168475901,low,low,2014-09-25,false
2023-11-09,21.92,10.6,10.590277777777777,low,low,2014-09-25,false
2023-11-10,21.88,10.1,10.108459869848156,low,low,2014-09-25,false
2023-11-13,22.07,12.1,12.055507372072853,low,low,2014-09-25,false
2023-11-14,22.18,12.9,12.917208495882099,low,low,2014-09-25,false
2023-11-15,22.3,13.4,13.4315424610052,low,low,2014-09-25,false
2023-11-16,22.08,12.1,12.126461671719358,low,low,2014-09-25,false
2023-11-17,22.27,13.4,13.376623376623375,low,low,2014-09-25,false
2023-11-20,22.45,14.7,14.712245781047164,low,low,2014-09-25,false
2023-11-21,22.32,13.8,13.84083044982699,low,low,2014-09-25,false
2023-11-22,22.04,11.8,11.759619541720708,low,low,2014-09-25,false
2023-11-23,22.28,13.5,13.48314606741573,low,low,2014-09-25,false
2023-11-24,22.02,11.6,11.576673866090713,low,low,2014-09-25,false
2023-11-27,22.02,11.6,11.614853195164077,low,low,2014-09-25,false
2023-11-28,22.14,12.6,12.602503236944324,low,low,2014-09-25,false
2023-11-29,22.05,12,11.993097497842967,low,low,2014-09-25,false
2023-11-30,21.95,10.7,10.73738680465718,low,low,2014-09-25,false
2023-12-01,22.08,12.3,12.327586206896552,low,low,2014-09-25,false
2023-12-04,22.03,11.7,11.676001723395087,low,low,2014-09-25,false
2023-12-05,21.62,8.3,8.311800172265288,low,low,2014-09-25,false
2023-12-06,21.68,8.8,8.824795523030565,low,low,2014-09-25,false
2023-12-07,21.64,8.4,8.433734939759036,low,low,2014-09-25,false
2023-12-08,21.56,7.9,7.870967741935483,low,low,2014-09-25,false
2023-12-11,21.67,8.8,8.8134135855546,low,low,2014-09-25,false
2023-12-12,21.69,9,9.024495058014612,low,low,2014-09-25,false
2023-12-13,21.5,7.7,7.689003436426117,low,low,2014-09-25,false
2023-12-14,21.43,7.3,7.34220695577501,low,low,2014-09-25,false
2023-12-15,21.25,6.7,6.738197424892705,low,low,2014-09-25,false
2023-12-18,20.95,5.7,5.7486057486057485,low,low,2014-09-25,false
2023-12-19,20.95,5.8,5.789022298456261,low,low,2014-09-25,false
2023-12-20,20.62,4.5,4.457779682811831,low,low,2014-09-25,false
2023-12-21,20.73,5.1,5.098543273350471,low,low,2014-09-25,false
2023-12-22,20.55,4.4,4.368308351177729,low,low,2014-09-25,false
2023-12-25,20.57,4.5,4.4520547945205475,low,low,2014-09-25,false
2023-12-26,20.29,3.9,3.8510911424903727,low,low,2014-09-25,false
2023-12-27,20.44,4.1,4.148845166809239,low,low,2014-09-25,false
2023-12-28,20.81,5.5,5.515177426250535,low,low,2014-09-25,false
2023-12-29,21.1,6.6,6.623931623931624,low,low,2014-09-25,false
2024-01-01,21.1,6.7,6.663818880820162,low,low,2014-09-25,false
2024-01-02,21.01,6.2,6.23398804440649,low,low,2014-09-25,false
2024-01-03,20.91,5.9,5.932565087494665,low,low,2014-09-25,false
2024-01-04,20.78,5.4,5.418088737201366,low,low,2014-09-25,false
2024-01-05,20.42,4.1,4.136460554371002,low,low,2014-09-25,false
2024-01-08,19.95,2.9,2.941176470588235,low,low,2014-09-25,false
2024-01-09,19.98,3,2.982530890498509,low,low,2014-09-25,false
2024-01-10,19.85,2.6,2.6405451448040886,low,low,2014-09-25,false
2024-01-11,20.17,3.7,3.6611323967645806,low,low,2014-09-25,false
2024-01-12,20.07,3.4,3.404255319148936,low,low,2014-09-25,false
2024-01-15,20.02,3.2,3.190131858783497,low,low,2014-09-25,false
2024-01-16,19.96,3,3.018707482993197,low,low,2014-09-25,false
2024-01-17,19.44,2.1,2.08244793880153,low,low,2014-09-25,false
2024-01-18,19.36,1.9,1.8691588785046727,low,low,2014-09-25,false
2024-01-19,19.13,1.6,1.6135881104033971,low,low,2014-09-25,false
2024-01-22,18.05,0.3,0.3395585738539898,low,low,2014-09-25,false
2024-01-23,18.33,0.6,0.6364022061943148,low,low,2014-09-25,false
2024-01-24,18.57,0.9,0.9329940627650551,low,low,2014-09-25,false
2024-01-25,19.2,1.8,1.8228062738448496,low,low,2014-09-25,false
2024-01-26,19.05,1.5,1.5254237288135595,low,low,2014-09-25,false
2024-01-29,18.58,1,1.0165184243964422,low,low,2014-09-25,false
2024-01-30,18.05,0.4,0.3810330228619814,low,low,2014-09-25,false
2024-01-31,17.39,0.1,0.08463817181548879,low,low,2014-09-25,false
2024-02-01,17.28,0.1,0.08460236886632826,low,low,2014-09-25,false
2024-02-02,16.65,0,0.042283298097251586,low,low,2014-09-25,false
2024-02-05,15.72,0,0.042265426880811495,low,low,2014-09-25,false
2024-02-06,16.81,0.1,0.12674271229404308,low,low,2014-09-25,false
2024-02-07,17.54,0.3,0.2956081081081081,low,low,2014-09-25,false
2024-02-08,18.19,0.8,0.8020261713803293,low,low,2014-09-25,false
2024-02-09,18.19,0.8,0.8438818565400843,low,low,2014-09-25,false
2024-02-12,18.19,0.9,0.8857022353437369,low,low,2014-09-25,false
2024-02-13,18.19,0.9,0.927487352445194,low,low,2014-09-25,false
2024-02-14,18.19,1,0.9692372524230931,low,low,2014-09-25,false
2024-02-15,18.19,1,1.0109519797809603,low,low,2014-09-25,false
2024-02-16,18.19,1.1,1.0526315789473684,low,low,2014-09-25,false
2024-02-19,18.3,1.2,1.2205387205387206,low,low,2014-09-25,false
2024-02-20,18.36,1.3,1.3462347496844762,low,low,2014-09-25,false
2024-02-21,18.47,1.5,1.471825063078217,low,low,2014-09-25,false
2024-02-22,18.72,1.9,1.9335855401429174,low,low,2014-09-25,false
2024-02-23,18.95,2.2,2.226890756302521,low,low,2014-09-25,false
2024-02-26,19.05,2.4,2.393952120957581,low,low,2014-09-25,false
2024-02-27,19.52,3.3,3.27455919395466,low,low,2014-09-25,false
2024-02-28,18.7,1.9,1.9303399076793955,low,low,2014-09-25,false
2024-02-29,19.36,3.1,3.062080536912752,low,low,2014-09-25,false
2024-03-01,19.54,3.5,3.4800838574423483,low,low,2014-09-25,false
2024-03-04,19.65,3.6,3.604358759430008,low,low,2014-09-25,false
2024-03-05,19.46,3.4,3.3514872224549643,low,low,2014-09-25,false
2024-03-06,19.49,3.4,3.391959798994975,low,low,2014-09-25,false
2024-03-07,19.25,2.8,2.8463792381749684,low,low,2014-09-25,false
2024-03-08,19.48,3.4,3.430962343096234,low,low,2014-09-25,false
2024-03-11,19.8,4.1,4.098703471350899,low,low,2014-09-25,false
2024-03-12,19.87,4.3,4.264214046822742,low,low,2014-09-25,false
2024-03-13,19.95,4.6,4.638529043042206,low,low,2014-09-25,false
2024-03-14,19.84,4.2,4.177109440267335,low,low,2014-09-25,false
2024-03-15,20.08,5.3,5.260960334029228,low,low,2014-09-25,false
2024-03-18,20.39,6.1,6.051752921535893,low,low,2014-09-25,false
2024-03-19,20.24,5.8,5.7571964956195245,low,low,2014-09-25,false
2024-03-20,20.41,6.2,6.171809841534612,low,low,2014-09-25,false
2024-03-21,20.39,6.1,6.127553147144644,low,low,2014-09-25,false
2024-03-22,20.16,5.5,5.5,low,low,2014-09-25,false
2024-03-25,19.74,4,3.9566847147022077,low,low,2014-09-25,false
2024-03-26,19.69,4,3.95503746877602,low,low,2014-09-25,false
2024-03-27,19.09,2.6,2.5801081980857266,low,low,2014-09-25,false
2024-03-28,19.47,3.5,3.4525790349417633,low,low,2014-09-25,false
2024-03-29,19.7,4.1,4.074844074844075,low,low,2014-09-25,false
2024-04-01,20.11,5.5,5.527847049044056,low,low,2014-09-25,false
2024-04-02,20.04,5.3,5.276277523888658,low,low,2014-09-25,false
2024-04-03,19.96,4.9,4.941860465116279,low,low,2014-09-25,false
2024-04-04,19.96,5,4.9813200498132,low,low,2014-09-25,false
2024-04-05,19.96,5,5.020746887966805,low,low,2014-09-25,false
2024-04-08,19.62,3.8,3.774367482372459,low,low,2014-09-25,false
2024-04-09,19.86,4.5,4.519071310116087,low,low,2014-09-25,false
2024-04-10,19.52,3.6,3.605470368835474,low,low,2014-09-25,false
2024-04-11,19.6,3.8,3.811101905550953,low,low,2014-09-25,false
2024-04-12,19.48,3.5,3.5196687370600417,low,low,2014-09-25,false
2024-04-15,19.37,3.1,3.145695364238411,low,low,2014-09-25,false
2024-04-16,18.64,1.9,1.8618121638394702,low,low,2014-09-25,false
2024-04-17,19.41,3.3,3.3085194375516958,low,low,2014-09-25,false
2024-04-18,19.41,3.3,3.3484911120297647,low,low,2014-09-25,false
2024-04-19,19.34,3.1,3.0578512396694215,low,low,2014-09-25,false
2024-04-22,19.27,2.9,2.932672449401074,low,low,2014-09-25,false
2024-04-23,19.13,2.8,2.7663088356729975,low,low,2014-09-25,false
2024-04-24,19.41,3.5,3.5080478745356998,low,low,2014-09-25,false
2024-04-25,19.43,3.7,3.6716171617161715,low,low,2014-09-25,false
2024-04-26,19.74,4.7,4.659793814432989,low,low,2014-09-25,false
2024-04-29,20.14,6.3,6.347897774113767,low,low,2014-09-25,false
2024-04-30,19.99,5.7,5.727235269880511,low,low,2014-09-25,false
2024-05-01,19.99,5.8,5.766062602965404,low,low,2014-09-25,false
2024-05-02,19.99,5.8,5.804857966241252,low,low,2014-09-25,false
2024-05-03,19.99,5.8,5.843621399176955,low,low,2014-09-25,false
2024-05-06,23.96,32.4,32.41464417935006,mid,low,2014-09-25,false
2024-05-07,24.02,32.7,32.73026315789473,mid,low,2014-09-25,false
2024-05-08,23.63,29.8,29.839704069050555,low,low,2014-09-25,false
2024-05-09,24.01,32.6,32.62119967132293,mid,low,2014-09-25,false
2024-05-10,23.84,31.7,31.704312114989737,mid,low,2014-09-25,false
2024-05-13,23.81,31.4,31.444991789819376,mid,low,2014-09-25,false
2024-05-14,23.94,32.4,32.416906032006565,mid,low,2014-09-25,false
2024-05-15,23.68,30.1,30.147662018047576,mid,low,2014-09-25,false
2024-05-16,23.6,29.6,29.643296432964327,low,low,2014-09-25,false
2024-05-17,23.82,31.6,31.557377049180328,mid,low,2014-09-25,false
2024-05-20,23.99,32.7,32.69151986890619,mid,low,2014-09-25,false
2024-05-21,23.75,30.6,30.630630630630627,mid,low,2014-09-25,false
2024-05-22,23.7,30.3,30.33155955792059,mid,low,2014-09-25,false
2024-05-23,23.17,25,25.040916530278235,low,low,2014-09-25,false
2024-05-24,22.93,21.9,21.881390593047033,low,low,2014-09-25,false
2024-05-27,23.18,25.2,25.224856909239573,low,low,2014-09-25,false
2024-05-28,22.94,22.1,22.06783816918676,low,low,2014-09-25,false
2024-05-29,22.97,22.3,22.344771241830067,low,low,2014-09-25,false
2024-05-30,22.88,21.3,21.314822376480198,low,low,2014-09-25,false
2024-05-31,22.91,21.8,21.755102040816325,low,low,2014-09-25,false
2024-06-03,22.64,20,20.03263973888209,low,low,2014-09-25,false
2024-06-04,22.82,21.2,21.166394779771615,low,low,2014-09-25,false
2024-06-05,22.48,18.9,18.874847125968202,low,low,2014-09-25,false
2024-06-06,22.07,16.1,16.055419722901384,low,low,2014-09-25,false
2024-06-07,22.13,16.4,16.415478615071283,low,low,2014-09-25,false
2024-06-10,22.13,16.4,16.449511400651463,low,low,2014-09-25,false
2024-06-11,22.25,17.3,17.338217338217337,low,low,2014-09-25,false
2024-06-12,22.31,17.9,17.90073230268511,low,low,2014-09-25,false
2024-06-13,22.16,16.7,16.714111427409517,low,low,2014-09-25,false
2024-06-14,22.09,16.2,16.21951219512195,low,low,2014-09-25,false
2024-06-17,22.15,16.7,16.659894351889477,low,low,2014-09-25,false
2024-06-18,22.28,17.7,17.70917952883834,low,low,2014-09-25,false
2024-06-19,21.98,14.8,14.819326025172556,low,low,2014-09-25,false
2024-06-20,21.55,11.6,11.566558441558442,low,low,2014-09-25,false
2024-06-21,21.56,11.7,11.683569979716024,low,low,2014-09-25,false
2024-06-24,20.86,9,9.002433090024331,low,low,2014-09-25,false
2024-06-25,20.73,8.5,8.512363194162951,low,low,2014-09-25,false
2024-06-26,21.27,10.7,10.696920583468396,low,low,2014-09-25,false
2024-06-27,20.75,8.5,8.54597002835156,low,low,2014-09-25,false
2024-06-28,20.91,9.3,9.31174089068826,low,low,2014-09-25,false
2024-07-01,21.11,10.2,10.198300283286118,low,low,2014-09-25,false
2024-07-02,20.92,9.3,9.344660194174757,low,low,2014-09-25,false
2024-07-03,20.73,8.5,8.532147189648201,low,low,2014-09-25,false
2024-07-04,20.31,7,7.033144704931285,low,low,2014-09-25,false
2024-07-05,20.51,7.7,7.6767676767676765,low,low,2014-09-25,false
2024-07-08,20.03,5.9,5.936995153473344,low,low,2014-09-25,false
2024-07-09,20.48,7.6,7.630197819943479,low,low,2014-09-25,false
2024-07-10,20.37,7.2,7.223567393058919,low,low,2014-09-25,false
2024-07-11,20.83,9.2,9.19725695845099,low,low,2014-09-25,false
2024-07-12,20.74,8.8,8.75,low,low,2014-09-25,false
2024-07-15,20.52,7.8,7.819427650141073,low,low,2014-09-25,false
2024-07-16,20.53,7.9,7.856567284448025,low,low,2014-09-25,false
2024-07-17,20.35,7.2,7.168747482883608,low,low,2014-09-25,false
2024-07-18,20.44,7.6,7.568438003220612,low,low,2014-09-25,false
2024-07-19,20.44,7.6,7.605633802816901,low,low,2014-09-25,false
2024-07-22,20.42,7.5,7.52212389380531,low,low,2014-09-25,false
2024-07-23,19.84,4.8,4.8250904704463204,low,low,2014-09-25,false
2024-07-24,19.59,4.1,4.09967845659164,low,low,2014-09-25,false
2024-07-25,19.59,4.1,4.13820811570912,low,low,2014-09-25,false
2024-07-26,19.88,5.1,5.100401606425703,low,low,2014-09-25,false
2024-07-29,19.79,4.8,4.7771979124849455,low,low,2014-09-25,false
2024-07-30,19.82,4.9,4.895666131621187,low,low,2014-09-25,false
2024-07-31,20.61,8.4,8.42358604091456,low,low,2014-09-25,false
2024-08-01,20.55,8.3,8.340016038492381,low,low,2014-09-25,false
2024-08-02,20.27,7.2,7.174348697394789,low,low,2014-09-25,false
2024-08-05,19.74,4.6,4.647435897435898,low,low,2014-09-25,false
2024-08-06,20.04,6.3,6.327593111734081,low,low,2014-09-25,false
2024-08-07,20.02,6.1,6.124899919935949,low,low,2014-09-25,false
2024-08-08,20.02,6.2,6.162464985994398,low,low,2014-09-25,false
2024-08-09,19.87,5.2,5.2,low,low,2014-09-25,false
2024-08-12,19.77,4.8,4.798080767692923,low,low,2014-09-25,false
2024-08-13,19.86,5.2,5.1958433253397285,low,low,2014-09-25,false
2024-08-14,19.64,4.3,4.274870155813025,low,low,2014-09-25,false
2024-08-15,19.79,4.9,4.912140575079873,low,low,2014-09-25,false
2024-08-16,19.65,4.4,4.35129740518962,low,low,2014-09-25,false
2024-08-19,19.68,4.5,4.549082202713488,low,low,2014-09-25,false
2024-08-20,19.32,3,3.031511767052254,low,low,2014-09-25,false
2024-08-21,19.21,2.8,2.7910685805422646,low,low,2014-09-25,false
2024-08-22,18.99,2.2,2.2319649262654444,low,low,2014-09-25,false
2024-08-23,18.99,2.3,2.2709163346613543,low,low,2014-09-25,false
2024-08-26,19.08,2.5,2.5089605734767026,low,low,2014-09-25,false
2024-08-27,18.88,2.1,2.1496815286624202,low,low,2014-09-25,false
2024-08-28,18.92,2.2,2.1886191802626342,low,low,2014-09-25,false
2024-08-29,19.21,3,3.023070803500398,low,low,2014-09-25,false
2024-08-30,19.54,4.3,4.333996023856859,low,low,2014-09-25,false
2024-09-02,19.85,5.6,5.643879173290938,low,low,2014-09-25,false
2024-09-03,20.01,6.7,6.714342471195868,low,low,2014-09-25,false
2024-09-04,19.93,6.1,6.115965051628276,low,low,2014-09-25,false
2024-09-05,20.07,7.3,7.264787614132592,low,low,2014-09-25,false
2024-09-06,19.72,5,5,low,low,2014-09-25,false
2024-09-09,19.58,4.4,4.403014676715589,low,low,2014-09-25,false
2024-09-10,19.61,4.6,4.559873116574147,low,low,2014-09-25,false
2024-09-11,19.59,4.5,4.5184304399524375,low,low,2014-09-25,false
2024-09-12,19.5,4.1,4.120443740095087,low,low,2014-09-25,false
2024-09-13,19.27,3.2,3.1683168316831685,low,low,2014-09-25,false
2024-09-16,19.31,3.3,3.32541567695962,low,low,2014-09-25,false
2024-09-17,19.31,3.4,3.3636723387415906,low,low,2014-09-25,false
2024-09-18,19.28,3.2,3.2041139240506324,low,low,2014-09-25,false
2024-09-19,19.62,4.9,4.863582443653618,low,low,2014-09-25,false
2024-09-20,19.51,4.3,4.308300395256917,low,low,2014-09-25,false
2024-09-23,19.49,4.3,4.267088107467404,low,low,2014-09-25,false
2024-09-24,20.26,8.5,8.491311216429699,low,low,2014-09-25,false
2024-09-25,20.41,9,9.040663245163838,low,low,2014-09-25,true
2024-09-26,21.21,12.8,12.751677852348994,low,low,2014-09-26,true
2024-09-27,22.29,20.1,20.09474930911962,low,low,2014-09-29,true
2024-09-30,24.69,39.3,39.320963284642716,mid,low,2014-09-30,true
2024-10-01,24.69,39.4,39.36044216344256,mid,low,2014-10-08,true
2024-10-02,24.69,39.4,39.384372533543804,mid,low,2014-10-08,true
2024-10-03,24.69,39.4,39.408284023668635,mid,low,2014-10-08,true
2024-10-04,24.69,39.4,39.43217665615142,mid,mid,2014-10-08,true
2024-10-07,24.69,39.5,39.45605045329129,mid,mid,2014-10-08,true
2024-10-08,26.65,46.7,46.650906225374314,mid,mid,2014-10-08,true
2024-10-09,24.48,38,38.0220646178093,mid,mid,2014-10-09,true
2024-10-10,24.31,37,37.03703703703704,mid,mid,2014-10-10,true
2024-10-11,23.29,29.3,29.275019700551614,low,mid,2014-10-13,true
2024-10-14,24.08,36,35.973207249802996,mid,mid,2014-10-14,true
2024-10-15,23.56,31.9,31.875492513790388,mid,mid,2014-10-15,true
2024-10-16,23.64,32.5,32.46650906225375,mid,mid,2014-10-16,true
2024-10-17,23.53,31.8,31.757289204097717,mid,mid,2014-10-17,true
2024-10-18,24.51,38.5,38.53427895981088,mid,mid,2014-10-20,true
2024-10-21,24.87,40.5,40.464933018124505,mid,mid,2014-10-21,true
2024-10-22,25.03,41.1,41.13475177304964,mid,mid,2014-10-22,true
2024-10-23,25.08,41.4,41.371158392434985,mid,mid,2014-10-23,true
2024-10-24,24.89,40.6,40.622537431048066,mid,mid,2014-10-24,true
2024-10-25,25.33,42.6,42.592592592592595,mid,mid,2014-10-27,true
2024-10-28,25.73,44,43.97163120567376,mid,mid,2014-10-28,true
2024-10-29,25.28,42.3,42.277383766745466,mid,mid,2014-10-29,true
2024-10-30,25.31,42.6,42.592592592592595,mid,mid,2014-10-30,true
2024-10-31,25.6,43.5,43.498817966903076,mid,mid,2014-10-31,true
2024-11-01,24.86,40.4,40.386130811662724,mid,mid,2014-11-03,true
2024-11-04,25.36,42.8,42.82899921197794,mid,mid,2014-11-04,true
2024-11-05,26.18,46.3,46.2962962962963,mid,mid,2014-11-05,true
2024-11-06,26.27,46.5,46.53270291568164,mid,mid,2014-11-06,true
2024-11-07,26.74,47.8,47.83293932230103,mid,mid,2014-11-07,true
2024-11-08,26.76,47.9,47.91174152876281,mid,mid,2014-11-10,true
2024-11-11,27.35,49.1,49.09377462568952,mid,mid,2014-11-11,true
2024-11-12,27.02,48.6,48.62096138691883,mid,mid,2014-11-12,true
2024-11-13,27,48.6,48.58156028368794,mid,mid,2014-11-13,true
2024-11-14,26.2,46.4,46.37509850275808,mid,mid,2014-11-14,true
2024-11-15,25.64,43.9,43.85342789598109,mid,mid,2014-11-17,true
2024-11-18,25.13,41.7,41.725768321513,mid,mid,2014-11-18,true
2024-11-19,25.74,44.3,44.28684003152088,mid,mid,2014-11-19,true
2024-11-20,26.13,46.3,46.2962962962963,mid,mid,2014-11-20,true
2024-11-21,26.11,46.2,46.21749408983452,mid,mid,2014-11-21,true
2024-11-22,25.16,41.9,41.88337273443656,mid,mid,2014-11-24,true
2024-11-25,25.27,42.2,42.23798266351458,mid,mid,2014-11-25,true
2024-11-26,25.02,41.1,41.13475177304964,mid,mid,2014-11-26,true
2024-11-27,25.56,43.7,43.65642237982664,mid,mid,2014-11-27,true
2024-11-28,25.44,43.4,43.3806146572104,mid,mid,2014-11-28,true
2024-11-29,25.89,45.3,45.31126871552404,mid,mid,2014-12-01,true
2024-12-02,26.39,47.3,47.32072498029945,mid,mid,2014-12-02,true
2024-12-03,26.34,47.2,47.24192277383767,mid,mid,2014-12-03,true
2024-12-04,25.95,45.9,45.8628841607565,mid,mid,2014-12-04,true
2024-12-05,26.21,46.9,46.887312844759656,mid,mid,2014-12-05,true
2024-12-06,26.47,47.7,47.714736012608356,mid,mid,2014-12-08,true
2024-12-09,26.34,47.4,47.36012608353034,mid,mid,2014-12-09,true
2024-12-10,26.55,48,47.99054373522459,mid,mid,2014-12-10,true
2024-12-11,26.93,49.1,49.09377462568952,mid,mid,2014-12-11,true
2024-12-12,27.13,49.7,49.68479117415288,mid,mid,2014-12-12,true
2024-12-13,26.58,48.1,48.06934594168637,mid,mid,2014-12-15,true
2024-12-16,26.41,47.6,47.557131599684794,mid,mid,2014-12-16,true
2024-12-17,25.9,45.5,45.4688731284476,mid,mid,2014-12-17,true
2024-12-18,26.08,46.5,46.45390070921986,mid,mid,2014-12-18,true
2024-12-19,26.14,46.7,46.729708431836094,mid,mid,2014-12-19,true
2024-12-20,26.4,47.7,47.67533490937746,mid,mid,2014-12-22,true
2024-12-23,25.75,44.5,44.52324665090622,mid,mid,2014-12-23,true
2024-12-24,26.11,46.7,46.650906225374314,mid,mid,2014-12-24,true
2024-12-25,25.86,45.3,45.31126871552404,mid,mid,2014-12-25,true
2024-12-26,26.14,46.9,46.887312844759656,mid,mid,2014-12-26,true
2024-12-27,26.19,47.1,47.123719464145,mid,mid,2014-12-29,true
2024-12-30,26.1,46.7,46.650906225374314,mid,mid,2014-12-30,true
2024-12-31,25.37,43.1,43.06540583136328,mid,mid,2014-12-31,true
2025-01-01,25.37,43.1,43.10480693459417,mid,mid,2015-01-05,true
2025-01-02,24.69,39.8,39.77944072469476,mid,mid,2015-01-05,true
2025-01-03,24.05,35.8,35.826771653543304,mid,mid,2015-01-05,true
2025-01-06,24.01,35.4,35.43307086614173,mid,mid,2015-01-06,true
2025-01-07,24.32,37.4,37.362204724409445,mid,mid,2015-01-07,true
2025-01-08,24.22,36.9,36.889763779527556,mid,mid,2015-01-08,true
2025-01-09,24.23,37,36.968503937007874,mid,mid,2015-01-09,true
2025-01-10,23.72,33.1,33.11023622047244,mid,mid,2015-01-12,true
2025-01-13,23.75,33.3,33.346456692913385,mid,mid,2015-01-13,true
2025-01-14,24.76,40.4,40.354330708661415,mid,mid,2015-01-14,true
2025-01-15,24.61,39.4,39.40944881889764,mid,mid,2015-01-15,true
2025-01-16,24.68,39.8,39.76377952755906,mid,mid,2015-01-16,true
2025-01-17,24.89,41.1,41.10236220472441,mid,mid,2015-01-19,true
2025-01-20,25.06,41.9,41.8503937007874,mid,mid,2015-01-20,true
2025-01-21,25.2,42.6,42.59842519685039,mid,mid,2015-01-21,true
2025-01-22,25.01,41.5,41.53543307086614,mid,mid,2015-01-22,true
2025-01-23,24.92,41.2,41.181102362204726,mid,mid,2015-01-23,true
2025-01-24,25.34,43.5,43.503937007874015,mid,mid,2015-01-26,true
2025-01-27,25.03,41.8,41.811023622047244,mid,mid,2015-01-27,true
2025-01-28,25.03,41.9,41.8503937007874,mid,mid,2015-01-28,true
2025-01-29,25.03,41.9,41.88976377952756,mid,mid,2015-01-29,true
2025-01-30,25.03,41.9,41.92913385826771,mid,mid,2015-01-30,true
2025-01-31,25.03,42,41.968503937007874,mid,mid,2015-02-02,true
2025-02-03,25.03,42,42.00787401574803,mid,mid,2015-02-03,true
2025-02-04,25.03,42,42.04724409448819,mid,mid,2015-02-04,true
2025-02-05,25.05,42.2,42.204724409448815,mid,mid,2015-02-05,true
2025-02-06,25.68,45.4,45.354330708661415,mid,mid,2015-02-06,true
2025-02-07,26.01,47.4,47.36220472440945,mid,mid,2015-02-09,true
2025-02-10,26.24,48.5,48.46456692913386,mid,mid,2015-02-10,true
2025-02-11,26.2,48.3,48.346456692913385,mid,mid,2015-02-11,true
2025-02-12,26.54,49.6,49.60629921259843,mid,mid,2015-02-12,true
2025-02-13,26.18,48.2,48.22834645669291,mid,mid,2015-02-13,true
2025-02-14,26.29,48.7,48.7007874015748,mid,mid,2015-02-16,true
2025-02-17,26.45,49.4,49.4488188976378,mid,mid,2015-02-17,true
2025-02-18,25.93,46.8,46.77165354330708,mid,mid,2015-02-25,true
2025-02-19,26.53,49.7,49.744195198740655,mid,mid,2015-02-25,true
2025-02-20,26.74,50.5,50.472069236821405,mid,mid,2015-02-25,true
2025-02-21,27.13,51.6,51.592607156901295,mid,mid,2015-02-25,true
2025-02-24,27.19,51.7,51.65094339622641,mid,mid,2015-02-25,true
2025-02-25,27.04,51.4,51.355599214145386,mid,mid,2015-02-25,true
2025-02-26,27.39,52,51.984282907662084,mid,mid,2015-02-26,true
2025-02-27,27.27,51.9,51.944990176817285,mid,mid,2015-02-27,true
2025-02-28,26.38,49,48.99803536345776,mid,mid,2015-03-02,true
2025-03-03,26.41,49.2,49.23379174852652,mid,mid,2015-03-03,true
2025-03-04,26.74,50.5,50.53045186640471,mid,mid,2015-03-04,true
2025-03-05,26.89,51,50.96267190569744,mid,mid,2015-03-05,true
2025-03-06,27.39,52.2,52.220039292730846,mid,mid,2015-03-06,true
2025-03-07,27.34,52.1,52.14145383104126,mid,mid,2015-03-09,true
2025-03-10,27.4,52.3,52.29862475442043,mid,mid,2015-03-10,true
2025-03-11,27.52,52.6,52.612966601178776,mid,mid,2015-03-11,true
2025-03-12,27.59,52.8,52.77013752455796,mid,mid,2015-03-12,true
2025-03-13,27.2,51.9,51.9056974459725,mid,mid,2015-03-13,true
2025-03-14,27.64,53,52.96660117878192,mid,mid,2015-03-16,true
2025-03-17,27.7,53.1,53.084479371316306,mid,mid,2015-03-17,true
2025-03-18,27.82,53.6,53.63457760314342,mid,mid,2015-03-18,true
2025-03-19,27.64,53,53.00589390962672,mid,mid,2015-03-19,true
2025-03-20,27.52,52.7,52.691552062868375,mid,mid,2015-03-20,true
2025-03-21,27.01,51.4,51.43418467583497,mid,mid,2015-03-23,true
2025-03-24,26.9,51,51.00196463654224,mid,mid,2015-03-24,true
2025-03-25,26.72,50.4,50.412573673870334,mid,mid,2015-03-25,true
2025-03-26,26.83,50.9,50.884086444007856,mid,mid,2015-03-26,true
2025-03-27,26.8,50.8,50.844793713163064,mid,mid,2015-03-27,true
2025-03-28,26.55,49.9,49.86247544204322,mid,mid,2015-03-30,true
2025-03-31,26.39,49.1,49.115913555992144,mid,mid,2015-03-31,true
2025-04-01,26.56,49.9,49.94106090373281,mid,mid,2015-04-01,true
2025-04-02,26.63,50.2,50.216110019646365,mid,mid,2015-04-02,true
2025-04-03,26.28,48.6,48.64440078585462,mid,mid,2015-04-03,true
2025-04-04,26.28,48.7,48.683693516699414,mid,mid,2015-04-07,true
2025-04-07,23.4,30.3,30.322073841319718,mid,mid,2015-04-07,true
2025-04-08,23.56,31.9,31.893165750196385,mid,mid,2015-04-08,true
2025-04-09,24.05,36,35.97800471327572,mid,mid,2015-04-09,true
2025-04-10,24.61,39.5,39.473684210526315,mid,mid,2015-04-10,true
2025-04-11,24.89,41.2,41.201885310290656,mid,mid,2015-04-13,true
2025-04-14,25.18,43,43.04791830322074,mid,mid,2015-04-14,true
2025-04-15,25.11,42.6,42.57659073055774,mid,mid,2015-04-15,true
2025-04-16,24.81,40.6,40.57344854673998,mid,mid,2015-04-16,true
2025-04-17,24.84,40.7,40.730557737627656,mid,mid,2015-04-17,true
2025-04-18,24.77,40.5,40.53417124901807,mid,mid,2015-04-20,true
2025-04-21,25.25,43.4,43.44069128043991,mid,mid,2015-04-21,true
2025-04-22,25.25,43.5,43.479968578161824,mid,mid,2015-04-22,true
2025-04-23,25.39,44.5,44.540455616653574,mid,mid,2015-04-23,true
2025-04-24,25.16,43.1,43.08719560094266,mid,mid,2015-04-24,true
2025-04-25,25.26,43.6,43.55852317360566,mid,mid,2015-04-27,true
2025-04-28,24.98,41.7,41.71249018067557,mid,mid,2015-04-28,true
2025-04-29,25.08,42.7,42.65514532600157,mid,mid,2015-04-29,true
2025-04-30,25.23,43.5,43.51924587588374,mid,mid,2015-04-30,true
2025-05-01,25.23,43.6,43.55852317360566,mid,mid,2015-05-04,true
2025-05-02,25.23,43.6,43.580683156654885,mid,mid,2015-05-04,true
2025-05-05,25.23,43.6,43.619945033372595,mid,mid,2015-05-05,true
2025-05-06,25.82,46.9,46.917942677659994,mid,mid,2015-05-06,true
2025-05-07,25.84,47.1,47.07499018453082,mid,mid,2015-05-07,true
2025-05-08,26,48.1,48.13506085590891,mid,mid,2015-05-08,true
2025-05-09,25.71,46.2,46.17196702002356,mid,mid,2015-05-11,true
2025-05-12,26,48.2,48.21358460934433,mid,mid,2015-05-12,true
2025-05-13,25.95,47.9,47.93875147232038,mid,mid,2015-05-13,true
2025-05-14,25.97,48,47.978013349038086,mid,mid,2015-05-14,true
2025-05-15,25.58,45.5,45.504515115822535,mid,mid,2015-05-15,true
2025-05-16,25.59,45.5,45.543776992540245,mid,mid,2015-05-18,true
2025-05-19,25.72,46.3,46.32901452689438,mid,mid,2015-05-19,true
2025-05-20,25.9,47.6,47.58539458186101,mid,mid,2015-05-20,true
2025-05-21,25.85,47.3,47.27129956811936,mid,mid,2015-05-21,true
2025-05-22,25.6,45.7,45.66156262269337,mid,mid,2015-05-22,true
2025-05-23,25.29,44.1,44.09108755398508,mid,mid,2015-05-25,true
2025-05-26,25.43,45.2,45.151158225363176,mid,mid,2015-05-26,true
2025-05-27,25.31,44.4,44.44444444444444,mid,mid,2015-05-27,true
2025-05-28,25.26,43.8,43.81625441696113,mid,mid,2015-05-28,true
2025-05-29,25.6,45.9,45.8578720062819,mid,mid,2015-05-29,true
2025-05-30,25.31,44.5,44.522968197879855,mid,mid,2015-06-01,true
2025-06-02,25.31,44.6,44.562230074597565,mid,mid,2015-06-02,true
2025-06-03,25.5,45.4,45.42599136238712,mid,mid,2015-06-03,true
2025-06-04,25.68,46.5,46.52532391048292,mid,mid,2015-06-04,true
2025-06-05,25.82,47.5,47.506870828425605,mid,mid,2015-06-05,true
2025-06-06,25.75,46.9,46.878680800942284,mid,mid,2015-06-08,true
2025-06-09,25.98,48.8,48.76325088339223,mid,mid,2015-06-09,true
2025-06-10,25.75,46.9,46.917942677659994,mid,mid,2015-06-10,true
2025-06-11,25.87,47.9,47.89948959560267,mid,mid,2015-06-11,true
2025-06-12,25.83,47.7,47.66391833529643,mid,mid,2015-06-12,true
2025-06-13,25.5,45.5,45.46525323910483,mid,mid,2015-06-15,true
2025-06-16,25.84,47.9,47.860227718884964,mid,mid,2015-06-16,true
2025-06-17,25.78,47.1,47.11425206124853,mid,mid,2015-06-17,true
2025-06-18,25.75,47,46.996466431095406,mid,mid,2015-06-18,true
2025-06-19,25.36,44.8,44.83706321162151,mid,mid,2015-06-19,true
2025-06-20,25.16,43.2,43.188064389477816,mid,mid,2015-06-23,true
2025-06-23,25.41,45.3,45.32967032967033,mid,mid,2015-06-23,true
2025-06-24,25.89,48.3,48.312401883830454,mid,mid,2015-06-24,true
2025-06-25,26.18,50.4,50.39246467817896,mid,mid,2015-06-25,true
2025-06-26,26.07,49.8,49.76452119309262,mid,mid,2015-06-26,true
2025-06-27,26.2,50.6,50.62794348508635,mid,mid,2015-06-29,true
2025-06-30,26.51,52.1,52.080062794348514,mid,mid,2015-06-30,true
2025-07-01,26.57,52.4,52.394034536891674,mid,mid,2015-07-01,true
2025-07-02,26.33,51.2,51.21664050235479,mid,mid,2015-07-02,true
2025-07-03,26.46,52,51.96232339089482,mid,mid,2015-07-03,true
2025-07-04,26.32,51.2,51.21664050235479,mid,mid,2015-07-06,true
2025-07-07,26.39,51.6,51.60910518053375,mid,mid,2015-07-07,true
2025-07-08,26.69,53,53.02197802197802,mid,mid,2015-07-08,true
2025-07-09,26.63,52.9,52.864992150706435,mid,mid,2015-07-09,true
2025-07-10,26.68,53,53.02197802197802,mid,mid,2015-07-10,true
2025-07-11,26.87,53.9,53.88540031397174,mid,mid,2015-07-13,true
2025-07-14,26.92,54.1,54.12087912087912,mid,mid,2015-07-14,true
2025-07-15,26.83,53.8,53.84615384615385,mid,mid,2015-07-15,true
2025-07-16,26.94,54.3,54.277864992150704,mid,mid,2015-07-16,true
2025-07-17,27.2,55.2,55.18053375196232,mid,mid,2015-07-17,true
2025-07-18,27.27,55.5,55.4552590266876,mid,mid,2015-07-20,true
2025-07-21,27.56,56.1,56.12244897959183,mid,mid,2015-07-21,true
2025-07-22,27.71,56.6,56.63265306122449,mid,mid,2015-07-22,true
2025-07-23,27.58,56.2,56.20094191522763,mid,mid,2015-07-23,true
2025-07-24,27.94,57.6,57.574568288854,mid,mid,2015-07-24,true
2025-07-25,27.96,57.6,57.6138147566719,mid,mid,2015-07-27,true
2025-07-28,28,57.8,57.84929356357927,mid,mid,2015-07-28,true
2025-07-29,28.15,58.7,58.673469387755105,mid,mid,2015-07-29,true
2025-07-30,27.93,57.6,57.574568288854,mid,mid,2015-07-30,true
2025-07-31,27.65,56.5,56.47566718995291,mid,mid,2015-07-31,true
2025-08-01,27.69,56.6,56.59340659340659,mid,mid,2015-08-03,true
2025-08-04,28,58,58.00627943485086,mid,mid,2015-08-04,true
2025-08-05,28.22,59.1,59.10518053375197,mid,mid,2015-08-05,true
2025-08-06,28.49,60.4,60.40031397174255,mid,mid,2015-08-06,true
2025-08-07,28.49,60.4,60.43956043956044,mid,mid,2015-08-07,true
2025-08-08,28.45,60.2,60.204081632653065,mid,mid,2015-08-10,true
2025-08-11,28.83,62.2,62.244897959183675,mid,mid,2015-08-11,true
2025-08-12,28.93,63,62.95133437990581,mid,mid,2015-08-12,true
2025-08-13,29.33,65.3,65.2668759811617,mid,mid,2015-08-13,true
2025-08-14,28.95,63.1,63.108320251177396,mid,mid,2015-08-14,true
2025-08-15,29.49,66.2,66.16954474097331,mid,mid,2015-08-17,true
2025-08-18,29.95,68.1,68.05337519623234,mid,mid,2015-08-18,true
2025-08-19,29.95,68.1,68.09262166405023,mid,mid,2015-08-19,true
2025-08-20,30.25,69.5,69.5447409733124,mid,mid,2015-08-20,true
2025-08-21,30.06,68.7,68.68131868131869,mid,mid,2015-08-21,true
2025-08-22,30.45,70.2,70.17268445839875,high,mid,2015-08-24,true
2025-08-25,30.83,71.1,71.07535321821035,high,mid,2015-08-25,true
2025-08-26,30.83,71.1,71.11459968602826,high,mid,2015-08-26,true
2025-08-27,30.27,69.6,69.6232339089482,mid,mid,2015-08-27,true
2025-08-28,30.68,70.7,70.6828885400314,high,mid,2015-08-28,true
2025-08-29,30.68,70.7,70.72213500784929,high,mid,2015-08-31,true
2025-09-01,32,72.6,72.60596546310832,high,mid,2015-09-01,true
2025-09-02,31.27,71.7,71.7032967032967,high,mid,2015-09-02,true
2025-09-03,30.83,71.3,71.27158555729984,high,mid,2015-09-07,true
2025-09-04,30.19,69.2,69.242840329541,mid,mid,2015-09-07,true
2025-09-05,31.01,71.5,71.52941176470588,high,mid,2015-09-07,true
2025-09-08,31.33,71.9,71.92156862745098,high,mid,2015-09-08,true
2025-09-09,31,71.5,71.52941176470588,high,mid,2015-09-09,true
2025-09-10,31.02,71.6,71.6078431372549,high,mid,2015-09-10,true
2025-09-11,31.68,72.3,72.31372549019608,high,mid,2015-09-11,true
2025-09-12,31.77,72.4,72.3921568627451,high,mid,2015-09-14,true
2025-09-15,31.72,72.4,72.3921568627451,high,mid,2015-09-15,true
2025-09-16,31.99,72.7,72.66666666666667,high,mid,2015-09-16,true
2025-09-17,32.28,73.4,73.41176470588235,high,mid,2015-09-17,true
2025-09-18,32,73,73.01960784313725,high,mid,2015-09-18,true
2025-09-19,31.88,72.6,72.62745098039215,high,mid,2015-09-21,true
2025-09-22,32.04,73.2,73.1764705882353,high,mid,2015-09-22,true
2025-09-23,31.77,72.5,72.47058823529412,high,mid,2015-09-23,true
2025-09-24,32.28,73.6,73.6078431372549,high,mid,2015-09-24,true
2025-09-25,32.16,73.4,73.41176470588235,high,mid,2015-09-25,true
2025-09-26,31.74,72.4,72.43137254901961,high,mid,2015-09-28,true
2025-09-29,32.12,73.4,73.37254901960785,high,mid,2015-09-29,true
2025-09-30,32.39,74,74,high,mid,2015-09-30,true
2025-10-01,32.39,74,74.0392156862745,high,mid,2015-10-08,true
2025-10-02,32.39,74,74.04939239513915,high,mid,2015-10-08,true
2025-10-03,32.39,74.1,74.05956112852664,high,mid,2015-10-08,true
2025-10-06,32.39,74.1,74.06972189580885,high,mid,2015-10-08,true
2025-10-07,32.39,74.1,74.07987470634299,high,mid,2015-10-08,true
2025-10-08,32.39,74.1,74.09001956947162,high,mid,2015-10-08,true
2025-10-09,32.72,74.7,74.71624266144813,high,mid,2015-10-09,true
2025-10-10,32.38,73.8,73.77690802348337,high,mid,2015-10-12,true
2025-10-13,32.28,73.6,73.62035225048925,high,mid,2015-10-13,true
2025-10-14,31.71,72.3,72.2504892367906,high,mid,2015-10-14,true
2025-10-15,32.16,73.4,73.42465753424658,high,mid,2015-10-15,true
2025-10-16,31.82,72.5,72.52446183953033,high,mid,2015-10-16,true
2025-10-17,30.94,71.3,71.2720156555773,high,mid,2015-10-19,true
2025-10-20,31.15,71.6,71.62426614481409,high,mid,2015-10-20,true
2025-10-21,31.6,72.2,72.21135029354208,high,mid,2015-10-21,true
2025-10-22,31.46,72.1,72.05479452054794,high,mid,2015-10-22,true
2025-10-23,31.46,72.1,72.09393346379647,high,mid,2015-10-23,true
2025-10-24,31.87,72.8,72.8375733855186,high,mid,2015-10-26,true
2025-10-27,32.21,73.8,73.8160469667319,high,mid,2015-10-27,true
2025-10-28,32.15,73.7,73.65949119373776,high,mid,2015-10-28,true
2025-10-29,32.55,74.8,74.79452054794521,high,mid,2015-10-29,true
2025-10-30,32.15,73.7,73.6986301369863,high,mid,2015-10-30,true
2025-10-31,32.18,73.9,73.85518590998042,high,mid,2015-11-02,true
2025-11-03,32.28,74.2,74.16829745596868,high,mid,2015-11-03,true
2025-11-04,31.86,72.8,72.79843444227005,high,mid,2015-11-04,true
2025-11-05,32.01,73.4,73.42465753424658,high,mid,2015-11-05,true
2025-11-06,32.39,74.8,74.83365949119374,high,mid,2015-11-06,true
2025-11-07,32.33,74.4,74.40313111545989,high,mid,2015-11-09,true
2025-11-10,32.44,75,74.99021526418787,high,mid,2015-11-10,true
2025-11-11,32.34,74.4,74.44227005870842,high,mid,2015-11-11,true
2025-11-12,32.11,73.6,73.62035225048925,high,mid,2015-11-12,true
2025-11-13,32.5,75.2,75.18590998043054,high,mid,2015-11-13,true
2025-11-14,32.14,73.7,73.73776908023484,high,mid,2015-11-16,true
2025-11-17,32.15,73.9,73.89432485322897,high,mid,2015-11-17,true
2025-11-18,31.81,72.7,72.68101761252446,high,mid,2015-11-18,true
2025-11-19,31.59,72.3,72.28962818003913,high,mid,2015-11-19,true
2025-11-20,31.39,72,72.01565557729941,high,mid,2015-11-20,true
2025-11-21,30.29,69.6,69.58904109589041,mid,mid,2015-11-23,true
2025-11-24,30.64,70.5,70.48923679060665,high,mid,2015-11-24,true
2025-11-25,31,71.5,71.54598825831702,high,mid,2015-11-25,true
2025-11-26,30.98,71.5,71.5068493150685,high,mid,2015-11-26,true
2025-11-27,30.97,71.5,71.46771037181996,high,mid,2015-11-27,true
2025-11-28,31.32,72.1,72.09393346379647,high,mid,2015-11-30,true
2025-12-01,31.55,72.5,72.4853228962818,high,mid,2015-12-01,true
2025-12-02,31.24,72,71.97651663405088,high,mid,2015-12-02,true
2025-12-03,31.05,71.8,71.78082191780823,high,mid,2015-12-03,true
2025-12-04,31.03,71.7,71.74168297455968,high,mid,2015-12-04,true
2025-12-05,31.42,72.4,72.44618395303327,high,mid,2015-12-07,true
2025-12-08,31.7,73,72.95499021526419,high,mid,2015-12-08,true
2025-12-09,31.54,72.6,72.64187866927593,high,mid,2015-12-09,true
2025-12-10,31.68,73,72.95499021526419,high,mid,2015-12-10,true
2025-12-11,31.29,72.2,72.21135029354208,high,mid,2015-12-11,true
2025-12-12,31.58,72.8,72.8375733855186,high,mid,2015-12-14,true
2025-12-15,31.4,72.4,72.44618395303327,high,mid,2015-12-15,true
2025-12-16,30.88,71.3,71.2720156555773,high,mid,2015-12-16,true
2025-12-17,31.33,72.4,72.40704500978474,high,mid,2015-12-17,true
2025-12-18,31.31,72.3,72.28962818003913,high,mid,2015-12-18,true
2025-12-19,31.57,72.9,72.91585127201566,high,mid,2015-12-21,true
2025-12-22,31.9,73.9,73.89432485322897,high,mid,2015-12-22,true
2025-12-23,31.9,73.9,73.9334637964775,high,mid,2015-12-23,true
2025-12-24,32.33,75.6,75.57729941291585,high,mid,2015-12-24,true
2025-12-25,32.61,76.5,76.51663405088063,high,mid,2015-12-25,true
2025-12-26,32.66,76.7,76.71232876712328,high,mid,2015-12-28,true
2025-12-29,32.63,76.6,76.63405088062622,high,mid,2015-12-29,true
2025-12-30,32.64,76.7,76.67318982387475,high,high,2015-12-30,true
2025-12-31,32.62,76.6,76.59491193737769,high,high,2015-12-31,true
2026-01-01,32.62,76.6,76.63405088062622,high,high,2016-01-01,true
2026-01-02,32.62,76.7,76.67318982387475,high,high,2016-01-04,true
2026-01-05,33.21,78.2,78.16046966731898,high,high,2016-01-05,true
2026-01-06,33.65,78.9,78.9041095890411,high,high,2016-01-06,true
2026-01-07,33.83,79.4,79.37377690802349,high,high,2016-01-07,true
2026-01-08,34.08,80,79.96086105675147,high,high,2016-01-08,true
2026-01-09,34.68,81.4,81.36986301369863,high,high,2016-01-11,true
2026-01-12,35.37,82.2,82.15264187866927,high,high,2016-01-12,true
2026-01-13,34.78,81.4,81.4481409001957,high,high,2016-01-13,true
2026-01-14,34.97,81.7,81.6829745596869,high,high,2016-01-14,true
2026-01-15,35.04,81.8,81.76125244618395,high,high,2016-01-15,true
2026-01-16,35.13,82,81.95694716242662,high,high,2016-01-18,true
2026-01-19,35.38,82.4,82.38747553816047,high,high,2016-01-19,true
2026-01-20,35.11,81.9,81.91780821917808,high,high,2016-01-20,true
2026-01-21,35.45,82.5,82.50489236790607,high,high,2016-01-21,true
2026-01-22,35.68,82.9,82.93542074363992,high,high,2016-01-22,true
2026-01-23,36.26,83.4,83.40508806262231,high,high,2016-01-25,true
2026-01-26,35.89,83.1,83.05283757338552,high,high,2016-01-26,true
2026-01-27,35.97,83.2,83.24853228962819,high,high,2016-01-27,true
2026-01-28,36.14,83.3,83.32681017612525,high,high,2016-01-28,true
2026-01-29,35.84,83.1,83.05283757338552,high,high,2016-01-29,true
2026-01-30,35.6,82.7,82.73972602739727,high,high,2016-02-01,true
2026-02-02,34.43,80.7,80.70450097847358,high,high,2016-02-02,true
2026-02-03,35.39,82.5,82.50489236790607,high,high,2016-02-03,true
2026-02-04,35.38,82.5,82.50489236790607,high,high,2016-02-04,true
2026-02-05,34.75,81.5,81.48727984344423,high,high,2016-02-05,true
2026-02-06,34.68,81.4,81.4481409001957,high,high,2016-02-15,true
2026-02-09,35.39,82.6,82.62910798122066,high,high,2016-02-15,true
2026-02-10,35.45,82.7,82.71411810715682,high,high,2016-02-15,true
2026-02-11,35.49,82.8,82.79906176700548,high,high,2016-02-15,true
2026-02-12,35.84,83.3,83.3137944509574,high,high,2016-02-15,true
2026-02-13,35.4,82.5,82.5390625,high,high,2016-02-15,true
2026-02-16,35.4,82.6,82.578125,high,high,2016-02-16,true
2026-02-17,35.4,82.6,82.6171875,high,high,2016-02-17,true
2026-02-18,35.4,82.7,82.65625,high,high,2016-02-18,true
2026-02-19,35.4,82.7,82.6953125,high,high,2016-02-19,true
2026-02-20,35.4,82.7,82.734375,high,high,2016-02-22,true
2026-02-23,35.4,82.8,82.7734375,high,high,2016-02-23,true
2026-02-24,35.91,83.6,83.6328125,high,high,2016-02-24,true
2026-02-25,36.48,84.4,84.375,high,high,2016-02-25,true
2026-02-26,36.78,84.6,84.6484375,high,high,2016-02-26,true
2026-02-27,37.02,85,85.0390625,high,high,2016-02-29,true
2026-03-02,36.77,84.6,84.64243845252052,high,high,2016-03-02,true
2026-03-03,35.45,83,82.96209456819071,high,high,2016-03-03,true
2026-03-04,35.2,82.1,82.10238374364987,high,high,2016-03-04,true
2026-03-05,35.46,83,83.04025009769441,high,high,2016-03-07,true
2026-03-06,35.76,83.6,83.6328125,high,high,2016-03-07,true
2026-03-09,35.49,83.2,83.19656115670183,high,high,2016-03-09,true
2026-03-10,36.12,84.1,84.13442751074639,high,high,2016-03-10,true
2026-03-11,36.17,84.3,84.25166080500195,high,high,2016-03-11,true
2026-03-12,36.04,84.1,84.09534974599453,high,high,2016-03-14,true
2026-03-13,35.55,83.3,83.28125,high,high,2016-03-14,true
2026-03-16,35.48,83.1,83.11840562719811,high,high,2016-03-16,true
2026-03-17,34.62,81.2,81.16451738960532,high,high,2016-03-17,true
2026-03-18,34.91,81.7,81.7116060961313,high,high,2016-03-18,true
2026-03-19,34.08,79.9,79.87495115279405,high,high,2016-03-21,true
2026-03-20,33.63,78.8,78.75,high,high,2016-03-21,true
2026-03-23,32.03,74.4,74.4040640875342,high,high,2016-03-23,true
2026-03-24,32.87,77.5,77.53028526768269,high,high,2016-03-24,true
2026-03-25,33.54,78.7,78.74169597499024,high,high,2016-03-25,true
2026-03-26,33.1,77.9,77.8819851504494,high,high,2016-03-28,true
2026-03-27,33.51,78.8,78.75,high,high,2016-03-28,true
2026-03-30,33.63,79,79.01524032825323,high,high,2016-03-30,true
2026-03-31,33.03,77.7,77.72567409144196,high,high,2016-03-31,true
2026-04-01,33.63,79.1,79.09339585775693,high,high,2016-04-01,true
2026-04-02,33.08,77.9,77.8819851504494,high,high,2016-04-05,true
2026-04-03,32.72,77,77.03125,high,high,2016-04-05,true
2026-04-06,32.72,77.1,77.0703125,high,high,2016-04-06,true
2026-04-07,33.01,77.8,77.7734375,high,high,2016-04-07,true
2026-04-08,34.44,81.2,81.171875,high,high,2016-04-08,true
2026-04-09,34.33,80.9,80.859375,high,high,2016-04-11,true
2026-04-10,34.62,81.8,81.76493557204218,high,high,2016-04-11,true
2026-04-13,34.7,82,82.03125,high,high,2016-04-13,true
2026-04-14,35.2,82.9,82.890625,high,high,2016-04-14,true
2026-04-15,35.06,82.5,82.5390625,high,high,2016-04-15,true
2026-04-16,35.59,84.3,84.2578125,high,high,2016-04-18,true
2026-04-17,35.88,84.7,84.73252635689184,high,high,2016-04-18,true
2026-04-20,36.13,85.2,85.1953125,high,high,2016-04-20,true
2026-04-21,36.16,85.3,85.3125,high,high,2016-04-21,true
2026-04-22,36.64,85.9,85.859375,high,high,2016-04-22,true
2026-04-23,36.12,85.2,85.1953125,high,high,2016-04-25,true
2026-04-24,35.82,84.7,84.6544318625537,high,high,2016-04-25,true
2026-04-27,35.99,85.1,85.1171875,high,high,2016-04-27,true
2026-04-28,35.6,84.3,84.3359375,high,high,2016-04-28,true
2026-04-29,36.09,85.2,85.234375,high,high,2016-04-29,true
2026-04-30,36.23,85.7,85.703125,high,high,2016-05-03,true
2026-05-04,36.23,85.7,85.7421875,high,high,2016-05-04,true
2026-05-05,36.23,85.8,85.78125,high,high,2016-05-05,true
2026-05-06,36.9,86.7,86.6796875,high,high,2016-05-06,true
2026-05-07,37.53,87.8,87.7734375,high,high,2016-05-09,true
2026-05-08,37.64,88,87.97344787192503,high,high,2016-05-09,true
2026-05-11,38.21,88.4,88.3984375,high,high,2016-05-11,true
2026-05-12,38.07,88.4,88.3984375,high,high,2016-05-12,true
2026-05-13,38.66,88.6,88.5546875,high,high,2016-05-13,true
2026-05-14,37.91,88.3,88.28125,high,high,2016-05-16,true
2026-05-15,37.51,87.7,87.7001171417415,high,high,2016-05-16,true
2026-05-18,37.54,87.9,87.8515625,high,high,2016-05-18,true
2026-05-19,37.89,88.4,88.359375,high,high,2016-05-19,true
2026-05-20,37.92,88.4,88.4375,high,high,2016-05-20,true
2026-05-21,36.63,86.2,86.171875,high,high,2016-05-23,true
2026-05-22,37.44,87.7,87.7001171417415,high,high,2016-05-23,true
2026-05-25,37.9,88.5,88.4765625,high,high,2016-05-25,true
2026-05-26,37.47,87.8,87.7734375,high,high,2016-05-26,true
2026-05-27,36.9,86.8,86.7578125,high,high,2016-05-27,true
2026-05-28,37.33,87.6,87.6171875,high,high,2016-05-30,true
2026-05-29,36.45,86,86.02108551347129,high,high,2016-05-30,true
2026-06-01,36,85.2,85.1953125,high,high,2016-06-01,true
2026-06-02,36.24,85.9,85.859375,high,high,2016-06-02,true
2026-06-03,36.47,86.2,86.171875,high,high,2016-06-03,true
2026-06-04,36.42,86.1,86.09375,high,high,2016-06-06,true
2026-06-05,36.05,85.2,85.2401405700898,high,high,2016-06-06,true
2026-06-08,35.01,82.5,82.5,high,high,2016-06-08,true
2026-06-09,36.06,85.4,85.3515625,high,high,2016-06-13,true
2026-06-10,35.57,84.3,84.26395939086294,high,high,2016-06-13,true
2026-06-11,35.48,84,83.95784543325527,high,high,2016-06-13,true
2026-06-12,35.76,84.7,84.74444010924698,high,high,2016-06-13,true
2026-06-15,36.25,86.1,86.0655737704918,high,high,2016-06-15,true
2026-06-16,36.74,86.8,86.80718188914909,high,high,2016-06-16,true
2026-06-17,36.95,87.4,87.35362997658079,high,high,2016-06-17,true
2026-06-18,37.19,87.7,87.743950039032,high,high,2016-06-20,true
2026-06-19,37.19,87.7,87.74873195474053,high,high,2016-06-20,true
2026-06-22,37.49,88.4,88.44652615144419,high,high,2016-06-22,true
2026-06-23,36.69,86.7,86.72911787665886,high,high,2016-06-23,true
2026-06-24,37.14,87.7,87.743950039032,high,high,2016-06-24,true
2026-06-25,37.24,88.1,88.05620608899297,high,high,2016-06-27,true
2026-06-26,36.33,86.2,86.18806086617245,high,high,2016-06-27,true
2026-06-29,36.37,86.3,86.29976580796253,high,high,2016-06-29,true
2026-06-30,37.16,87.9,87.90007806401249,high,high,2016-06-30,true
2026-07-01,37.47,88.7,88.68071818891491,high,high,2016-07-01,true
2026-07-02,36.43,86.5,86.455893832943,high,high,2016-07-04,true
2026-07-03,36.44,86.5,86.46117830667187,high,high,2016-07-04,true
2026-07-06,35.81,84.8,84.81654957064794,high,high,2016-07-06,true
2026-07-07,35.07,82.6,82.59172521467603,high,high,2016-07-07,true
2026-07-08,34.28,80.7,80.6791569086651,high,high,2016-07-08,true
2026-07-09,35.01,82.5,82.5136612021858,high,high,2016-07-11,true
2026-07-10,34.53,81.4,81.38899726882559,high,high,2016-07-11,true
2026-07-13,32.86,77.5,77.51756440281031,high,high,2016-07-13,true
2026-07-14,33.48,78.8,78.80562060889929,high,high,2016-07-14,true
2026-07-15,33.06,77.9,77.90788446526152,high,high,2016-07-15,true
2026-07-16,32.27,75.1,75.09758001561279,high,high,2016-07-18,true
2026-07-17,30.41,69.7,69.72298088177916,mid,high,2016-07-18,true
2026-07-20,29.54,66.1,66.08118657298985,mid,high,2016-07-20,true
2026-07-21,30.71,70.6,70.60889929742389,high,high,2016-07-21,true
2026-07-22,30.27,69.4,69.35987509758002,mid,high,2016-07-22,true
2026-07-23,30.45,70.1,70.06245120999219,high,high,2016-07-25,true
2026-07-24,29.65,66.4,66.40655481857198,mid,high,2016-07-25,true
2026-07-27,30.64,70.5,70.53083528493364,high,high,2016-07-27,true
2026-07-28,29.79,67.1,67.13505074160811,mid,high,2016-07-28,true
2026-07-29,30.1,68.5,68.50117096018735,mid,high,2016-07-29,true
2026-07-30,29.29,64.7,64.71506635441062,mid,high,2016-08-01,true
2026-07-31,29.95,67.9,67.88919235271167,mid,high,2016-08-01,true
2026-08-03,29.92,67.8,67.79859484777518,mid,high,2016-08-03,true
2026-08-04,30.71,71,70.9992193598751,high,high,2016-08-04,true
2026-08-05,31.62,73.5,73.45823575331772,high,high,2016-08-05,true
2026-08-06,31.8,73.9,73.92661982825918,high,high,2016-08-08,true
2026-08-07,32.44,76.7,76.66796722590715,high,high,2016-08-08,true
2026-08-10,32.69,77.5,77.47853239656519,high,high,2016-08-10,true
2026-08-11,32.51,76.9,76.85402029664324,high,high,2016-08-11,true
2026-08-12,32.86,78.3,78.29820452771273,high,high,2016-08-12,true
2026-08-13,32.52,76.9,76.89305230288836,high,high,2016-08-15,true
2026-08-14,32.75,77.9,77.91650409676161,high,high,2016-08-15,true
2026-08-17,33.61,80.1,80.05464480874316,high,high,2016-08-17,true
2026-08-18,33.53,79.9,79.89851678376269,high,high,2016-08-18,true
2026-08-19,31.8,74,73.9656518345043,high,high,2016-08-19,true
2026-08-20,32.06,75.1,75.09758001561279,high,high,2016-08-22,true
2026-08-21,32.1,75.1,75.10729613733905,high,high,2016-08-22,true
2026-08-24,31.71,73.7,73.73145979703357,high,high,2016-08-24,true
2026-08-25,31.83,74.2,74.19984387197502,high,high,2016-08-25,true
2026-08-26,31.9,74.5,74.47306791569088,high,high,2016-08-26,true
2026-08-27,32.66,77.8,77.75175644028103,high,high,2016-08-29,true
2026-08-28,32.53,77.1,77.13616855247757,high,high,2016-08-29,true
2026-08-31,32.83,78.5,78.49336455893832,high,high,2016-08-31,true
2026-09-01,31.04,72.2,72.17017954722873,high,high,2016-09-01,true
2026-09-02,30.61,70.6,70.64793130366901,high,high,2016-09-02,true
2026-09-03,30.68,71,70.96018735362998,high,high,2016-09-05,true
2026-09-04,30.29,69.7,69.72298088177916,mid,high,2016-09-05,true
2026-09-07,30.85,71.7,71.66276346604215,high,high,2016-09-07,true
2026-09-08,30.92,71.9,71.85792349726776,high,high,2016-09-08,true
2026-09-09,30.93,71.9,71.89695550351288,high,high,2016-09-09,true
2026-09-10,30.67,70.9,70.88212334113973,high,high,2016-09-12,true
2026-09-11,30.07,68.6,68.5524775653531,mid,high,2016-09-12,true
2026-09-14,30.24,69.5,69.47697111631538,mid,high,2016-09-14,true
2026-09-15,30.16,69,68.9695550351288,mid,high,2016-09-19,true
2026-09-16,30.74,71.3,71.28365197034725,high,high,2016-09-19,true
2026-09-17,30.6,70.7,70.70982839313572,high,high,2016-09-19,true
2026-09-18,31.18,72.7,72.74853801169591,high,high,2016-09-19,true
2026-09-21,31.47,73.6,73.5569422776911,high,high,2016-09-21,true
2026-09-22,31.4,73.4,73.4009360374415,high,high,2016-09-22,true
2026-09-23,31.37,73.3,73.32293291731669,high,high,2016-09-23,true
2026-09-24,30.69,71.2,71.17784711388455,high,high,2016-09-26,true
2026-09-25,30.69,71.2,71.18908382066277,high,high,2016-09-26,true
2026-09-28,29.57,66.2,66.22464898595943,mid,high,2016-09-28,true
2026-09-29,29.67,66.7,66.69266770670826,mid,high,2016-09-29,true
2026-09-30,29.59,66.3,66.34165366614666,mid,high,2016-09-30,true
