date,pe_ttm,percentile,exact,raw_band,band,window_start,full_window
2011-06-28,11.63,,,,,,false
2011-07-15,12.38,,,,,,false
2011-07-18,12.34,,,,,,false
2011-07-19,13.94,,,,,,false
2011-07-20,13.96,,,,,,false
2011-07-21,13.84,,,,,,false
2011-07-22,13.85,,,,,,false
2011-07-25,13.52,,,,,,false
2011-07-26,13.6,,,,,,false
2011-07-27,13.65,,,,,,false
2011-07-28,13.57,,,,,,false
2011-07-29,13.59,,,,,,false
2011-08-01,13.59,,,,,,false
2011-08-02,13.59,,,,,,false
2011-08-03,13.43,,,,,,false
2011-08-04,13.43,,,,,,false
2011-08-05,13.13,,,,,,false
2011-08-08,12.73,,,,,,false
2011-08-09,12.75,,,,,,false
2011-08-10,12.84,,,,,,false
2011-08-11,12.97,,,,,,false
2011-08-12,12.98,,,,,,false
2011-08-15,13.15,,,,,,false
2011-08-16,13.07,,,,,,false
2011-08-17,13.04,,,,,,false
2011-08-18,12.85,,,,,,false
2011-08-19,12.73,,,,,,false
2011-08-22,12.63,,,,,,false
2011-08-23,12.81,,,,,,false
2011-08-24,12.71,,,,,,false
2011-08-25,13.14,,,,,,false
2011-08-26,13.1,,,,,,false
2011-08-29,12.9,,,,,,false
2011-08-30,12.89,,,,,,false
2011-08-31,12.92,,,,,,false
2011-09-01,12.89,,,,,,false
2011-09-02,12.77,,,,,,false
2011-09-05,12.55,,,,,,false
2011-09-06,12.54,,,,,,false
2011-09-07,12.74,,,,,,false
2011-09-08,12.68,,,,,,false
2011-09-09,12.71,,,,,,false
2011-09-12,12.71,,,,,,false
2011-09-13,12.6,,,,,,false
2011-09-14,12.62,,,,,,false
2011-09-15,12.57,,,,,,false
2011-09-16,12.6,,,,,,false
2011-09-19,12.39,,,,,,false
2011-09-20,12.43,,,,,,false
2011-09-21,12.73,,,,,,false
2011-09-22,12.38,,,,,,false
2011-09-23,12.34,,,,,,false
2011-09-26,12.12,,,,,,false
2011-09-27,12.26,,,,,,false
2011-09-28,12.2,,,,,,false
2011-09-29,12.17,,,,,,false
2011-10-03,12.16,,,,,,false
2011-10-04,12.16,,,,,,false
2011-10-05,12.16,,,,,,false
2011-10-06,12.16,,,,,,false
2011-10-07,12.16,,,,,,false
2011-10-10,12.08,,,,,,false
2011-10-11,12.13,,,,,,false
2011-10-12,12.46,,,,,,false
2011-10-13,12.54,,,,,,false
2011-10-14,12.52,,,,,,false
2011-10-17,12.58,,,,,,false
2011-10-18,12.34,,,,,,false
2011-10-19,12.32,,,,,,false
2011-10-20,12.15,,,,,,false
2011-10-21,12.13,,,,,,false
2011-10-24,12.43,,,,,,false
2011-10-25,12.57,,,,,,false
2011-10-26,12.64,,,,,,false
2011-10-27,12.71,,,,,,false
2011-10-28,12.88,,,,,,false
2011-10-31,12.81,,,,,,false
2011-11-01,12.81,,,,,,false
2011-11-02,12.96,,,,,,false
2011-11-03,12.97,,,,,,false
2011-11-04,13.09,,,,,,false
2011-11-07,12.96,,,,,,false
2011-11-08,13,,,,,,false
2011-11-09,13.08,,,,,,false
2011-11-10,12.82,,,,,,false
2011-11-11,12.85,,,,,,false
2011-11-14,13.08,,,,,,false
2011-11-15,13.04,,,,,,false
2011-11-16,12.71,,,,,,false
2011-11-17,12.69,,,,,,false
2011-11-18,12.51,,,,,,false
2011-11-21,12.49,,,,,,false
2011-11-22,12.48,,,,,,false
2011-11-23,12.38,,,,,,false
2011-11-24,12.42,,,,,,false
2011-11-25,9.85,,,,,,false
2011-11-28,9.87,,,,,,false
2011-11-29,9.98,,,,,,false
2011-11-30,9.7,,,,,,false
2011-12-01,9.95,,,,,,false
2011-12-02,9.89,,,,,,false
2011-12-05,9.87,,,,,,false
2011-12-06,9.83,,,,,,false
2011-12-07,9.87,,,,,,false
2011-12-08,9.86,,,,,,false
2011-12-09,9.83,,,,,,false
2011-12-12,9.73,,,,,,false
2011-12-13,9.63,,,,,,false
2011-12-14,9.6,,,,,,false
2011-12-15,9.41,,,,,,false
2011-12-16,9.57,,,,,,false
2011-12-19,9.53,,,,,,false
2011-12-20,9.55,,,,,,false
2011-12-21,9.51,,,,,,false
2011-12-22,9.53,,,,,,false
2011-12-23,9.6,,,,,,false
2011-12-26,9.53,,,,,,false
2011-12-27,9.49,,,,,,false
2011-12-28,9.53,,,,,,false
2011-12-29,9.56,,,,,,false
2011-12-30,9.65,,,,,,false
2012-03-08,10.45,,,,,,false
2012-03-09,10.5,,,,,,false
2012-03-12,10.44,,,,,,false
2012-03-13,10.52,,,,,,false
2012-03-14,10.34,,,,,,false
2012-03-15,10.28,,,,,,false
2012-03-16,10.29,,,,,,false
2012-03-19,10.27,,,,,,false
2012-03-20,10.18,,,,,,false
2012-03-21,10.17,,,,,,false
2012-03-22,10.17,,,,,,false
2012-03-23,10.11,,,,,,false
2012-04-05,10.01,,,,,,false
2012-04-06,10.09,,,,,,false
2012-04-09,10.01,,,,,,false
2012-04-10,10.08,,,,,,false
2012-04-11,10.28,,,,,,false
2012-04-12,10.26,,,,,,false
2012-04-13,10.28,,,,,,false
2012-04-16,10.26,,,,,,false
2012-04-17,10.17,,,,,,false
2012-04-18,10.35,,,,,,false
2012-04-19,10.35,,,,,,false
2012-04-20,10.48,,,,,,false
2012-04-23,10.34,,,,,,false
2012-04-26,10.43,,,,,,false
2012-04-27,10.42,,,,,,false
2012-05-02,10.63,,,,,,false
2012-05-03,10.64,,,,,,false
2012-05-04,10.65,,,,,,false
2012-05-07,10.61,,,,,,false
2012-05-08,10.59,,,,,,false
2012-05-09,10.42,,,,,,false
2012-05-10,10.41,,,,,,false
2012-05-11,10.34,,,,,,false
2012-05-14,10.27,,,,,,false
2012-05-15,10.24,,,,,,false
2012-05-16,10.25,,,,,,false
2012-05-17,10.25,,,,,,false
2012-05-18,10.1,,,,,,false
2012-05-21,10.14,,,,,,false
2012-05-22,10.15,,,,,,false
2012-05-23,10.13,,,,,,false
2012-05-24,10.13,,,,,,false
2012-05-25,10.07,,,,,,false
2012-05-28,10.17,,,,,,false
2012-05-29,10.27,,,,,,false
2012-05-30,10.24,,,,,,false
2012-05-31,10.15,,,,,,false
2012-06-01,10.17,,,,,,false
2012-06-04,9.94,,,,,,false
2012-06-08,9.93,,,,,,false
2012-06-11,9.89,,,,,,false
2012-06-12,9.83,,,,,,false
2012-06-13,9.95,,,,,,false
2012-06-14,9.83,,,,,,false
2012-06-15,9.92,,,,,,false
2012-06-18,9.92,,,,,,false
2012-06-19,9.84,,,,,,false
2012-06-20,9.84,,,,,,false
2012-06-21,9.7,,,,,,false
2012-06-25,9.6,,,,,,false
2012-06-26,9.58,,,,,,false
2012-06-27,9.57,,,,,,false
2012-06-28,9.51,,,,,,false
2012-06-29,9.63,,,,,,false
2012-07-02,9.66,,,,,,false
2012-07-03,9.69,,,,,,false
2012-07-04,9.69,,,,,,false
2012-07-05,9.64,,,,,,false
2012-07-06,9.68,,,,,,false
2012-07-09,9.43,,,,,,false
2012-07-10,9.43,,,,,,false
2012-07-11,9.46,,,,,,false
2012-07-12,9.46,,,,,,false
2012-07-13,9.49,,,,,,false
2012-07-16,9.4,,,,,,false
2012-07-17,9.46,,,,,,false
2012-07-18,9.46,,,,,,false
2012-07-19,9.52,,,,,,false
2012-07-20,9.52,,,,,,false
2012-07-23,9.31,,,,,,false
2012-07-24,9.32,,,,,,false
2012-07-26,9.28,,,,,,false
2012-07-27,9.32,,,,,,false
2012-07-30,9.29,,,,,,false
2012-07-31,9.32,,,,,,false
2012-08-01,9.38,,,,,,false
2012-08-02,9.34,,,,,,false
2012-08-03,9.4,,,,,,false
2012-08-06,9.45,,,,,,false
2012-08-07,9.44,,,,,,false
2012-08-08,9.47,,,,,,false
2012-08-09,9.5,,,,,,false
2012-08-10,9.48,,,,,,false
2012-08-13,9.37,,,,,,false
2012-08-14,9.39,,,,,,false
2012-08-15,9.28,,,,,,false
2012-08-16,9.27,,,,,,false
2012-08-17,9.29,,,,,,false
2012-08-20,9.24,,,,,,false
2012-08-21,9.25,,,,,,false
2012-08-22,9.21,,,,,,false
2012-08-23,9.21,,,,,,false
2012-08-24,9.17,,,,,,false
2012-08-27,9.07,,,,,,false
2012-08-28,9.16,,,,,,false
2012-08-29,9.09,,,,,,false
2012-08-30,9.13,,,,,,false
2012-08-31,8.72,,,,,,false
2012-09-04,8.68,,,,,,false
2012-09-05,8.63,,,,,,false
2012-09-06,8.68,,,,,,false
2012-09-07,8.99,,,,,,false
2012-09-10,9,,,,,,false
2012-09-11,8.92,,,,,,false
2012-09-12,8.92,,,,,,false
2012-09-13,8.89,,,,,,false
2012-09-14,8.97,,,,,,false
2012-09-17,8.83,,,,,,false
2012-09-18,8.74,,,,,,false
2012-09-19,8.75,,,,,,false
2012-09-20,8.61,,,,,,false
2012-09-21,8.64,,,,,,false
2012-09-24,8.65,,,,,,false
2012-09-25,8.66,,,,,,false
2012-09-26,8.59,,,,,,false
2012-09-27,8.81,,,,,,false
2012-09-28,8.92,,,,,,false
2012-10-08,8.86,,,,,,false
2012-10-09,9,,,,,,false
2012-10-10,9,,,,,,false
2012-10-11,8.96,,,,,,false
2012-10-12,8.98,,,,,,false
2012-10-15,8.96,,,,,,false
2012-10-16,8.95,,,,,,false
2012-10-17,8.99,,,,,,false
2012-10-18,9.08,,,,,,false
2012-10-19,9.08,,,,,,false
2012-10-22,9.08,,,,,,false
2012-10-23,9.01,,,,,,false
2012-10-24,9.01,,,,,,false
2012-10-25,8.96,,,,,,false
2012-10-26,8.83,,,,,,false
2012-10-29,8.79,,,,,,false
2012-10-30,8.81,,,,,,false
2012-10-31,8.76,,,,,,false
2012-11-01,8.91,,,,,,false
2012-11-02,8.97,,,,,,false
2012-11-05,8.96,,,,,,false
2012-11-06,8.93,,,,,,false
2012-11-07,8.94,,,,,,false
2012-11-08,8.83,,,,,,false
2012-11-09,8.82,,,,,,false
2012-11-12,8.86,,,,,,false
2012-11-13,8.74,,,,,,false
2012-11-14,8.78,,,,,,false
2012-11-15,8.7,,,,,,false
2012-11-16,8.63,,,,,,false
2012-11-19,8.63,,,,,,false
2012-11-20,8.59,,,,,,false
2012-11-21,8.68,,,,,,false
2012-11-22,8.63,,,,,,false
2012-11-23,8.69,,,,,,false
2012-11-26,8.68,,,,,,false
2012-11-27,8.65,,,,,,false
2012-11-28,8.63,,,,,,false
2012-11-29,8.6,,,,,,false
2012-11-30,8.64,,,,,,false
2012-12-03,8.6,,,,,,false
2012-12-04,8.64,,,,,,false
2012-12-05,8.86,,,,,,false
2012-12-06,8.85,,,,,,false
2012-12-07,8.97,,,,,,false
2012-12-10,9.04,,,,,,false
2012-12-11,9.01,,,,,,false
2012-12-12,9.07,,,,,,false
2012-12-13,8.98,,,,,,false
2012-12-14,9.38,,,,,,false
2012-12-17,9.4,,,,,,false
2012-12-18,9.43,,,,,,false
2012-12-19,9.42,,,,,,false
2012-12-20,9.44,,,,,,false
2012-12-21,9.35,,,,,,false
2012-12-24,9.37,,,,,,false
2012-12-25,9.61,,,,,,false
2012-12-26,9.6,,,,,,false
2012-12-27,9.54,,,,,,false
2012-12-28,9.67,,,,,,false
2012-12-31,9.84,,,,,,false
2013-01-04,9.95,,,,,,false
2013-01-07,9.96,,,,,,false
2013-01-08,9.85,,,,,,false
2013-01-09,9.84,,,,,,false
2013-01-10,9.84,,,,,,false
2013-01-11,9.75,,,,,,false
2013-01-14,10.04,,,,,,false
2013-01-15,10.05,,,,,,false
2013-01-16,9.94,,,,,,false
2013-01-17,9.81,,,,,,false
2013-01-18,9.94,,,,,,false
2013-01-21,9.98,,,,,,false
2013-01-22,9.97,,,,,,false
2013-01-23,9.99,,,,,,false
2013-01-24,9.98,,,,,,false
2013-01-25,9.9,,,,,,false
2013-01-28,10.15,,,,,,false
2013-01-29,10.2,,,,,,false
2013-01-30,10.34,,,,,,false
2013-01-31,10.36,,,,,,false
2013-02-01,10.57,,,,,,false
2013-02-04,10.63,,,,,,false
2013-02-05,10.6,,,,,,false
2013-02-06,10.61,,,,,,false
2013-02-07,10.49,,,,,,false
2013-02-08,10.51,,,,,,false
2013-02-18,10.44,,,,,,false
2013-02-19,10.28,,,,,,false
2013-02-20,10.28,,,,,,false
2013-02-21,9.94,,,,,,false
2013-02-22,9.86,,,,,,false
2013-02-25,9.89,,,,,,false
2013-02-26,9.76,,,,,,false
2013-02-27,9.88,,,,,,false
2013-02-28,10.11,,,,,,false
2013-03-01,10.05,,,,,,false
2013-03-04,9.66,,,,,,false
2013-03-05,9.91,,,,,,false
2013-03-06,9.97,,,,,,false
2013-03-07,9.85,,,,,,false
2013-03-08,9.86,,,,,,false
2013-03-11,9.8,,,,,,false
2013-03-12,9.74,,,,,,false
2013-03-13,9.65,,,,,,false
2013-03-14,9.68,,,,,,false
2013-03-15,9.72,,,,,,false
2013-03-18,9.53,,,,,,false
2013-03-19,9.61,,,,,,false
2013-03-20,9.88,,,,,,false
2013-03-21,9.87,,,,,,false
2013-03-22,9.88,,,,,,false
2013-03-25,9.87,,,,,,false
2013-03-26,9.71,,,,,,false
2013-03-27,9.71,,,,,,false
2013-03-28,9.44,,,,,,false
2013-03-29,9.45,,,,,,false
2013-04-01,9.41,,,,,,false
2013-04-02,9.42,,,,,,false
2013-04-03,9.46,,,,,,false
2013-04-08,9.37,,,,,,false
2013-04-09,9.42,,,,,,false
2013-04-10,9.44,,,,,,false
2013-04-11,9.42,,,,,,false
2013-04-12,9.38,,,,,,false
2013-04-15,9.28,,,,,,false
2013-04-16,9.33,,,,,,false
2013-04-17,9.29,,,,,,false
2013-04-18,9.31,,,,,,false
2013-04-19,9.51,,,,,,false
2013-04-22,9.48,,,,,,false
2013-04-23,9.24,,,,,,false
2013-04-24,9.37,,,,,,false
2013-04-25,9.31,,,,,,false
2013-04-26,9.25,,,,,,false
2013-05-02,8.93,,,,,,false
2013-05-03,9.04,,,,,,false
2013-05-06,9.02,,,,,,false
2013-05-07,9.02,,,,,,false
2013-05-08,9.06,,,,,,false
2013-05-09,8.99,,,,,,false
2013-05-10,9.03,,,,,,false
2013-05-13,8.99,,,,,,false
2013-05-14,8.88,,,,,,false
2013-05-15,8.88,,,,,,false
2013-05-16,8.99,,,,,,false
2013-05-17,9.11,,,,,,false
2013-05-20,9.18,,,,,,false
2013-05-21,9.15,,,,,,false
2013-05-22,9.15,,,,,,false
2013-05-23,9.03,,,,,,false
2013-05-24,9.05,,,,,,false
2013-05-27,9.03,,,,,,false
2013-05-28,9.18,,,,,,false
2013-05-29,9.16,,,,,,false
2013-05-30,9.12,,,,,,false
2013-05-31,9.07,,,,,,false
2013-06-03,9.08,,,,,,false
2013-06-04,9.02,,,,,,false
2013-06-05,8.99,,,,,,false
2013-06-06,8.88,,,,,,false
2013-06-07,8.78,,,,,,false
2013-06-13,8.55,,,,,,false
2013-06-14,8.56,,,,,,false
2013-06-17,8.52,,,,,,false
2013-06-18,8.55,,,,,,false
2013-06-19,8.34,,,,,,false
2013-06-20,8.12,,,,,,false
2013-06-21,8.08,,,,,,false
2013-06-24,7.66,,,,,,false
2013-06-25,7.66,,,,,,false
2013-06-26,7.53,,,,,,false
2013-06-27,7.57,,,,,,false
2013-06-28,7.74,,,,,,false
2013-07-01,8.02,,,,,,false
2013-07-02,8.02,,,,,,false
2013-07-03,7.81,,,,,,false
2013-07-04,7.84,,,,,,false
2013-07-05,7.87,,,,,,false
2013-07-08,7.75,,,,,,false
2013-07-09,7.77,,,,,,false
2013-07-10,7.91,,,,,,false
2013-07-11,8.18,,,,,,false
2013-07-12,8.01,,,,,,false
2013-07-15,8.05,,,,,,false
2013-07-16,8.03,,,,,,false
2013-07-17,7.96,,,,,,false
2013-07-18,7.85,,,,,,false
2013-07-19,7.78,,,,,,false
2013-07-22,7.79,,,,,,false
2013-07-23,7.92,,,,,,false
2013-07-24,7.8,,,,,,false
2013-07-25,7.78,,,,,,false
2013-07-26,7.74,,,,,,false
2013-07-29,7.6,,,,,,false
2013-07-30,7.69,,,,,,false
2013-07-31,7.71,,,,,,false
2013-08-01,8,,,,,,false
2013-08-02,7.99,,,,,,false
2013-08-05,8.05,,,,,,false
2013-08-06,8.05,,,,,,false
2013-08-07,8.01,,,,,,false
2013-08-08,7.99,,,,,,false
2013-08-09,8.03,,,,,,false
2013-08-12,8.25,,,,,,false
2013-08-13,8.27,,,,,,false
2013-08-14,8.24,,,,,,false
2013-08-15,8.18,,,,,,false
2013-08-16,8.18,,,,,,false
2013-08-19,8.22,,,,,,false
2013-08-20,8.15,,,,,,false
2013-08-21,8.13,,,,,,false
2013-08-22,8.1,,,,,,false
2013-08-23,8.04,,,,,,false
2013-08-26,8.17,,,,,,false
2013-08-27,8.16,,,,,,false
2013-08-28,8.13,,,,,,false
2013-08-29,8.1,,,,,,false
2013-08-30,8.1,,,,,,false
2013-09-02,7.89,,,,,,false
2013-09-03,7.98,,,,,,false
2013-09-04,7.99,,,,,,false
2013-09-05,7.93,,,,,,false
2013-09-06,7.97,,,,,,false
2013-09-09,8.34,,,,,,false
2013-09-10,8.4,,,,,,false
2013-09-11,8.43,,,,,,false
2013-09-12,8.51,,,,,,false
2013-09-13,8.41,,,,,,false
2013-09-16,8.38,,,,,,false
2013-09-17,8.21,,,,,,false
2013-09-18,8.19,,,,,,false
2013-09-23,8.29,,,,,,false
2013-09-24,8.17,,,,,,false
2013-09-25,8.12,,,,,,false
2013-09-26,8,,,,,,false
2013-09-27,8.02,,,,,,false
2013-09-30,8.04,,,,,,false
2013-10-08,8.11,,,,,,false
2013-10-09,8.12,,,,,,false
2013-10-10,8.02,,,,,,false
2013-10-11,8.13,,,,,,false
2013-10-14,8.13,,,,,,false
2013-10-15,8.09,,,,,,false
2013-10-16,8.02,,,,,,false
2013-10-17,8,,,,,,false
2013-10-18,8.02,,,,,,false
2013-10-21,8.1,,,,,,false
2013-10-22,8.04,,,,,,false
2013-10-23,8.01,,,,,,false
2013-10-24,7.93,,,,,,false
2013-10-25,7.87,,,,,,false
2013-10-28,7.87,,,,,,false
2013-10-29,7.97,,,,,,false
2013-10-30,8.08,,,,,,false
2013-10-31,8.04,,,,,,false
2013-11-01,7.77,,,,,,false
2013-11-04,7.75,,,,,,false
2013-11-05,7.75,,,,,,false
2013-11-06,7.7,,,,,,false
2013-11-07,7.7,,,,,,false
2013-11-08,7.63,,,,,,false
2013-11-11,7.64,,,,,,false
2013-11-12,7.7,,,,,,false
2013-11-13,7.55,,,,,,false
2013-11-14,7.56,,,,,,false
2013-11-15,7.67,,,,,,false
2013-11-18,7.92,,,,,,false
2013-11-19,7.89,,,,,,false
2013-11-20,7.92,,,,,,false
2013-11-21,7.92,,,,,,false
2013-11-22,7.91,,,,,,false
2013-11-25,7.84,,,,,,false
2013-11-26,7.81,,,,,,false
2013-11-27,7.85,,,,,,false
2013-11-28,7.92,,,,,,false
2013-11-29,7.9,,,,,,false
2013-12-02,8.06,,,,,,false
2013-12-03,8.03,,,,,,false
2013-12-04,8.09,,,,,,false
2013-12-05,8.06,,,,,,false
2013-12-06,8.02,,,,,,false
2013-12-09,8,,,,,,false
2013-12-10,7.97,,,,,,false
2013-12-11,7.84,,,,,,false
2013-12-12,7.81,,,,,,false
2013-12-13,7.77,,,,,,false
2013-12-16,7.78,,,,,,false
2013-12-17,7.75,,,,,,false
2013-12-18,7.75,,,,,,false
2013-12-19,7.7,,,,,,false
2013-12-20,7.53,,,,,,false
2013-12-23,7.56,,,,,,false
2013-12-24,7.55,,,,,,false
2013-12-25,7.58,,,,,,false
2013-12-26,7.49,,,,,,false
2013-12-27,7.57,,,,,,false
2013-12-30,7.55,,,,,,false
2013-12-31,7.64,,,,,,false
2014-01-02,7.61,,,,,,false
2014-01-03,7.52,,,,,,false
2014-01-06,7.47,,,,,,false
2014-01-07,7.46,,,,,,false
2014-01-08,7.44,,,,,,false
2014-01-09,7.39,,,,,,false
2014-01-10,7.37,,,,,,false
2014-01-13,7.37,,,,,,false
2014-01-14,7.4,,,,,,false
2014-01-15,7.35,,,,,,false
2014-01-16,7.34,,,,,,false
2014-01-17,7.32,,,,,,false
2014-01-20,7.26,,,,,,false
2014-01-21,7.3,,,,,,false
2014-01-22,7.43,,,,,,false
2014-01-23,7.36,,,,,,false
2014-01-24,7.38,,,,,,false
2014-01-27,7.27,,,,,,false
2014-01-28,7.32,,,,,,false
2014-01-29,7.35,,,,,,false
2014-01-30,7.29,,,,,,false
2014-02-07,7.28,,,,,,false
2014-02-10,7.38,,,,,,false
2014-02-11,7.47,,,,,,false
2014-02-12,7.45,,,,,,false
2014-02-13,7.44,,,,,,false
2014-02-14,7.47,,,,,,false
2014-02-17,7.51,,,,,,false
2014-02-18,7.4,,,,,,false
2014-02-19,7.52,,,,,,false
2014-02-20,7.57,,,,,,false
2014-02-21,7.46,,,,,,false
2014-02-24,7.28,,,,,,false
2014-02-25,7.21,,,,,,false
2014-02-26,7.23,,,,,,false
2014-02-27,7.32,,,,,,false
2014-02-28,7.33,,,,,,false
2014-03-03,7.34,,,,,,false
2014-03-04,7.34,,,,,,false
2014-03-05,7.25,,,,,,false
2014-03-06,7.3,,,,,,false
2014-03-07,7.31,,,,,,false
2014-03-10,7.14,,,,,,false
2014-03-11,7.13,,,,,,false
2014-03-12,7.09,,,,,,false
2014-03-13,7.18,,,,,,false
2014-03-14,7.13,,,,,,false
2014-03-17,7.18,,,,,,false
2014-03-18,7.16,,,,,,false
2014-03-19,7.15,,,,,,false
2014-03-20,7.1,,,,,,false
2014-03-21,7.32,,,,,,false
2014-03-24,7.38,,,,,,false
2014-03-25,7.35,,,,,,false
2014-03-26,7.34,,,,,,false
2014-03-27,7.3,,,,,,false
2014-03-28,7.35,,,,,,false
2014-03-31,7.34,,,,,,false
2014-04-01,7.36,,,,,,false
2014-04-02,7.42,,,,,,false
2014-04-03,7.36,,,,,,false
2014-04-04,7.4,,,,,,false
2014-04-08,7.56,,,,,,false
2014-04-09,7.57,,,,,,false
2014-04-10,7.72,,,,,,false
2014-04-11,7.69,,,,,,false
2014-04-14,7.67,,,,,,false
2014-04-15,7.53,,,,,,false
2014-04-16,7.55,,,,,,false
2014-04-17,7.53,,,,,,false
2014-04-18,7.51,,,,,,false
2014-04-21,7.41,,,,,,false
2014-04-22,7.47,,,,,,false
2014-04-23,7.46,,,,,,false
2014-04-24,7.44,,,,,,false
2014-04-25,7.4,,,,,,false
2014-04-28,7.35,,,,,,false
2014-04-29,7.38,,,,,,false
2014-04-30,7.39,,,,,,false
2014-05-05,7.06,,,,,,false
2014-05-06,7.05,,,,,,false
2014-05-07,7.02,,,,,,false
2014-05-08,7.03,,,,,,false
2014-05-09,7.05,,,,,,false
2014-05-12,7.17,,,,,,false
2014-05-13,7.16,,,,,,false
2014-05-14,7.16,,,,,,false
2014-05-15,7.11,,,,,,false
2014-05-16,7.12,,,,,,false
2014-05-19,7.03,,,,,,false
2014-05-20,7.04,,,,,,false
2014-05-21,7.1,,,,,,false
2014-05-22,7.09,,,,,,false
2014-05-23,7.14,,,,,,false
2014-05-26,7.14,,,,,,false
2014-05-27,7.12,,,,,,false
2014-05-28,7.17,,,,,,false
2014-05-29,7.16,,,,,,false
2014-05-30,7.15,,,,,,false
2014-06-03,7.15,,,,,,false
2014-06-04,7.12,,,,,,false
2014-06-05,7.17,,,,,,false
2014-06-06,7.13,,,,,,false
2014-06-09,7.15,,,,,,false
2014-06-10,7.24,,,,,,false
2014-06-11,7.22,,,,,,false
2014-06-12,7.2,,,,,,false
2014-06-13,7.28,,,,,,false
2014-06-16,7.39,,,,,,false
2014-06-17,7.32,,,,,,false
2014-06-18,7.28,,,,,,false
2014-06-19,7.21,,,,,,false
2014-06-20,7.18,,,,,,false
2014-06-23,7.14,,,,,,false
2014-06-24,7.16,,,,,,false
2014-06-25,7.12,,,,,,false
2014-06-26,7.15,,,,,,false
2014-06-27,7.14,,,,,,false
2014-06-30,7.17,,,,,,false
2014-07-01,7.16,,,,,,false
2014-07-02,7.18,,,,,,false
2014-07-03,7.15,,,,,,false
2014-07-04,7.16,,,,,,false
2014-07-07,7.17,,,,,,false
2014-07-08,7.17,,,,,,false
2014-07-09,7.09,,,,,,false
2014-07-10,7.09,,,,,,false
2014-07-11,7.09,,,,,,false
2014-07-14,7.13,,,,,,false
2014-07-15,7.15,,,,,,false
2014-07-16,7.15,,,,,,false
2014-07-17,7.11,,,,,,false
2014-07-18,7.12,,,,,,false
2014-07-21,7.11,,,,,,false
2014-07-22,7.17,,,,,,false
2014-07-23,7.21,,,,,,false
2014-07-24,7.34,,,,,,false
2014-07-25,7.42,,,,,,false
2014-07-28,7.63,,,,,,false
2014-07-29,7.62,,,,,,false
2014-07-30,7.61,,,,,,false
2014-07-31,7.68,,,,,,false
2014-08-01,7.63,,,,,,false
2014-08-04,7.77,,,,,,false
2014-08-05,7.72,,,,,,false
2014-08-06,7.68,,,,,,false
2014-08-07,7.56,,,,,,false
2014-08-08,7.57,,,,,,false
2014-08-11,7.68,,,,,,false
2014-08-12,7.63,,,,,,false
2014-08-13,7.65,,,,,,false
2014-08-14,7.59,,,,,,false
2014-08-15,7.66,,,,,,false
2014-08-18,7.66,,,,,,false
2014-08-19,7.68,,,,,,false
2014-08-20,7.64,,,,,,false
2014-08-21,7.57,,,,,,false
2014-08-22,7.6,,,,,,false
2014-08-25,7.56,,,,,,false
2014-08-26,7.53,,,,,,false
2014-08-27,7.53,,,,,,false
2014-08-28,7.5,,,,,,false
2014-08-29,7.55,,,,,,false
2014-09-01,7.32,,,,,,false
2014-09-02,7.41,,,,,,false
2014-09-03,7.49,,,,,,false
2014-09-04,7.55,,,,,,false
2014-09-05,7.63,,,,,,false
2014-09-09,7.59,,,,,,false
2014-09-10,7.52,,,,,,false
2014-09-11,7.49,,,,,,false
2014-09-12,7.54,,,,,,false
2014-09-15,7.51,,,,,,false
2014-09-16,7.43,,,,,,false
2014-09-17,7.44,,,,,,false
2014-09-18,7.46,,,,,,false
2014-09-19,7.47,,,,,,false
2014-09-22,7.31,,,,,,false
2014-09-23,7.35,,,,,,false
2014-09-24,7.46,,,,,,false
2014-09-25,7.45,,,,,,false
2014-09-26,7.44,,,,,,false
2014-09-29,7.45,,,,,,false
2014-09-30,7.45,,,,,,false
2014-10-08,7.48,,,,,,false
2014-10-09,7.48,,,,,,false
2014-10-10,7.43,,,,,,false
2014-10-13,7.37,,,,,,false
2014-10-14,7.35,,,,,,false
2014-10-15,7.4,,,,,,false
2014-10-16,7.39,,,,,,false
2014-10-17,7.37,,,,,,false
2014-10-20,7.39,,,,,,false
2014-10-21,7.34,,,,,,false
2014-10-22,7.34,,,,,,false
2014-10-23,7.29,,,,,,false
2014-10-24,7.28,,,,,,false
2014-10-27,7.2,,,,,,false
2014-10-28,7.3,,,,,,false
2014-10-29,7.38,,,,,,false
2014-10-30,7.44,,,,,,false
2014-10-31,7.6,,,,,,false
2014-11-03,7.41,,,,,,false
2014-11-04,7.39,,,,,,false
2014-11-05,7.34,,,,,,false
2014-11-06,7.34,,,,,,false
2014-11-07,7.34,,,,,,false
2014-11-10,7.53,,,,,,false
2014-11-11,7.66,,,,,,false
2014-11-12,7.68,,,,,,false
2014-11-13,7.67,,,,,,false
2014-11-14,7.67,,,,,,false
2014-11-17,7.61,,,,,,false
2014-11-18,7.5,,,,,,false
2014-11-19,7.45,,,,,,false
2014-11-20,7.47,,,,,,false
2014-11-21,7.59,,,,,,false
2014-11-24,7.74,,,,,,false
2014-11-25,7.82,,,,,,false
2014-11-26,8,,,,,,false
2014-11-27,8.11,,,,,,false
2014-11-28,8.38,,,,,,false
2014-12-01,8.38,,,,,,false
2014-12-02,8.75,,,,,,false
2014-12-03,8.76,,,,,,false
2014-12-04,9.33,,,,,,false
2014-12-05,9.71,,,,,,false
2014-12-08,10.01,,,,,,false
2014-12-09,9.34,,,,,,false
2014-12-10,9.55,,,,,,false
2014-12-11,9.33,,,,,,false
2014-12-12,9.35,,,,,,false
2014-12-15,9.29,,,,,,false
2014-12-16,9.65,,,,,,false
2014-12-17,9.95,,,,,,false
2014-12-18,9.87,,,,,,false
2014-12-19,10.05,,,,,,false
2014-12-22,10.33,,,,,,false
2014-12-23,9.98,,,,,,false
2014-12-24,9.59,,,,,,false
2014-12-25,9.97,,,,,,false
2014-12-26,10.38,,,,,,false
2014-12-29,10.48,,,,,,false
2014-12-30,10.65,,,,,,false
2014-12-31,10.94,,,,,,false
2015-01-05,11.44,,,,,,false
2015-01-06,11.37,,,,,,false
2015-01-07,11.49,,,,,,false
2015-01-08,11.15,,,,,,false
2015-01-09,11.18,,,,,,false
2015-01-12,11.02,,,,,,false
2015-01-13,10.98,,,,,,false
2015-01-14,10.99,,,,,,false
2015-01-15,11.53,,,,,,false
2015-01-16,11.69,,,,,,false
2015-01-19,10.6,,,,,,false
2015-01-20,10.7,,,,,,false
2015-01-21,11.33,,,,,,false
2015-01-22,11.34,,,,,,false
2015-01-23,11.44,,,,,,false
2015-01-26,11.46,,,,,,false
2015-01-27,11.25,,,,,,false
2015-01-28,11.05,,,,,,false
2015-01-29,10.83,,,,,,false
2015-01-30,10.63,,,,,,false
2015-02-02,10.27,,,,,,false
2015-02-03,10.61,,,,,,false
2015-02-04,10.45,,,,,,false
2015-02-05,10.32,,,,,,false
2015-02-06,10.13,,,,,,false
2015-02-09,10.28,,,,,,false
2015-02-10,10.45,,,,,,false
2015-02-11,10.47,,,,,,false
2015-02-12,10.51,,,,,,false
2015-02-13,10.57,,,,,,false
2015-02-16,10.57,,,,,,false
2015-02-17,10.64,,,,,,false
2015-02-25,10.56,,,,,,false
2015-02-26,10.81,,,,,,false
2015-02-27,10.82,,,,,,false
2015-03-02,10.82,,,,,,false
2015-03-03,10.45,,,,,,false
2015-03-04,10.45,,,,,,false
2015-03-05,10.29,,,,,,false
2015-03-06,10.32,,,,,,false
2015-03-09,10.59,,,,,,false
2015-03-10,10.42,,,,,,false
2015-03-11,10.47,,,,,,false
2015-03-12,10.78,,,,,,false
2015-03-13,10.81,,,,,,false
2015-03-16,11,,,,,,false
2015-03-17,11.14,,,,,,false
2015-03-18,11.4,,,,,,false
2015-03-19,11.32,,,,,,false
2015-03-20,11.46,,,,,,false
2015-03-23,11.62,,,,,,false
2015-03-24,11.53,,,,,,false
2015-03-25,11.33,,,,,,false
2015-03-26,11.56,,,,,,false
2015-03-27,11.51,,,,,,false
2015-03-30,11.87,,,,,,false
2015-03-31,11.73,,,,,,false
2015-04-01,11.88,,,,,,false
2015-04-02,11.83,,,,,,false
2015-04-03,11.9,,,,,,false
2015-04-07,12.25,,,,,,false
2015-04-08,12.49,,,,,,false
2015-04-09,12.39,,,,,,false
2015-04-10,12.58,,,,,,false
2015-04-13,12.84,,,,,,false
2015-04-14,12.81,,,,,,false
2015-04-15,12.87,,,,,,false
2015-04-16,13.38,,,,,,false
2015-04-17,13.66,,,,,,false
2015-04-20,13.33,,,,,,false
2015-04-21,13.49,,,,,,false
2015-04-22,13.78,,,,,,false
2015-04-23,13.73,,,,,,false
2015-04-24,13.58,,,,,,false
2015-04-27,14.13,,,,,,false
2015-04-28,14.08,,,,,,false
2015-04-29,13.89,,,,,,false
2015-04-30,13.68,,,,,,false
2015-05-04,14.18,,,,,,false
2015-05-05,13.61,,,,,,false
2015-05-06,13.47,,,,,,false
2015-05-07,13.18,,,,,,false
2015-05-08,13.31,,,,,,false
2015-05-11,13.55,,,,,,false
2015-05-12,13.62,,,,,,false
2015-05-13,13.42,,,,,,false
2015-05-14,13.39,,,,,,false
2015-05-15,13.09,,,,,,false
2015-05-18,12.82,,,,,,false
2015-05-19,13.26,,,,,,false
2015-05-20,13.28,,,,,,false
2015-05-21,13.6,,,,,,false
2015-05-22,14.02,,,,,,false
2015-05-25,14.44,,,,,,false
2015-05-26,14.56,,,,,,false
2015-05-27,14.49,,,,,,false
2015-05-28,13.46,,,,,,false
2015-05-29,13.45,,,,,,false
2015-06-01,14.01,,,,,,false
2015-06-02,14.04,,,,,,false
2015-06-03,13.97,,,,,,false
2015-06-04,14.23,,,,,,false
2015-06-05,14.3,,,,,,false
2015-06-08,15,,,,,,false
2015-06-09,14.83,,,,,,false
2015-06-10,14.6,,,,,,false
2015-06-11,14.51,,,,,,false
2015-06-12,14.53,,,,,,false
2015-06-15,13.79,,,,,,false
2015-06-16,13.36,,,,,,false
2015-06-17,13.55,,,,,,false
2015-06-18,12.96,,,,,,false
2015-06-19,12.27,,,,,,false
2015-06-23,12.7,,,,,,false
2015-06-24,12.92,,,,,,false
2015-06-25,12.5,,,,,,false
2015-06-26,11.69,,,,,,false
2015-06-29,11.6,,,,,,false
2015-06-30,12.31,,,,,,false
2015-07-01,11.75,,,,,,false
2015-07-02,11.87,,,,,,false
2015-07-03,11.36,,,,,,false
2015-07-06,12.25,,,,,,false
2015-07-07,12.66,,,,,,false
2015-07-08,11.91,,,,,,false
2015-07-09,12.58,,,,,,false
2015-07-10,12.92,,,,,,false
2015-07-13,12.61,,,,,,false
2015-07-14,12.22,,,,,,false
2015-07-15,12.44,,,,,,false
2015-07-16,12.28,,,,,,false
2015-07-17,12.39,,,,,,false
2015-07-20,12.39,,,,,,false
2015-07-21,12.32,,,,,,false
2015-07-22,12.2,,,,,,false
2015-07-23,12.36,,,,,,false
2015-07-24,12.18,,,,,,false
2015-07-27,10.9,,,,,,false
2015-07-28,10.79,,,,,,false
2015-07-29,10.93,,,,,,false
2015-07-30,10.71,,,,,,false
2015-07-31,10.62,,,,,,false
2015-08-03,10.62,,,,,,false
2015-08-04,10.82,,,,,,false
2015-08-05,10.62,,,,,,false
2015-08-06,10.52,,,,,,false
2015-08-07,10.67,,,,,,false
2015-08-10,11.12,,,,,,false
2015-08-11,11.04,,,,,,false
2015-08-12,10.93,,,,,,false
2015-08-13,10.99,,,,,,false
2015-08-14,10.96,,,,,,false
2015-08-17,10.83,,,,,,false
2015-08-18,10.41,,,,,,false
2015-08-19,10.39,,,,,,false
2015-08-20,10.1,,,,,,false
2015-08-21,9.8,,,,,,false
2015-08-24,8.95,,,,,,false
2015-08-25,8.27,,,,,,false
2015-08-26,8.38,,,,,,false
2015-08-27,8.92,,,,,,false
2015-08-28,9.2,,,,,,false
2015-08-31,9.32,,,,,,false
2015-09-01,9.71,,,,,,false
2015-09-02,9.85,,,,,,false
2015-09-07,9.35,,,,,,false
2015-09-08,9.5,,,,,,false
2015-09-09,9.64,,,,,,false
2015-09-10,9.58,,,,,,false
2015-09-11,9.51,,,,,,false
2015-09-14,9.58,,,,,,false
2015-09-15,9.45,,,,,,false
2015-09-16,9.69,,,,,,false
2015-09-17,9.51,,,,,,false
2015-09-18,9.48,,,,,,false
2015-09-21,9.53,,,,,,false
2015-09-22,9.61,,,,,,false
2015-09-23,9.37,,,,,,false
2015-09-24,9.41,,,,,,false
2015-09-25,9.42,,,,,,false
2015-09-28,9.35,,,,,,false
2015-09-29,9.16,,,,,,false
2015-09-30,9.21,,,,,,false
2015-10-08,9.41,,,,,,false
2015-10-09,9.51,,,,,,false
2015-10-12,9.77,,,,,,false
2015-10-13,9.7,,,,,,false
2015-10-14,9.65,,,,,,false
2015-10-15,9.81,,,,,,false
2015-10-16,9.92,,,,,,false
2015-10-19,9.88,,,,,,false
2015-10-20,9.98,,,,,,false
2015-10-21,10.06,,,,,,false
2015-10-22,9.98,,,,,,false
2015-10-23,10,,,,,,false
2015-10-26,10.03,,,,,,false
2015-10-27,10,,,,,,false
2015-10-28,9.88,,,,,,false
2015-10-29,9.86,,,,,,false
2015-10-30,9.85,,,,,,false
2015-11-02,9.87,,,,,,false
2015-11-03,9.81,,,,,,false
2015-11-04,10.2,,,,,,false
2015-11-05,10.49,,,,,,false
2015-11-06,10.66,,,,,,false
2015-11-09,10.89,,,,,,false
2015-11-10,10.83,,,,,,false
2015-11-11,10.76,,,,,,false
2015-11-12,10.63,,,,,,false
2015-11-13,10.5,,,,,,false
2015-11-16,10.53,,,,,,false
2015-11-17,10.56,,,,,,false
2015-11-18,10.52,,,,,,false
2015-11-19,10.59,,,,,,false
2015-11-20,10.57,,,,,,false
2015-11-23,10.53,,,,,,false
2015-11-24,10.5,,,,,,false
2015-11-25,10.55,,,,,,false
2015-11-26,10.52,,,,,,false
2015-11-27,10.03,,,,,,false
2015-11-30,10.06,,,,,,false
2015-12-01,10.06,,,,,,false
2015-12-02,10.52,,,,,,false
2015-12-03,10.64,,,,,,false
2015-12-04,10.35,,,,,,false
2015-12-07,10.31,,,,,,false
2015-12-08,10.15,,,,,,false
2015-12-09,10.19,,,,,,false
2015-12-10,10.14,,,,,,false
2015-12-11,10.08,,,,,,false
2015-12-14,10.5,,,,,,false
2015-12-15,10.36,,,,,,false
2015-12-16,10.36,,,,,,false
2015-12-17,10.47,,,,,,false
2015-12-18,10.5,,,,,,false
2015-12-21,10.73,,,,,,false
2015-12-22,10.71,,,,,,false
2015-12-23,10.72,,,,,,false
2015-12-24,10.65,,,,,,false
2015-12-25,10.67,,,,,,false
2015-12-28,10.39,,,,,,false
2015-12-29,10.47,,,,,,false
2015-12-30,10.46,,,,,,false
2015-12-31,10.4,,,,,,false
2016-01-04,9.85,,,,,,false
2016-01-05,9.89,,,,,,false
2016-01-06,10.04,,,,,,false
2016-01-07,9.5,,,,,,false
2016-01-08,9.67,,,,,,false
2016-01-11,9.28,,,,,,false
2016-01-12,9.33,,,,,,false
2016-01-13,9.2,,,,,,false
2016-01-14,9.29,,,,,,false
2016-01-15,9.01,,,,,,false
2016-01-18,8.99,,,,,,false
2016-01-19,9.24,,,,,,false
2016-01-20,9.12,,,,,,false
2016-01-21,8.91,,,,,,false
2016-01-22,9.01,,,,,,false
2016-01-25,9.03,,,,,,false
2016-01-26,8.53,,,,,,false
2016-01-27,8.56,,,,,,false
2016-01-28,8.43,,,,,,false
2016-01-29,8.64,,,,,,false
2016-02-01,8.48,,,,,,false
2016-02-02,8.59,,,,,,false
2016-02-03,8.5,,,,,,false
2016-02-04,8.58,,,,,,false
2016-02-05,8.55,,,,,,false
2016-02-15,8.46,,,,,,false
2016-02-16,8.69,,,,,,false
2016-02-17,8.77,,,,,,false
2016-02-18,8.73,,,,,,false
2016-02-19,8.7,,,,,,false
2016-02-22,8.92,,,,,,false
2016-02-23,8.83,,,,,,false
2016-02-24,8.88,,,,,,false
2016-02-25,8.44,,,,,,false
2016-02-26,8.55,,,,,,false
2016-02-29,8.51,,,,,,false
2016-03-01,8.62,,,,,,false
2016-03-02,8.9,,,,,,false
2016-03-03,8.94,,,,,,false
2016-03-04,9.25,,,,,,false
2016-03-07,9.19,,,,,,false
2016-03-08,9.22,,,,,,false
2016-03-09,9.23,,,,,,false
2016-03-10,9.02,,,,,,false
2016-03-11,9.07,,,,,,false
2016-03-14,9.1,,,,,,false
2016-03-15,9.16,,,,,,false
2016-03-16,9.3,,,,,,false
2016-03-17,9.28,,,,,,false
2016-03-18,9.32,,,,,,false
2016-03-21,9.47,,,,,,false
2016-03-22,9.38,,,,,,false
2016-03-23,9.4,,,,,,false
2016-03-24,9.25,,,,,,false
2016-03-25,9.29,,,,,,false
2016-03-28,9.22,,,,,,false
2016-03-29,9.14,,,,,,false
2016-03-30,9.36,,,,,,false
2016-03-31,9.35,,,,,,false
2016-04-01,9.4,,,,,,false
2016-04-05,9.44,,,,,,false
2016-04-06,9.41,,,,,,false
2016-04-07,9.29,,,,,,false
2016-04-08,9.23,,,,,,false
2016-04-11,9.33,,,,,,false
2016-04-12,9.31,,,,,,false
2016-04-13,9.44,,,,,,false
2016-04-14,9.46,,,,,,false
2016-04-15,9.45,,,,,,false
2016-04-18,9.33,,,,,,false
2016-04-19,9.35,,,,,,false
2016-04-20,9.29,,,,,,false
2016-04-21,9.25,,,,,,false
2016-04-22,9.27,,,,,,false
2016-04-25,9.24,,,,,,false
2016-04-26,9.26,,,,,,false
2016-04-27,9.23,,,,,,false
2016-04-28,9.22,,,,,,false
2016-04-29,9.18,,,,,,false
2016-05-03,9.44,,,,,,false
2016-05-04,9.41,,,,,,false
2016-05-05,9.4,,,,,,false
2016-05-06,9.22,,,,,,false
2016-05-09,9.05,,,,,,false
2016-05-10,9.05,,,,,,false
2016-05-11,9.08,,,,,,false
2016-05-12,9.09,,,,,,false
2016-05-13,9.07,,,,,,false
2016-05-16,9.1,,,,,,false
2016-05-17,9.09,,,,,,false
2016-05-18,9.08,,,,,,false
2016-05-19,9.06,,,,,,false
2016-05-20,9.1,,,,,,false
2016-05-23,9.1,,,,,,false
2016-05-24,9.06,,,,,,false
2016-05-25,9.07,,,,,,false
2016-05-26,9.09,,,,,,false
2016-05-27,9.09,,,,,,false
2016-05-30,9.16,,,,,,false
2016-05-31,9.4,,,,,,false
2016-06-01,9.34,,,,,,false
2016-06-02,9.34,,,,,,false
2016-06-03,9.39,,,,,,false
2016-06-06,9.34,,,,,,false
2016-06-07,9.35,,,,,,false
2016-06-08,9.34,,,,,,false
2016-06-13,9.18,,,,,,false
2016-06-14,9.22,,,,,,false
2016-06-15,9.26,,,,,,false
2016-06-16,9.21,,,,,,false
2016-06-17,9.23,,,,,,false
2016-06-20,9.24,,,,,,false
2016-06-21,9.24,,,,,,false
2016-06-22,9.3,,,,,,false
2016-06-23,9.22,,,,,,false
2016-06-24,9.09,,,,,,false
2016-06-27,9.16,,,,,,false
2016-06-28,9.18,45.2,45.24221453287197,mid,mid,2011-06-28,false
2016-06-29,9.25,47.7,47.70959377700951,mid,mid,2011-06-28,false
2016-06-30,9.27,48.1,48.10017271157167,mid,mid,2011-06-28,false
2016-07-01,9.29,49.3,49.26660914581536,mid,mid,2011-06-28,false
2016-07-04,9.44,55.3,55.344827586206904,mid,mid,2011-06-28,false
2016-07-05,9.46,56.2,56.24461670973299,mid,mid,2011-06-28,false
2016-07-06,9.46,56.3,56.28227194492255,mid,mid,2011-06-28,false
2016-07-07,9.43,54.6,54.600171969045576,mid,mid,2011-06-28,false
2016-07-08,9.29,49.1,49.140893470790374,mid,mid,2011-06-28,false
2016-07-11,9.29,49.2,49.18454935622318,mid,mid,2011-06-28,false
2016-07-12,9.47,56.6,56.60377358490566,mid,mid,2011-06-28,false
2016-07-13,9.49,57.1,57.0694087403599,mid,mid,2011-06-28,false
2016-07-14,9.45,55.7,55.650684931506845,mid,mid,2011-06-28,false
2016-07-15,9.46,56.4,56.37296834901625,mid,mid,2011-06-28,false
2016-07-18,9.45,55.6,55.64102564102564,mid,mid,2011-06-28,false
2016-07-19,9.4,53.2,53.20239111870196,mid,mid,2011-06-28,false
2016-07-20,9.36,51.6,51.62116040955631,mid,mid,2011-06-28,false
2016-07-21,9.39,52.6,52.6001705029838,mid,mid,2011-06-28,false
2016-07-22,9.33,50.3,50.34071550255537,mid,mid,2011-06-28,false
2016-07-25,9.33,50.4,50.38297872340426,mid,mid,2011-06-28,false
2016-07-26,9.42,54.3,54.33673469387755,mid,mid,2011-06-28,false
2016-07-27,9.38,52.4,52.421410365335596,mid,mid,2011-06-28,false
2016-07-28,9.34,50.8,50.84889643463497,mid,mid,2011-06-28,false
2016-07-29,9.33,50.3,50.296861747243426,mid,mid,2011-06-28,false
2016-08-01,9.31,49.2,49.152542372881356,mid,mid,2011-06-28,false
2016-08-02,9.32,49.6,49.618966977138015,mid,mid,2011-06-28,false
2016-08-03,9.3,48.7,48.73096446700508,mid,mid,2011-06-28,false
2016-08-04,9.3,48.8,48.77430262045647,mid,mid,2011-06-28,false
2016-08-05,9.31,49.2,49.23986486486486,mid,mid,2011-06-28,false
2016-08-08,9.36,51.9,51.89873417721519,mid,mid,2011-06-28,false
2016-08-09,9.42,54.7,54.721753794266434,mid,mid,2011-06-28,false
2016-08-10,9.4,53.7,53.664700926705976,mid,mid,2011-06-28,false
2016-08-11,9.44,55.8,55.80808080808081,mid,mid,2011-06-28,false
2016-08-12,9.62,60.7,60.7232968881413,mid,mid,2011-06-28,false
2016-08-15,9.87,65.9,65.88235294117646,mid,mid,2011-06-28,false
2016-08-16,9.73,62.9,62.88832913518052,mid,mid,2011-06-28,false
2016-08-17,9.71,62.7,62.667785234899334,mid,mid,2011-06-28,false
2016-08-18,9.68,61.8,61.77703269069572,mid,mid,2011-06-28,false
2016-08-19,9.71,62.7,62.730318257956455,mid,mid,2011-06-28,false
2016-08-22,9.68,61.8,61.75732217573222,mid,mid,2011-06-28,false
2016-08-23,9.7,62.3,62.29096989966555,mid,mid,2011-06-28,false
2016-08-24,9.68,61.7,61.73767752715121,mid,mid,2011-06-28,false
2016-08-25,9.64,60.7,60.68447412353923,mid,mid,2011-06-28,false
2016-08-26,9.62,60.3,60.30025020850709,mid,mid,2011-06-28,false
2016-08-29,9.6,59.9,59.916666666666664,mid,mid,2011-06-28,false
2016-08-30,9.65,61.1,61.1157368859284,mid,mid,2011-06-28,false
2016-08-31,9.69,62.1,62.14642262895175,mid,mid,2011-06-28,false
2016-09-01,10,69.2,69.24355777223607,mid,mid,2011-06-28,false
2016-09-02,10.14,71.4,71.42857142857143,high,mid,2011-06-28,false
2016-09-05,10.13,71.2,71.20331950207469,high,mid,2011-06-28,false
2016-09-06,10.13,71.2,71.22719734660033,high,mid,2011-06-28,false
2016-09-07,10.14,71.5,71.49958574979287,high,mid,2011-06-28,false
2016-09-08,10.14,71.5,71.52317880794702,high,mid,2011-06-28,false
2016-09-09,10.11,70.7,70.71960297766749,high,mid,2011-06-28,false
2016-09-12,9.98,68.6,68.59504132231406,mid,mid,2011-06-28,false
2016-09-13,9.95,67.7,67.71263418662262,mid,mid,2011-06-28,false
2016-09-14,9.86,65.1,65.0990099009901,mid,mid,2011-06-28,false
2016-09-19,9.91,66.7,66.69414674361089,mid,mid,2011-06-28,false
2016-09-20,9.89,66.5,66.47446457990115,mid,mid,2011-06-28,false
2016-09-21,9.9,66.6,66.5843621399177,mid,mid,2011-06-28,false
2016-09-22,9.96,67.9,67.92763157894737,mid,mid,2011-06-28,false
2016-09-23,9.96,68,67.95398520953164,mid,mid,2011-06-28,false
2016-09-26,9.83,63.5,63.54679802955665,mid,mid,2011-06-28,false
2016-09-27,9.88,66,65.95570139458573,mid,mid,2011-06-28,false
2016-09-28,9.83,63.5,63.52459016393443,mid,mid,2011-06-28,false
2016-09-29,9.88,66,66.01146601146601,mid,mid,2011-06-28,false
2016-09-30,9.88,66,66.0392798690671,mid,mid,2011-06-28,false
2016-10-10,10,69.3,69.25592804578903,mid,mid,2011-06-28,false
2016-10-11,10.02,69.5,69.52614379084967,mid,mid,2011-06-28,false
2016-10-12,9.98,68.8,68.81632653061224,mid,mid,2011-06-28,false
2016-10-13,9.98,68.8,68.84176182707994,mid,mid,2011-06-28,false
2016-10-14,10.02,69.6,69.60065199674001,mid,mid,2011-06-28,false
2016-10-17,9.95,67.6,67.58957654723126,mid,mid,2011-06-28,false
2016-10-18,10.08,70.7,70.70789259560618,high,mid,2011-06-28,false
2016-10-19,10.08,70.7,70.73170731707317,high,mid,2011-06-28,false
2016-10-20,10.09,70.8,70.83671811535336,high,mid,2011-06-28,false
2016-10-21,10.17,72.8,72.80844155844156,high,mid,2011-06-28,false
2016-10-24,10.3,74.6,74.61476074614761,high,mid,2011-06-28,false
2016-10-25,10.27,73.9,73.90599675850892,high,mid,2011-06-28,false
2016-10-26,10.21,73,73.03643724696356,high,mid,2011-06-28,false
2016-10-27,10.19,72.8,72.81553398058253,high,mid,2011-06-28,false
2016-10-28,10.21,73.1,73.08003233629749,high,mid,2011-06-28,false
2016-10-31,10.19,72.8,72.77867528271406,high,mid,2011-06-28,false
2016-11-01,10.08,70.3,70.29862792574657,high,mid,2011-06-28,false
2016-11-02,10,68.6,68.62903225806451,mid,mid,2011-06-28,false
2016-11-03,10.1,70.7,70.66881547139404,high,mid,2011-06-28,false
2016-11-04,10.09,70.5,70.45088566827698,high,mid,2011-06-28,false
2016-11-07,10.12,71,70.95736122284795,high,mid,2011-06-28,false
2016-11-08,10.15,72.1,72.10610932475883,high,mid,2011-06-28,false
2016-11-09,10.08,70.1,70.12048192771084,high,mid,2011-06-28,false
2016-11-10,10.19,73,72.95345104333867,high,mid,2011-06-28,false
2016-11-11,10.26,73.8,73.77706495589415,high,mid,2011-06-28,false
2016-11-14,10.31,75,75,high,mid,2011-06-28,false
2016-11-15,10.27,74.1,74.13931144915932,high,mid,2011-06-28,false
2016-11-16,10.26,73.7,73.68,high,mid,2011-06-28,false
2016-11-17,10.28,74.7,74.66027178257394,high,mid,2011-06-28,false
2016-11-18,10.25,73.3,73.3226837060703,high,mid,2011-06-28,false
2016-11-21,10.38,76.2,76.2170790103751,high,mid,2011-06-28,false
2016-11-22,10.49,78.2,78.22966507177034,high,mid,2011-06-28,false
2016-11-23,10.51,78.8,78.80478087649404,high,mid,2011-06-28,false
2016-11-24,10.52,79.2,79.21974522292994,high,mid,2011-06-28,false
2016-11-25,10.63,81.1,81.14558472553699,high,high,2011-06-28,false
2016-11-28,10.71,82.1,82.11446740858506,high,high,2011-06-28,false
2016-11-29,10.85,83.2,83.16123907863384,high,high,2011-06-28,false
2016-11-30,10.72,82.1,82.14285714285714,high,high,2011-06-28,false
2016-12-01,10.77,82.3,82.31562252180808,high,high,2011-06-28,false
2016-12-02,10.76,82.3,82.25039619651348,high,high,2011-06-28,false
2016-12-05,10.59,79.8,79.80997624703087,high,high,2011-06-28,false
2016-12-06,10.55,79,79.03481012658227,high,high,2011-06-28,false
2016-12-07,10.58,79.5,79.52569169960474,high,high,2011-06-28,false
2016-12-08,10.58,79.5,79.54186413902053,high,high,2011-06-28,false
2016-12-09,10.75,82.2,82.16258879242304,high,high,2011-06-28,false
2016-12-12,10.69,81.5,81.54574132492114,high,high,2011-06-28,false
2016-12-13,10.63,80.8,80.77226162332545,high,high,2011-06-28,false
2016-12-14,10.6,79.8,79.84251968503938,high,high,2011-06-28,false
2016-12-15,10.36,75.1,75.05900865460268,high,high,2011-06-28,false
2016-12-16,10.33,74.2,74.21383647798741,high,high,2011-06-28,false
2016-12-19,10.3,73.8,73.76276512175963,high,high,2011-06-28,false
2016-12-20,10.25,72.1,72.13500784929356,high,high,2011-06-28,false
2016-12-21,10.37,75.1,75.13725490196079,high,high,2011-06-28,false
2016-12-22,10.39,75.5,75.47021943573668,high,high,2011-06-28,false
2016-12-23,10.34,74.5,74.47141738449491,high,high,2011-06-28,false
2016-12-26,10.4,75.6,75.5868544600939,high,high,2011-06-28,false
2016-12-27,10.34,74.4,74.43315089913996,high,high,2011-06-28,false
2016-12-28,10.3,73.5,73.515625,high,high,2011-06-28,false
2016-12-29,10.29,73.3,73.30210772833723,high,high,2011-06-28,false
2016-12-30,10.33,74,74.02496099843994,high,high,2011-06-28,false
2017-01-03,10.43,76.1,76.14964925954794,high,high,2011-06-28,false
2017-01-04,10.49,77.5,77.49221183800623,high,high,2011-06-28,false
2017-01-05,10.53,78.8,78.75486381322958,high,high,2011-06-28,false
2017-01-06,10.53,78.8,78.77138413685849,high,high,2011-06-28,false
2017-01-09,10.57,79.4,79.40947940947942,high,high,2011-06-28,false
2017-01-10,10.54,78.7,78.72670807453416,high,high,2011-06-28,false
2017-01-11,10.48,77,76.9588828549263,high,high,2011-06-28,false
2017-01-12,10.47,76.7,76.74418604651163,high,high,2011-06-28,false
2017-01-13,10.53,78.7,78.69868319132456,high,high,2011-06-28,false
2017-01-16,10.67,81.8,81.81114551083591,high,high,2011-06-28,false
2017-01-17,10.65,81.5,81.51585460170146,high,high,2011-06-28,false
2017-01-18,10.7,82,81.99381761978361,high,high,2011-06-28,false
2017-01-19,10.65,81.5,81.46718146718148,high,high,2011-06-28,false
2017-01-20,10.68,81.8,81.79012345679013,high,high,2011-06-28,false
2017-01-23,10.7,82,82.03546646106399,high,high,2011-06-28,false
2017-01-24,10.77,82.8,82.81972265023111,high,high,2011-06-28,false
2017-01-25,10.78,82.9,82.90993071593533,high,high,2011-06-28,false
2017-01-26,10.8,83,83,high,high,2011-06-28,false
2017-02-03,10.69,81.6,81.62951575710991,high,high,2011-06-28,false
2017-02-06,10.72,82.3,82.25806451612904,high,high,2011-06-28,false
2017-02-07,10.69,81.6,81.58096699923254,high,high,2011-06-28,false
2017-02-08,10.7,81.8,81.82515337423312,high,high,2011-06-28,false
2017-02-09,10.74,82.4,82.37547892720306,high,high,2011-06-28,false
2017-02-10,10.8,83.1,83.0781010719755,high,high,2011-06-28,false
2017-02-13,10.86,83.8,83.7796480489671,high,high,2011-06-28,false
2017-02-14,10.84,83.6,83.63914373088684,high,high,2011-06-28,false
2017-02-15,10.87,83.8,83.8044308632544,high,high,2011-06-28,false
2017-02-16,10.87,83.8,83.81679389312977,high,high,2011-06-28,false
2017-02-17,10.79,82.7,82.68497330282227,high,high,2011-06-28,false
2017-02-20,10.92,84,83.9939024390244,high,high,2011-06-28,false
2017-02-21,10.93,84.2,84.15841584158416,high,high,2011-06-28,false
2017-02-22,10.96,84.3,84.32267884322678,high,high,2011-06-28,false
2017-02-23,10.91,83.8,83.8022813688213,high,high,2011-06-28,false
2017-02-24,10.89,83.7,83.66261398176292,high,high,2011-06-28,false
2017-02-27,10.8,82.5,82.53606681852695,high,high,2011-06-28,false
2017-02-28,10.82,82.9,82.92867981790592,high,high,2011-06-28,false
2017-03-01,10.82,82.9,82.94162244124337,high,high,2011-06-28,false
2017-03-02,10.76,81.7,81.74242424242424,high,high,2011-06-28,false
2017-03-03,10.69,80.5,80.5450416351249,high,high,2011-06-28,false
2017-03-06,10.7,80.9,80.8623298033283,high,high,2011-06-28,false
2017-03-07,10.73,81.4,81.40589569160997,high,high,2011-06-28,false
2017-03-08,10.75,81.6,81.57099697885197,high,high,2011-06-28,false
2017-03-09,10.69,80.4,80.37735849056604,high,high,2011-06-28,false
2017-03-10,10.65,79.6,79.63800904977376,high,high,2011-06-28,false
2017-03-13,10.72,81.2,81.23587038432555,high,high,2011-06-28,false
2017-03-14,10.73,81.4,81.40060240963855,high,high,2011-06-28,false
2017-03-15,10.74,81.5,81.48984198645599,high,high,2011-06-28,false
2017-03-16,10.79,82.3,82.33082706766918,high,high,2011-06-28,false
2017-03-17,10.7,80.5,80.54094665664914,high,high,2011-06-28,false
2017-03-20,10.76,81.8,81.83183183183183,high,high,2011-06-28,false
2017-03-21,10.79,82.4,82.37059264816205,high,high,2011-06-28,false
2017-03-22,10.71,80.7,80.65967016491754,high,high,2011-06-28,false
2017-03-23,10.72,81,80.97378277153558,high,high,2011-06-28,false
2017-03-24,10.8,82.6,82.63473053892216,high,high,2011-06-28,false
2017-03-27,10.8,82.6,82.64771877337323,high,high,2011-06-28,false
2017-03-28,10.76,81.7,81.68908819133034,high,high,2011-06-28,false
2017-03-29,10.76,81.7,81.70276325616132,high,high,2011-06-28,false
2017-03-30,10.75,81.3,81.26865671641791,high,high,2011-06-28,false
2017-03-31,10.82,83.2,83.22147651006712,high,high,2011-06-28,false
2017-04-05,10.92,84.2,84.2026825633383,high,high,2011-06-28,false
2017-04-06,10.94,84.5,84.51228592702904,high,high,2011-06-28,false
2017-04-07,10.96,84.7,84.67261904761905,high,high,2011-06-28,false
2017-04-10,10.92,84.1,84.08921933085502,high,high,2011-06-28,false
2017-04-11,10.92,84.1,84.10104011887073,high,high,2011-06-28,false
2017-04-12,10.9,83.7,83.74164810690424,high,high,2011-06-28,false
2017-04-13,10.86,83.3,83.30860534124629,high,high,2011-06-28,false
2017-04-14,10.8,82.2,82.20904373610082,high,high,2011-06-28,false
2017-04-17,10.81,82.4,82.37037037037037,high,high,2011-06-28,false
2017-04-18,10.72,80.1,80.08882309400445,high,high,2011-06-28,false
2017-04-19,10.63,77.5,77.51479289940828,high,high,2011-06-28,false
2017-04-20,10.65,78.2,78.19660014781967,high,high,2011-06-28,false
2017-04-21,10.73,80.4,80.35450516986707,high,high,2011-06-28,false
2017-04-24,10.72,80.1,80.07380073800738,high,high,2011-06-28,false
2017-04-25,10.72,80.1,80.08849557522124,high,high,2011-06-28,false
2017-04-26,10.74,80.5,80.54532056005895,high,high,2011-06-28,false
2017-04-27,10.79,81.8,81.81148748159058,high,high,2011-06-28,false
2017-04-28,10.78,81.5,81.45695364238411,high,high,2011-06-28,false
2017-05-02,10.47,72.9,72.86764705882352,high,high,2011-06-28,false
2017-05-03,10.43,71.9,71.85892725936812,high,high,2011-06-28,false
2017-05-04,10.42,71.7,71.65932452276064,high,high,2011-06-28,false
2017-05-05,10.41,71.4,71.38664710198093,high,high,2011-06-28,false
2017-05-08,10.45,72.4,72.43401759530792,high,high,2011-06-28,false
2017-05-09,10.4,71.1,71.13553113553114,high,high,2011-06-28,false
2017-05-10,10.43,71.9,71.8887262079063,high,high,2011-06-28,false
2017-05-11,10.52,74.5,74.5427944403804,high,high,2011-06-28,false
2017-05-12,10.66,78.1,78.0701754385965,high,high,2011-06-28,false
2017-05-15,10.69,78.7,78.7436084733382,high,high,2011-06-28,false
2017-05-16,10.65,77.9,77.88321167883213,high,high,2011-06-28,false
2017-05-17,10.57,75.5,75.49234135667396,high,high,2011-06-28,false
2017-05-18,10.55,74.9,74.9271137026239,high,high,2011-06-28,false
2017-05-19,10.56,75.1,75.09104151493081,high,high,2011-06-28,false
2017-05-22,10.65,77.9,77.9475982532751,high,high,2011-06-28,false
2017-05-23,10.8,82.5,82.47272727272727,high,high,2011-06-28,false
2017-05-24,10.78,81.6,81.61337209302324,high,high,2011-06-28,false
2017-05-25,10.86,83.7,83.66013071895425,high,high,2011-06-28,false
2017-05-26,10.86,83.7,83.67198838896952,high,high,2011-06-28,false
2017-05-31,10.9,84.1,84.11892675852066,high,high,2011-06-28,false
2017-06-01,10.99,85.3,85.28985507246377,high,high,2011-06-28,false
2017-06-02,10.91,84.1,84.14192614047792,high,high,2011-06-28,false
2017-06-05,10.76,80.9,80.8972503617945,high,high,2011-06-28,false
2017-06-06,10.8,82.2,82.21258134490239,high,high,2011-06-28,false
2017-06-07,10.87,83.7,83.67052023121387,high,high,2011-06-28,false
2017-06-08,10.93,84.7,84.69314079422384,high,high,2011-06-28,false
2017-06-09,10.96,85.1,85.06493506493507,high,high,2011-06-28,false
2017-06-12,11,85.4,85.43619322278299,high,high,2011-06-28,false
2017-06-13,10.98,85.1,85.0864553314121,high,high,2011-06-28,false
2017-06-14,10.86,83.2,83.22534197264218,high,high,2011-06-28,false
2017-06-15,10.79,81.3,81.29496402877699,high,high,2011-06-28,false
2017-06-16,10.74,79.7,79.72681524083394,high,high,2011-06-28,false
2017-06-19,10.81,82.1,82.11206896551724,high,high,2011-06-28,false
2017-06-20,10.79,81.3,81.26346015793253,high,high,2011-06-28,false
2017-06-21,10.86,83.3,83.28550932568149,high,high,2011-06-28,false
2017-06-22,10.94,84.7,84.73118279569893,high,high,2011-06-28,false
2017-06-23,11,85.5,85.53008595988538,high,high,2011-06-28,false
2017-06-26,11.02,85.6,85.61202576950609,high,high,2011-06-28,false
2017-06-27,11.04,85.7,85.69384835479255,high,high,2011-06-28,false
2017-06-28,10.99,85.2,85.20371694067191,high,high,2011-06-28,false
2017-06-29,11.04,85.7,85.71428571428571,high,high,2011-06-28,false
2017-06-30,11.06,85.8,85.79586009992862,high,high,2011-06-28,false
2017-07-03,11.02,85.4,85.4493580599144,high,high,2011-06-28,false
2017-07-04,10.98,84.7,84.74697077690662,high,high,2011-06-28,false
2017-07-05,11.07,85.8,85.82621082621083,high,high,2011-06-28,false
2017-07-06,11.09,85.8,85.83629893238434,high,high,2011-06-28,false
2017-07-07,11.06,85.7,85.70412517780939,high,high,2011-06-28,false
2017-07-10,11.06,85.7,85.71428571428571,high,high,2011-06-28,false
2017-07-11,11.11,85.9,85.86647727272727,high,high,2011-06-28,false
2017-07-12,11.06,85.7,85.66359119943222,high,high,2011-06-28,false
2017-07-13,11.19,86.2,86.17021276595744,high,high,2011-06-28,false
2017-07-14,11.23,86.2,86.18001417434444,high,high,2011-06-28,false
2017-07-17,11.35,86.5,86.54390934844193,high,high,2011-06-28,false
2017-07-18,11.31,86.2,86.1995753715499,high,high,2011-06-28,false
2017-07-19,11.39,86.7,86.7043847241867,high,high,2011-06-28,false
2017-07-20,11.39,86.7,86.7137809187279,high,high,2011-06-28,false
2017-07-21,11.32,86.2,86.15819209039547,high,high,2011-06-28,false
2017-07-24,11.36,86.5,86.52081863091038,high,high,2011-06-28,false
2017-07-25,11.37,86.6,86.60084626234132,high,high,2011-06-28,false
2017-07-26,11.41,86.8,86.82170542635659,high,high,2011-06-28,false
2017-07-27,11.38,86.5,86.54929577464789,high,high,2011-06-28,false
2017-07-28,11.37,86.5,86.4883884588318,high,high,2011-06-28,false
2017-07-31,11.37,86.5,86.49789029535864,high,high,2011-06-28,false
2017-08-01,11.52,87.3,87.28039353478566,high,high,2011-06-28,false
2017-08-02,11.54,87.4,87.42977528089888,high,high,2011-06-28,false
2017-08-03,11.42,86.7,86.73684210526315,high,high,2011-06-28,false
2017-08-04,11.38,86.4,86.39551192145862,high,high,2011-06-28,false
2017-08-07,11.38,86.4,86.40504555010511,high,high,2011-06-28,false
2017-08-08,11.39,86.6,86.5546218487395,high,high,2011-06-28,false
2017-08-09,11.29,85.2,85.23442967109867,high,high,2011-06-28,false
2017-08-10,11.27,85.2,85.17482517482517,high,high,2011-06-28,false
2017-08-11,11.15,84.8,84.83577917540181,high,high,2011-06-28,false
2017-08-14,11.18,84.9,84.91620111731844,high,high,2011-06-28,false
2017-08-15,11.26,85.1,85.1360781577111,high,high,2011-06-28,false
2017-08-16,11.22,84.9,84.93723849372385,high,high,2011-06-28,false
2017-08-17,11.26,85.2,85.15679442508711,high,high,2011-06-28,false
2017-08-18,11.27,85.2,85.23676880222841,high,high,2011-06-28,false
2017-08-21,11.3,85.3,85.31663187195547,high,high,2011-06-28,false
2017-08-22,11.37,86.2,86.23087621696801,high,high,2011-06-28,false
2017-08-23,11.46,87.1,87.14384989576095,high,high,2011-06-28,false
2017-08-24,11.44,86.9,86.94444444444444,high,high,2011-06-28,false
2017-08-25,11.73,88.1,88.06384455239417,high,high,2011-06-28,false
2017-08-28,11.8,88.1,88.14147018030513,high,high,2011-06-28,false
2017-08-29,11.83,88.2,88.21898821898822,high,high,2011-06-28,false
2017-08-30,11.76,88,88.01939058171745,high,high,2011-06-28,false
2017-08-31,11.68,87.6,87.61245674740485,high,high,2011-06-28,false
2017-09-01,11.66,87.6,87.55186721991701,high,high,2011-06-28,false
2017-09-04,11.71,87.8,87.76779543883897,high,high,2011-06-28,false
2017-09-05,11.78,88.1,88.0524861878453,high,high,2011-06-28,false
2017-09-06,11.74,87.9,87.85369220151829,high,high,2011-06-28,false
2017-09-07,11.65,87.3,87.3103448275862,high,high,2011-06-28,false
2017-09-08,11.63,87.3,87.25017229496899,high,high,2011-06-28,false
2017-09-11,11.6,87.1,87.05234159779614,high,high,2011-06-28,false
2017-09-12,11.65,87.3,87.33654507914659,high,high,2011-06-28,false
2017-09-13,11.63,87.2,87.20770288858321,high,high,2011-06-28,false
2017-09-14,11.57,86.8,86.80412371134021,high,high,2011-06-28,false
2017-09-15,11.51,86.4,86.4010989010989,high,high,2011-06-28,false
2017-09-18,11.52,86.5,86.47906657515443,high,high,2011-06-28,false
2017-09-19,11.52,86.5,86.48834019204389,high,high,2011-06-28,false
2017-09-20,11.49,86.2,86.15490061686086,high,high,2011-06-28,false
2017-09-21,11.57,86.8,86.84931506849315,high,high,2011-06-28,false
2017-09-22,11.6,87,86.99520876112253,high,high,2011-06-28,false
2017-09-25,11.66,87.5,87.4829001367989,high,high,2011-06-28,false
2017-09-26,11.66,87.5,87.49145591250854,high,high,2011-06-28,false
2017-09-27,11.58,86.7,86.68032786885246,high,high,2011-06-28,false
2017-09-28,11.58,86.7,86.68941979522185,high,high,2011-06-28,false
2017-09-29,11.57,86.6,86.56207366984994,high,high,2011-06-28,false
2017-10-09,11.64,87.2,87.18473074301295,high,high,2011-06-28,false
2017-10-10,11.65,87.3,87.32970027247956,high,high,2011-06-28,false
2017-10-11,11.71,87.8,87.81484002722941,high,high,2011-06-28,false
2017-10-12,11.71,87.8,87.82312925170068,high,high,2011-06-28,false
2017-10-13,11.68,87.5,87.49150237933378,high,high,2011-06-28,false
2017-10-16,11.76,88.2,88.17934782608695,high,high,2011-06-28,false
2017-10-17,11.72,87.8,87.78004073319755,high,high,2011-06-28,false
2017-10-18,11.86,88.5,88.46675712347354,high,high,2011-06-28,false
2017-10-19,11.89,88.7,88.67796610169492,high,high,2011-06-28,false
2017-10-20,11.79,88.1,88.14363143631437,high,high,2011-06-28,false
2017-10-23,11.76,88,88.01624915368991,high,high,2011-06-28,false
2017-10-24,11.83,88.4,88.36265223274695,high,high,2011-06-28,false
2017-10-25,11.8,88.2,88.16768086544963,high,high,2011-06-28,false
2017-10-26,11.82,88.2,88.17567567567568,high,high,2011-06-28,false
2017-10-27,11.96,88.9,88.8588791357191,high,high,2011-06-28,false
2017-10-30,12.01,88.9,88.8663967611336,high,high,2011-06-28,false
2017-10-31,11.92,88.7,88.73904248145651,high,high,2011-06-28,false
2017-11-01,11.58,85.7,85.71428571428571,high,high,2011-06-28,false
2017-11-02,11.58,85.7,85.72390572390573,high,high,2011-06-28,false
2017-11-03,11.64,86.3,86.27187079407807,high,high,2011-06-28,false
2017-11-06,11.6,85.9,85.8776059179556,high,high,2011-06-28,false
2017-11-07,11.72,87.2,87.23118279569893,high,high,2011-06-28,false
2017-11-08,11.7,86.9,86.90396239086635,high,high,2011-06-28,false
2017-11-09,11.72,87.2,87.24832214765101,high,high,2011-06-28,false
2017-11-10,11.73,87.4,87.39101274312542,high,high,2011-06-28,false
2017-11-13,11.8,88,88.00268096514745,high,high,2011-06-28,false
2017-11-14,11.75,87.5,87.47488278633624,high,high,2011-06-28,false
2017-11-15,11.68,86.5,86.47925033467202,high,high,2011-06-28,false
2017-11-16,11.69,86.6,86.62207357859532,high,high,2011-06-28,false
2017-11-17,11.9,88.7,88.70320855614973,high,high,2011-06-28,false
2017-11-20,11.93,88.8,88.84435537742151,high,high,2011-06-28,false
2017-11-21,12.03,89,88.9853137516689,high,high,2011-06-28,false
2017-11-22,12.19,89.8,89.79319546364243,high,high,2011-06-28,false
2017-11-23,11.95,88.7,88.73333333333333,high,high,2011-06-28,false
2017-11-24,11.93,88.7,88.67421718854096,high,high,2011-06-28,false
2017-11-27,11.85,87.9,87.94940079893475,high,high,2011-06-28,false
2017-11-28,11.76,87.3,87.29208250166334,high,high,2011-06-28,false
2017-11-29,11.75,87,87.0345744680851,high,high,2011-06-28,false
2017-11-30,11.67,85.7,85.71428571428571,high,high,2011-06-28,false
2017-12-01,11.61,84.9,84.86055776892431,high,high,2011-06-28,false
2017-12-04,11.66,85.7,85.66688785666888,high,high,2011-06-28,false
2017-12-05,11.84,87.9,87.93103448275862,high,high,2011-06-28,false
2017-12-06,11.72,86.5,86.54738237243207,high,high,2011-06-28,false
2017-12-07,11.62,84.8,84.76821192052981,high,high,2011-06-28,false
2017-12-08,11.63,85,84.97683653209795,high,high,2011-06-28,false
2017-12-11,11.75,87,87.03703703703704,high,high,2011-06-28,false
2017-12-12,11.59,84.2,84.20356906807666,high,high,2011-06-28,false
2017-12-13,11.66,85.5,85.53500660501982,high,high,2011-06-28,false
2017-12-14,11.57,83.8,83.82838283828383,high,high,2011-06-28,false
2017-12-15,11.47,82.8,82.84960422163589,high,high,2011-06-28,false
2017-12-18,11.52,83.3,83.32234673698088,high,high,2011-06-28,false
2017-12-19,11.65,85.2,85.24374176548089,high,high,2011-06-28,false
2017-12-20,11.67,85.6,85.64845292955891,high,high,2011-06-28,false
2017-12-21,11.71,86.3,86.31578947368422,high,high,2011-06-28,false
2017-12-22,11.68,85.8,85.79881656804734,high,high,2011-06-28,false
2017-12-25,11.68,85.8,85.80814717477004,high,high,2011-06-28,false
2017-12-26,11.77,87.4,87.39330269205516,high,high,2011-06-28,false
2017-12-27,11.63,84.6,84.58005249343832,high,high,2011-06-28,false
2017-12-28,11.72,86.6,86.55737704918033,high,high,2011-06-28,false
2017-12-29,11.75,87.1,87.09043250327653,high,high,2011-06-28,false
2018-01-02,11.91,88.7,88.67059593975115,high,high,2011-06-28,false
2018-01-03,11.94,88.9,88.87434554973822,high,high,2011-06-28,false
2018-01-04,11.99,89,89.01242642249836,high,high,2011-06-28,false
2018-01-05,12.04,89.2,89.15032679738563,high,high,2011-06-28,false
2018-01-08,12.1,89.2,89.22273024167211,high,high,2011-06-28,false
2018-01-09,12.13,89.4,89.42558746736292,high,high,2011-06-28,false
2018-01-10,12.28,90.5,90.54142204827136,extreme,high,2011-06-28,false
2018-01-11,12.3,90.5,90.54758800521513,extreme,high,2011-06-28,false
2018-01-12,12.36,91,91.00977198697069,extreme,high,2011-06-28,false
2018-01-15,12.48,91.9,91.86197916666666,extreme,high,2011-06-28,false
2018-01-16,12.54,92.3,92.32270657124269,extreme,high,2011-06-28,false
2018-01-17,12.63,93,93.04291287386216,extreme,high,2011-06-28,false
2018-01-18,12.82,94.5,94.47693307342429,extreme,high,2011-06-28,false
2018-01-19,12.91,95.1,95.06493506493506,extreme,high,2011-06-28,false
2018-01-22,12.92,95.3,95.26281635301753,extreme,high,2011-06-28,false
2018-01-23,13.19,96.5,96.49805447470817,extreme,high,2011-06-28,false
2018-01-24,13.23,96.5,96.50032404407,extreme,high,2011-06-28,false
2018-01-25,13.16,96.3,96.30829015544042,extreme,extreme,2011-06-28,false
2018-01-26,13.22,96.4,96.44012944983818,extreme,extreme,2011-06-28,false
2018-01-29,13.11,96,95.98965071151359,extreme,extreme,2011-06-28,false
2018-01-30,12.89,94.6,94.57013574660633,extreme,extreme,2011-06-28,false
2018-01-31,13.01,95.4,95.41343669250647,extreme,extreme,2011-06-28,false
2018-02-01,13.14,96.1,96.12653324725629,extreme,extreme,2011-06-28,false
2018-02-02,13.22,96.5,96.45161290322581,extreme,extreme,2011-06-28,false
2018-02-05,13.42,97,97.03417150225661,extreme,extreme,2011-06-28,false
2018-02-06,13.12,95.8,95.8118556701031,extreme,extreme,2011-06-28,false
2018-02-07,12.7,92.5,92.53058596265294,extreme,extreme,2011-06-28,false
2018-02-08,12.29,89.4,89.38223938223938,high,extreme,2011-06-28,false
2018-02-09,11.77,85.9,85.85209003215434,high,extreme,2011-06-28,false
2018-02-12,11.71,84.6,84.57583547557842,high,extreme,2011-06-28,false
2018-02-13,11.88,86.8,86.83365446371226,high,extreme,2011-06-28,false
2018-02-14,11.94,87.4,87.41976893453145,high,extreme,2011-06-28,false
2018-02-22,12.21,88.9,88.90314304041051,high,extreme,2011-06-28,false
2018-02-23,12.3,89.5,89.48717948717949,high,extreme,2011-06-28,false
2018-02-26,12.38,90.2,90.19859064702113,extreme,extreme,2011-06-28,false
2018-02-27,12.15,88.1,88.0921895006402,high,extreme,2011-06-28,false
2018-02-28,11.96,87.3,87.3320537428023,high,extreme,2011-06-28,false
2018-03-01,11.98,87.3,87.34015345268543,high,extreme,2011-06-28,false
2018-03-02,11.89,86.5,86.51757188498402,high,extreme,2011-06-28,false
2018-03-05,11.89,86.5,86.52618135376756,high,extreme,2011-06-28,false
2018-03-06,11.99,87.4,87.4282067645182,high,extreme,2011-06-28,false
2018-03-07,11.96,87.2,87.24489795918367,high,extreme,2011-06-28,false
2018-03-08,11.97,87.3,87.25302740599108,high,extreme,2011-06-28,false
2018-03-09,11.99,87.5,87.45222929936305,high,extreme,2011-06-28,false
2018-03-12,11.99,87.5,87.46021642266074,high,extreme,2011-06-28,false
2018-03-13,11.94,86.8,86.83206106870229,high,extreme,2011-06-28,false
2018-03-14,11.89,86.2,86.20470438652256,high,extreme,2011-06-28,false
2018-03-15,11.95,86.9,86.9123252858958,high,extreme,2011-06-28,false
2018-03-16,11.85,85.6,85.5873015873016,high,extreme,2011-06-28,false
2018-03-19,11.92,86.5,86.48477157360406,high,extreme,2011-06-28,false
2018-03-20,11.98,87.3,87.25428027901077,high,extreme,2011-06-28,false
2018-03-21,11.94,86.8,86.7553865652725,high,extreme,2011-06-28,false
2018-03-22,11.87,85.6,85.623812539582,high,extreme,2011-06-28,false
2018-03-23,11.59,80.9,80.88607594936708,high,extreme,2011-06-28,false
2018-03-26,11.34,78,77.98861480075901,high,extreme,2011-06-28,false
2018-03-27,11.36,78.2,78.1921618204804,high,extreme,2011-06-28,false
2018-03-28,11.18,76.9,76.87934301958308,high,extreme,2011-06-28,false
2018-03-29,11.36,78.2,78.21969696969697,high,high,2011-06-28,false
2018-03-30,11.29,77.4,77.41324921135647,high,high,2011-06-28,false
2018-04-02,11.22,76.9,76.92307692307693,high,high,2011-06-28,false
2018-04-03,11.12,76.4,76.37051039697542,high,high,2011-06-28,false
2018-04-04,11.12,76.4,76.38539042821158,high,high,2011-06-28,false
2018-04-09,11.17,76.6,76.58904971680303,high,high,2011-06-28,false
2018-04-10,11.45,79.4,79.37106918238995,high,high,2011-06-28,false
2018-04-11,11.51,79.9,79.88686360779384,high,high,2011-06-28,false
2018-04-12,11.37,78.5,78.5175879396985,high,high,2011-06-28,false
2018-04-13,11.27,77.2,77.21280602636534,high,high,2011-06-28,false
2018-04-16,11.01,75.1,75.09410288582184,high,high,2011-06-28,false
2018-04-17,10.91,73.5,73.47962382445141,high,high,2011-06-28,false
2018-04-18,11.01,75.1,75.12531328320802,high,high,2011-06-28,false
2018-04-19,11.12,76.2,76.20538509705698,high,high,2011-06-28,false
2018-04-20,10.99,74.8,74.78097622027533,high,high,2011-06-28,false
2018-04-23,11.05,75.5,75.54721701063164,high,high,2011-06-28,false
2018-04-24,11.27,77.3,77.3125,high,high,2011-06-28,false
2018-04-25,11.17,76.5,76.45221736414742,high,high,2011-06-28,false
2018-04-26,11.06,75.7,75.71785268414482,high,high,2011-06-28,false
2018-04-27,11.1,75.9,75.85776668746101,high,high,2011-06-28,false
2018-05-02,10.48,62.4,62.406483790523694,mid,high,2011-06-28,false
2018-05-03,10.52,63.6,63.613707165109034,mid,high,2011-06-28,false
2018-05-04,10.46,61.8,61.76836861768369,mid,high,2011-06-28,false
2018-05-07,10.61,65.5,65.5258245177349,mid,high,2011-06-28,false
2018-05-08,10.72,68.8,68.78109452736318,mid,high,2011-06-28,false
2018-05-09,10.72,68.8,68.80049720323183,mid,high,2011-06-28,false
2018-05-10,10.77,70.1,70.06211180124224,high,high,2011-06-28,false
2018-05-11,10.77,70.1,70.08069522036003,high,high,2011-06-28,false
2018-05-14,10.85,72.2,72.20843672456576,high,high,2011-06-28,false
2018-05-15,10.84,72.1,72.10167389956602,high,high,2011-06-28,false
2018-05-16,10.7,67.8,67.7819083023544,mid,high,2011-06-28,false
2018-05-17,10.67,66.9,66.93498452012385,mid,high,2011-06-28,false
2018-05-18,10.89,73,72.95792079207921,high,high,2011-06-28,false
2018-05-21,10.89,73,72.97464440321583,high,high,2011-06-28,false
2018-05-22,10.83,71.9,71.9406674907293,high,high,2011-06-28,false
2018-05-23,10.62,65.3,65.28721432983323,mid,high,2011-06-28,false
2018-05-24,10.56,63.9,63.888888888888886,mid,high,2011-06-28,false
2018-05-25,10.5,62.4,62.43059839605182,mid,high,2011-06-28,false
2018-05-28,10.52,63.1,63.13193588162762,mid,high,2011-06-28,false
2018-05-29,10.49,62,62.04559457794209,mid,high,2011-06-28,false
2018-05-30,10.25,56.7,56.65024630541872,mid,mid,2011-06-28,false
2018-05-31,10.41,60.1,60.06153846153847,mid,mid,2011-06-28,false
2018-06-01,10.39,59.7,59.65559655596556,mid,mid,2011-06-28,false
2018-06-04,10.53,63.6,63.55255070682237,mid,mid,2011-06-28,false
2018-06-05,10.53,63.6,63.57493857493858,mid,mid,2011-06-28,false
2018-06-06,10.48,61.8,61.75567833026396,mid,mid,2011-06-28,false
2018-06-07,10.51,62.6,62.63803680981596,mid,mid,2011-06-28,false
2018-06-08,10.35,58.9,58.859595340282034,mid,mid,2011-06-28,false
2018-06-11,10.68,67.2,67.15686274509804,mid,mid,2011-06-28,false
2018-06-12,10.77,70.2,70.17758726270668,high,mid,2011-06-28,false
2018-06-13,10.71,68.2,68.17625458996328,mid,mid,2011-06-28,false
2018-06-14,10.71,68.2,68.19571865443424,mid,mid,2011-06-28,false
2018-06-15,10.72,68.8,68.82640586797066,mid,mid,2011-06-28,false
2018-06-18,10.72,68.8,68.84544899205865,mid,mid,2011-06-28,false
2018-06-19,10.51,62.5,62.45421245421245,mid,mid,2011-06-28,false
2018-06-20,10.47,61.2,61.19585112873703,mid,mid,2011-06-28,false
2018-06-21,10.38,59,59.02439024390244,mid,mid,2011-06-28,false
2018-06-22,10.39,59.3,59.29311395490554,mid,mid,2011-06-28,false
2018-06-25,10.22,55.7,55.66382460414129,mid,mid,2011-06-28,false
2018-06-26,10.1,53.6,53.56055995130858,mid,mid,2011-06-28,false
2018-06-27,9.97,50.9,50.912408759124084,mid,mid,2011-06-28,false
2018-06-28,9.89,49.4,49.422492401215806,mid,mid,2011-06-28,false
2018-06-29,9.98,51.5,51.518833535844465,mid,mid,2011-06-28,false
2018-07-02,9.62,44,44.019429265330906,mid,mid,2011-06-28,false
2018-07-03,9.64,44.4,44.35679611650485,mid,mid,2011-06-28,false
2018-07-04,9.59,43.4,43.35961188599151,mid,mid,2011-06-28,false
2018-07-05,9.53,42.7,42.72727272727273,mid,mid,2011-06-28,false
2018-07-06,9.61,43.9,43.912780133252575,mid,mid,2011-06-28,false
2018-07-09,9.87,48.7,48.728813559322035,mid,mid,2011-06-28,false
2018-07-10,9.9,49.7,49.727767695099814,mid,mid,2011-06-28,false
2018-07-11,9.74,46.4,46.37243047158404,mid,mid,2011-06-28,false
2018-07-12,9.91,49.9,49.90936555891239,mid,mid,2011-06-28,false
2018-07-13,9.83,47.2,47.22222222222222,mid,mid,2011-06-28,false
2018-07-16,9.71,46,46.04707302353651,mid,mid,2011-06-28,false
2018-07-17,9.58,43.1,43.12424607961399,mid,mid,2011-06-28,false
2018-07-18,9.54,42.6,42.616033755274266,mid,mid,2011-06-28,false
2018-07-19,9.53,42.5,42.53012048192771,mid,mid,2011-06-28,false
2018-07-20,9.81,47,46.95966285370259,mid,mid,2011-06-28,false
2018-07-23,9.96,51.1,51.143200962695545,mid,mid,2011-06-28,false
2018-07-24,10.1,54.1,54.11906193625977,mid,mid,2011-06-28,false
2018-07-25,10.1,54.1,54.14663461538461,mid,mid,2011-06-28,false
2018-07-26,10,52.3,52.312312312312315,mid,mid,2011-06-28,false
2018-07-27,9.98,51.9,51.92076830732293,mid,mid,2011-06-28,false
2018-07-30,10.04,52.9,52.90941811637673,mid,mid,2011-06-28,false
2018-07-31,10.09,53.9,53.89688249400479,mid,mid,2011-06-28,false
2018-08-01,9.88,49.2,49.19113241461953,mid,mid,2011-06-28,false
2018-08-02,9.7,45.5,45.50898203592814,mid,mid,2011-06-28,false
2018-08-03,9.63,43.9,43.92579293836027,mid,mid,2011-06-28,false
2018-08-06,9.61,43.6,43.600478468899524,mid,mid,2011-06-28,false
2018-08-07,9.9,49.9,49.85056784219964,mid,mid,2011-06-28,false
2018-08-08,9.8,46.6,46.59498207885305,mid,mid,2011-06-28,false
2018-08-09,9.96,51.2,51.16417910447761,mid,mid,2011-06-28,false
2018-08-10,9.93,50.3,50.298329355608594,mid,mid,2011-06-28,false
2018-08-13,9.83,47.2,47.227191413237925,mid,mid,2011-06-28,false
2018-08-14,9.83,47.3,47.25864123957092,mid,mid,2011-06-28,false
2018-08-15,9.62,43.7,43.656938653960694,mid,mid,2011-06-28,false
2018-08-16,9.59,42.9,42.857142857142854,mid,mid,2011-06-28,false
2018-08-17,9.5,41.1,41.106484235574065,mid,mid,2011-06-28,false
2018-08-20,9.66,44.6,44.589774078478,mid,mid,2011-06-28,false
2018-08-21,9.78,46.5,46.464646464646464,mid,mid,2011-06-28,false
2018-08-22,9.73,46.1,46.14014251781472,mid,mid,2011-06-28,false
2018-08-23,9.76,46.4,46.409495548961424,mid,mid,2011-06-28,false
2018-08-24,9.82,47,46.97508896797153,mid,mid,2011-06-28,false
2018-08-27,9.99,52.5,52.45998814463545,mid,mid,2011-06-28,false
2018-08-28,9.95,51.2,51.18483412322274,mid,mid,2011-06-28,false
2018-08-29,9.95,51.2,51.21373593842511,mid,mid,2011-06-28,false
2018-08-30,9.84,47.8,47.75147928994083,mid,mid,2011-06-28,false
2018-08-31,9.84,47.8,47.78237729154347,mid,mid,2011-06-28,false
2018-09-03,9.75,46.2,46.15839243498818,mid,mid,2011-06-28,false
2018-09-04,9.87,49,49.0253987005316,mid,mid,2011-06-28,false
2018-09-05,9.67,44.5,44.451003541912634,mid,mid,2011-06-28,false
2018-09-06,9.62,43.4,43.42182890855457,mid,mid,2011-06-28,false
2018-09-07,9.67,44.5,44.51650943396226,mid,mid,2011-06-28,false
2018-09-10,9.6,42.8,42.84030642309959,mid,mid,2011-06-28,false
2018-09-11,9.57,42.1,42.10836277974087,mid,mid,2011-06-28,false
2018-09-12,9.51,41.1,41.082989994114186,mid,mid,2011-06-28,false
2018-09-13,9.66,44.4,44.41176470588235,mid,mid,2011-06-28,false
2018-09-14,9.68,45,44.97354497354497,mid,mid,2011-06-28,false
2018-09-17,9.6,42.9,42.890716803760284,mid,mid,2011-06-28,false
2018-09-18,9.78,46.7,46.6823253082795,mid,mid,2011-06-28,false
2018-09-19,9.9,50.5,50.46948356807511,mid,mid,2011-06-28,false
2018-09-20,9.91,50.7,50.67448680351906,mid,mid,2011-06-28,false
2018-09-21,10.23,57.3,57.327080890973036,mid,mid,2011-06-28,false
2018-09-25,10.14,56.1,56.06326889279437,mid,mid,2011-06-28,false
2018-09-26,10.27,58.4,58.37236533957846,mid,mid,2011-06-28,false
2018-09-27,10.25,57.8,57.75307197191339,mid,mid,2011-06-28,false
2018-09-28,10.37,60.5,60.46783625730994,mid,mid,2011-06-28,false
2018-10-08,9.93,50.8,50.847457627118644,mid,mid,2011-06-28,false
2018-10-09,9.97,52.1,52.10280373831776,mid,mid,2011-06-28,false
2018-10-10,10,53.2,53.239929947460595,mid,mid,2011-06-28,false
2018-10-11,9.59,42.2,42.240373395565925,mid,mid,2011-06-28,false
2018-10-12,9.78,46.5,46.47230320699708,mid,mid,2011-06-28,false
2018-10-15,9.65,43.9,43.93939393939394,mid,mid,2011-06-28,false
2018-10-16,9.67,44.4,44.43797320908561,mid,mid,2011-06-28,false
2018-10-17,9.74,46.1,46.10011641443539,mid,mid,2011-06-28,false
2018-10-18,9.45,39,38.976148923792906,mid,mid,2011-06-28,false
2018-10-19,9.72,45.8,45.81395348837209,mid,mid,2011-06-28,false
2018-10-22,10.05,54.2,54.212667054038356,mid,mid,2011-06-28,false
2018-10-23,9.78,46.6,46.631823461091756,mid,mid,2011-06-28,false
2018-10-24,9.83,47.6,47.64944863609983,mid,mid,2011-06-28,false
2018-10-25,9.85,48.4,48.4338747099768,mid,mid,2011-06-28,false
2018-10-26,9.82,47.1,47.07246376811594,mid,mid,2011-06-28,false
2018-10-29,9.59,42.1,42.06257242178447,mid,mid,2011-06-28,false
2018-10-30,9.66,44.1,44.06485234510712,mid,mid,2011-06-28,false
2018-10-31,9.77,46.4,46.41203703703704,mid,mid,2011-06-28,false
2018-11-01,9.55,41.3,41.29554655870445,mid,mid,2011-06-28,false
2018-11-02,9.8,46.9,46.87861271676301,mid,mid,2011-06-28,false
2018-11-05,9.69,44.9,44.945118428653956,mid,mid,2011-06-28,false
2018-11-06,9.66,44.1,44.05311778290993,mid,mid,2011-06-28,false
2018-11-07,9.59,42,42.008078476630125,mid,mid,2011-06-28,false
2018-11-08,9.61,42.7,42.733564013840834,mid,mid,2011-06-28,false
2018-11-09,9.39,36.3,36.2536023054755,mid,mid,2011-06-28,false
2018-11-12,9.43,37.8,37.78801843317972,mid,mid,2011-06-28,false
2018-11-13,9.47,39.4,39.43580886586068,mid,mid,2011-06-28,false
2018-11-14,9.33,34.5,34.46490218642118,mid,mid,2011-06-28,false
2018-11-15,9.44,38.4,38.355376653248996,mid,mid,2011-06-28,false
2018-11-16,9.43,37.8,37.81609195402299,mid,mid,2011-06-28,false
2018-11-19,9.54,41.2,41.24066628374498,mid,mid,2011-06-28,false
2018-11-20,9.39,36.2,36.22273249138921,mid,mid,2011-06-28,false
2018-11-21,9.39,36.3,36.25932300631096,mid,mid,2011-06-28,false
2018-11-22,9.35,35.2,35.206422018348626,mid,mid,2011-06-28,false
2018-11-23,9.22,30.8,30.773638968481375,mid,mid,2011-06-28,false
2018-11-26,9.22,30.8,30.813287514318443,mid,mid,2011-06-28,false
2018-11-27,9.18,30,29.994275901545507,low,mid,2011-06-28,false
2018-11-28,9.27,32.1,32.09382151029748,mid,mid,2011-06-28,false
2018-11-29,9.2,30.2,30.18867924528302,mid,mid,2011-06-28,false
2018-11-30,9.28,32.5,32.457142857142856,mid,mid,2011-06-28,false
2018-12-03,9.49,40.2,40.205596801827525,mid,mid,2011-06-28,false
2018-12-04,9.51,40.9,40.8675799086758,mid,mid,2011-06-28,false
2018-12-05,9.46,39.6,39.58927552766686,mid,mid,2011-06-28,false
2018-12-06,9.31,33.6,33.63740022805017,mid,mid,2011-06-28,false
2018-12-07,9.31,33.7,33.675213675213676,mid,mid,2011-06-28,false
2018-12-10,9.25,31.7,31.71981776765376,mid,mid,2011-06-28,false
2018-12-11,9.26,31.9,31.872509960159363,mid,mid,2011-06-28,false
2018-12-12,9.3,33.3,33.33333333333333,mid,mid,2011-06-28,false
2018-12-13,9.42,37.9,37.919272313814666,mid,mid,2011-06-28,false
2018-12-14,9.31,33.8,33.80681818181818,mid,mid,2011-06-28,false
2018-12-17,9.41,37.5,37.535491198182854,mid,mid,2011-06-28,false
2018-12-18,9.31,33.8,33.82519863791146,mid,mid,2011-06-28,false
2018-12-19,9.21,30.2,30.23255813953488,mid,mid,2011-06-28,false
2018-12-20,9.1,28.6,28.628117913832202,low,mid,2011-06-28,false
2018-12-21,9.02,26.7,26.68555240793201,low,mid,2011-06-28,false
2018-12-24,9.04,27.1,27.06681766704417,low,mid,2011-06-28,false
2018-12-25,8.98,25.6,25.5800792303339,low,mid,2011-06-28,false
2018-12-26,8.95,25.1,25.056561085972852,low,mid,2011-06-28,false
2018-12-27,8.92,24.7,24.703222159412096,low,mid,2011-06-28,false
2018-12-28,8.96,25.4,25.36723163841808,low,mid,2011-06-28,false
2019-01-02,8.84,23.7,23.715415019762844,low,mid,2011-06-28,false
2019-01-03,8.86,24,23.984198645598195,low,mid,2011-06-28,false
2019-01-04,9.02,27,26.959954878736603,low,mid,2011-06-28,false
2019-01-07,9.02,27,27.001127395715898,low,mid,2011-06-28,false
2019-01-08,8.98,25.8,25.80281690140845,low,mid,2011-06-28,false
2019-01-09,9.07,28.2,28.153153153153156,low,mid,2011-06-28,false
2019-01-10,9.04,27.5,27.46201463140124,low,mid,2011-06-28,false
2019-01-11,9.11,29.2,29.24634420697413,low,mid,2011-06-28,false
2019-01-14,9.03,27.3,27.262507026419335,low,mid,2011-06-28,false
2019-01-15,9.17,30.1,30.0561797752809,mid,mid,2011-06-28,false
2019-01-16,9.18,30.4,30.43234138124649,mid,mid,2011-06-28,false
2019-01-17,9.15,29.6,29.629629629629626,low,mid,2011-06-28,false
2019-01-18,9.31,34.6,34.604598990465504,mid,mid,2011-06-28,false
2019-01-21,9.38,37.1,37.10762331838565,mid,mid,2011-06-28,false
2019-01-22,9.27,32.8,32.773109243697476,mid,mid,2011-06-28,false
2019-01-23,9.26,32.5,32.53079507278835,mid,mid,2011-06-28,false
2019-01-24,9.31,34.7,34.69501958589815,mid,mid,2011-06-28,false
2019-01-25,9.41,38.5,38.47874720357942,mid,mid,2011-06-28,false
2019-01-28,9.4,38.1,38.065958636109556,mid,mid,2011-06-28,false
2019-01-29,9.45,40.3,40.279329608938546,mid,mid,2011-06-28,false
2019-01-30,9.41,38.5,38.52596314907873,mid,mid,2011-06-28,false
2019-01-31,9.55,43.1,43.080357142857146,mid,mid,2011-06-28,false
2019-02-01,9.6,44.3,44.28332403792526,mid,mid,2011-06-28,false
2019-02-11,9.67,46.3,46.265328874024526,mid,mid,2011-06-28,false
2019-02-12,9.7,47.2,47.1866295264624,mid,mid,2011-06-28,false
2019-02-13,9.89,52.2,52.17149220489977,mid,mid,2011-06-28,false
2019-02-14,9.85,50.5,50.473010573177525,mid,mid,2011-06-28,false
2019-02-15,9.65,45.6,45.550611790878754,mid,mid,2011-06-28,false
2019-02-18,9.87,51.4,51.36186770428015,mid,mid,2011-06-28,false
2019-02-19,9.86,50.8,50.77777777777778,mid,mid,2011-06-28,false
2019-02-20,9.9,52.6,52.58189894503054,mid,mid,2011-06-28,false
2019-02-21,9.84,50,50,mid,mid,2011-06-28,false
2019-02-22,9.97,54.4,54.409317803660564,mid,mid,2011-06-28,false
2019-02-25,10.55,67,67.01773835920177,mid,mid,2011-06-28,false
2019-02-26,10.39,62.9,62.936288088642655,mid,mid,2011-06-28,false
2019-02-27,10.47,64.7,64.72868217054264,mid,mid,2011-06-28,false
2019-02-28,10.42,63.5,63.530713890426114,mid,mid,2011-06-28,false
2019-03-01,10.67,70,69.96681415929203,mid,mid,2011-06-28,false
2019-03-04,10.72,71.8,71.80762852404644,high,mid,2011-06-28,false
2019-03-05,10.7,70.8,70.77348066298342,high,mid,2011-06-28,false
2019-03-06,10.77,73.1,73.10877967973495,high,mid,2011-06-28,false
2019-03-07,10.61,68.2,68.21192052980133,mid,mid,2011-06-28,false
2019-03-08,10.21,59.1,59.07335907335908,mid,mid,2011-06-28,false
2019-03-11,10.31,61.1,61.08048511576626,mid,mid,2011-06-28,false
2019-03-12,10.35,61.9,61.928374655647374,mid,mid,2011-06-28,false
2019-03-13,10.3,60.9,60.90308370044053,mid,mid,2011-06-28,false
2019-03-14,10.29,60.7,60.70445789763346,mid,mid,2011-06-28,false
2019-03-15,10.36,62.2,62.211221122112214,mid,mid,2011-06-28,false
2019-03-18,10.59,67.9,67.89444749862562,mid,mid,2011-06-28,false
2019-03-19,10.54,66.8,66.75824175824175,mid,mid,2011-06-28,false
2019-03-20,10.51,65.8,65.7880285557386,mid,mid,2011-06-28,false
2019-03-21,10.5,65.5,65.4774972557629,mid,mid,2011-06-28,false
2019-03-22,10.48,64.8,64.8381788261108,mid,mid,2011-06-28,false
2019-03-25,10.21,58.8,58.77192982456141,mid,mid,2011-06-28,false
2019-03-26,10.14,57.6,57.589041095890416,mid,mid,2011-06-28,false
2019-03-27,10.23,58.9,58.92661555312158,mid,mid,2011-06-28,false
2019-03-28,10.18,58.2,58.23754789272031,mid,mid,2011-06-28,false
2019-03-29,10.51,65.9,65.91903719912473,mid,mid,2011-06-28,false
2019-04-01,10.7,71,71.02241662110444,high,mid,2011-06-28,false
2019-04-02,10.69,70.5,70.54644808743168,high,mid,2011-06-28,false
2019-04-03,10.78,73.6,73.6209721463681,high,mid,2011-06-28,false
2019-04-04,10.91,76.5,76.47379912663756,high,mid,2011-06-28,false
2019-04-05,10.91,76.5,76.48663393344245,high,mid,2011-06-28,false
2019-04-08,10.96,77.3,77.31733914940023,high,mid,2011-06-28,false
2019-04-09,10.93,76.9,76.89373297002724,high,mid,2011-06-28,false
2019-04-10,10.95,77.1,77.06971677559913,high,high,2011-06-28,false
2019-04-11,10.79,73.8,73.8160043549265,high,high,2011-06-28,false
2019-04-12,10.78,73.4,73.3949945593036,high,high,2011-06-28,false
2019-04-15,10.8,74.3,74.27949972811311,high,high,2011-06-28,false
2019-04-16,11.13,79.2,79.23913043478261,high,high,2011-06-28,false
2019-04-17,11.14,79.3,79.30472569255839,high,high,2011-06-28,false
2019-04-18,11.11,78.9,78.93593919652552,high,high,2011-06-28,false
2019-04-19,11.19,79.8,79.76125881714596,high,high,2011-06-28,false
2019-04-22,10.96,77.2,77.22342733188721,high,high,2011-06-28,false
2019-04-23,10.96,77.2,77.23577235772358,high,high,2011-06-28,false
2019-04-24,10.94,76.8,76.81473456121344,high,high,2011-06-28,false
2019-04-25,10.76,72.4,72.44179750947482,high,high,2011-06-28,false
2019-04-26,10.65,69,69.04761904761905,mid,high,2011-06-28,false
2019-04-29,10.76,72.5,72.47160627366144,high,high,2011-06-28,false
2019-04-30,10.78,73.1,73.13513513513513,high,high,2011-06-28,false
2019-05-01,10.78,73.1,73.1496488384657,high,high,2011-06-28,false
2019-05-02,10.78,73.2,73.16414686825054,high,high,2011-06-28,false
2019-05-03,10.78,73.2,73.17862924986508,high,high,2011-06-28,false
2019-05-06,10.64,68.3,68.33872707659116,mid,high,2011-06-28,false
2019-05-07,10.63,68.1,68.14016172506739,mid,high,2011-06-28,false
2019-05-08,10.48,64,63.95474137931034,mid,high,2011-06-28,false
2019-05-09,10.3,59.9,59.88152934841141,mid,high,2011-06-28,false
2019-05-10,10.58,66.8,66.84607104413348,mid,high,2011-06-28,false
2019-05-13,10.41,62.1,62.1301775147929,mid,high,2011-06-28,false
2019-05-14,10.35,60.9,60.86021505376345,mid,high,2011-06-28,false
2019-05-15,10.53,65.9,65.87855991402472,mid,high,2011-06-28,false
2019-05-16,10.56,66.4,66.43394199785178,mid,high,2011-06-28,false
2019-05-17,10.39,61.7,61.67471819645732,mid,high,2011-06-28,false
2019-05-20,10.37,61.2,61.1587982832618,mid,high,2011-06-28,false
2019-05-21,10.45,63.1,63.05630026809651,mid,high,2011-06-28,false
2019-05-22,10.41,62.1,62.11146838156485,mid,high,2011-06-28,false
2019-05-23,10.3,59.6,59.614354579539366,mid,mid,2011-06-28,false
2019-05-24,10.33,60.1,60.064239828693786,mid,mid,2011-06-28,false
2019-05-27,10.4,61.9,61.85125735687534,mid,mid,2011-06-28,false
2019-05-28,10.48,64.1,64.06417112299465,mid,mid,2011-06-28,false
2019-05-29,10.5,64.7,64.72474612506682,mid,mid,2011-06-28,false
2019-05-30,10.48,64,64.0491452991453,mid,mid,2011-06-28,false
2019-05-31,10.41,62.1,62.092899092365194,mid,mid,2011-06-28,false
2019-06-03,10.44,62.7,62.70010672358591,mid,mid,2011-06-28,false
2019-06-04,10.39,61.5,61.49333333333333,mid,mid,2011-06-28,false
2019-06-05,10.41,62.1,62.10021321961621,mid,mid,2011-06-28,false
2019-06-06,10.36,60.7,60.735215769845496,mid,mid,2011-06-28,false
2019-06-07,10.36,60.8,60.75612353567625,mid,mid,2011-06-28,false
2019-06-10,10.45,63.2,63.171899946780194,mid,mid,2011-06-28,false
2019-06-11,10.63,68.6,68.56382978723404,mid,mid,2011-06-28,false
2019-06-12,10.58,67.2,67.19829877724615,mid,mid,2011-06-28,false
2019-06-13,10.57,67,67.00318809776833,mid,mid,2011-06-28,false
2019-06-14,10.54,66.2,66.17100371747212,mid,mid,2011-06-28,false
2019-06-17,10.86,75.8,75.79617834394905,high,mid,2011-06-28,false
2019-06-18,10.89,76.2,76.18037135278514,high,mid,2011-06-28,false
2019-06-19,10.96,77.7,77.7306468716861,high,mid,2011-06-28,false
2019-06-20,11.26,80.6,80.5511393746688,high,mid,2011-06-28,false
2019-06-21,11.27,80.8,80.77330508474576,high,high,2011-06-28,false
2019-06-24,11.3,80.9,80.94229751191106,high,high,2011-06-28,false
2019-06-25,11.18,80,80,high,high,2011-06-28,false
2019-06-26,11.16,79.7,79.69328397673189,high,high,2011-06-28,false
2019-06-27,11.25,80.3,80.33826638477801,high,high,2011-06-28,false
2019-06-28,11.2,80.1,80.08452192287375,high,high,2011-06-28,false
2019-07-01,11.43,82.4,82.4181626187962,high,high,2011-06-28,false
2019-07-02,11.42,82.4,82.37467018469657,high,high,2011-06-28,false
2019-07-03,11.23,80.2,80.16877637130801,high,high,2011-06-28,false
2019-07-04,11.21,80,79.96837111228255,high,high,2011-06-28,false
2019-07-05,11.23,80.2,80.18967334035827,high,high,2011-06-28,false
2019-07-08,10.99,77.7,77.67245918904688,high,high,2011-06-28,false
2019-07-09,10.94,76.7,76.73684210526316,high,high,2011-06-28,false
2019-07-10,10.91,76,76.01262493424514,high,high,2011-06-28,false
2019-07-11,10.95,76.8,76.81388012618297,high,high,2011-06-28,false
2019-07-12,11,77.9,77.87703625853915,high,high,2011-06-28,false
2019-07-15,11,77.9,77.88865546218487,high,high,2011-06-28,false
2019-07-16,10.96,77.2,77.16535433070865,high,high,2011-06-28,false
2019-07-17,10.92,76.1,76.07555089192026,high,high,2011-06-28,false
2019-07-18,10.85,74.6,74.5673833245936,high,high,2011-06-28,false
2019-07-19,10.95,76.7,76.72955974842768,high,high,2011-06-28,false
2019-07-22,10.91,75.8,75.79884756416972,high,high,2011-06-28,false
2019-07-23,10.91,75.8,75.81151832460733,high,high,2011-06-28,false
2019-07-24,11,78,77.96964939822082,high,high,2011-06-28,false
2019-07-25,11.07,78.8,78.81799163179917,high,high,2011-06-28,false
2019-07-26,11.09,78.9,78.8813382122321,high,high,2011-06-28,false
2019-07-29,11.06,78.7,78.68338557993731,high,high,2011-06-28,false
2019-07-30,11.11,79.1,79.06005221932115,high,high,2011-06-28,false
2019-07-31,11.03,78.1,78.07933194154488,high,high,2011-06-28,false
2019-08-01,10.93,76.1,76.10850286906626,high,high,2011-06-28,false
2019-08-02,10.77,71.8,71.79353493222106,high,high,2011-06-28,false
2019-08-05,10.57,65.8,65.81552892131319,mid,high,2011-06-28,false
2019-08-06,10.46,62,61.979166666666664,mid,high,2011-06-28,false
2019-08-07,10.41,60.8,60.80166579906299,mid,high,2011-06-28,false
2019-08-08,10.54,65,64.9843912591051,mid,high,2011-06-28,false
2019-08-09,10.5,63.5,63.54654186167446,mid,high,2011-06-28,false
2019-08-12,10.67,68.6,68.55509355509356,mid,high,2011-06-28,false
2019-08-13,10.57,65.9,65.87012987012987,mid,high,2011-06-28,false
2019-08-14,10.62,67,66.97819314641744,mid,high,2011-06-28,false
2019-08-15,10.65,68.2,68.188894654904,mid,high,2011-06-28,false
2019-08-16,10.66,68.3,68.3091286307054,mid,high,2011-06-28,false
2019-08-19,10.83,74.1,74.07983411093831,high,high,2011-06-28,false
2019-08-20,10.81,73.5,73.52331606217616,high,high,2011-06-28,false
2019-08-21,10.81,73.5,73.53702744691869,high,high,2011-06-28,false
2019-08-22,10.82,73.9,73.86128364389234,high,high,2011-06-28,false
2019-08-23,10.92,76,75.9958613554061,high,high,2011-06-28,false
2019-08-26,10.75,70.9,70.94105480868666,high,high,2011-06-28,false
2019-08-27,10.86,74.7,74.72868217054264,high,high,2011-06-28,false
2019-08-28,10.78,72.3,72.26239669421489,high,high,2011-06-28,false
2019-08-29,10.75,70.9,70.88280846670109,high,high,2011-06-28,false
2019-08-30,10.8,73.2,73.16821465428276,high,high,2011-06-28,false
2019-09-02,10.13,53.9,53.89375966993295,mid,high,2011-06-28,false
2019-09-03,10.14,54.3,54.27835051546391,mid,high,2011-06-28,false
2019-09-04,10.24,55.7,55.74446161772282,mid,high,2011-06-28,false
2019-09-05,10.35,58.6,58.599382080329555,mid,high,2011-06-28,false
2019-09-06,10.42,60.6,60.62789500772002,mid,mid,2011-06-28,false
2019-09-09,10.44,61,61.008230452674894,mid,mid,2011-06-28,false
2019-09-10,10.41,60.3,60.30848329048843,mid,mid,2011-06-28,false
2019-09-11,10.38,59.2,59.1983556012333,mid,mid,2011-06-28,false
2019-09-12,10.48,62.5,62.506420133538775,mid,mid,2011-06-28,false
2019-09-13,10.48,62.5,62.525667351129364,mid,mid,2011-06-28,false
2019-09-16,10.45,61.4,61.41611082606465,mid,mid,2011-06-28,false
2019-09-17,10.3,57.3,57.282051282051285,mid,mid,2011-06-28,false
2019-09-18,10.33,57.8,57.76524859046642,mid,mid,2011-06-28,false
2019-09-19,10.35,58.5,58.45286885245902,mid,mid,2011-06-28,false
2019-09-20,10.38,59.2,59.190988223246286,mid,mid,2011-06-28,false
2019-09-23,10.28,56.7,56.65301944728761,mid,mid,2011-06-28,false
2019-09-24,10.31,57.4,57.391304347826086,mid,mid,2011-06-28,false
2019-09-25,10.25,55.7,55.674846625766875,mid,mid,2011-06-28,false
2019-09-26,10.26,55.9,55.90189064895248,mid,mid,2011-06-28,false
2019-09-27,10.25,55.7,55.669050051072524,mid,mid,2011-06-28,false
2019-09-30,10.16,54.1,54.05819295558959,mid,mid,2011-06-28,false
2019-10-01,10.16,54.1,54.08163265306123,mid,mid,2011-06-28,false
2019-10-02,10.16,54.1,54.10504844467109,mid,mid,2011-06-28,false
2019-10-03,10.16,54.1,54.12844036697248,mid,mid,2011-06-28,false
2019-10-04,10.16,54.2,54.151808456444215,mid,mid,2011-06-28,false
2019-10-07,10.16,54.2,54.17515274949084,mid,mid,2011-06-28,false
2019-10-08,10.22,55.2,55.16539440203563,mid,mid,2011-06-28,false
2019-10-09,10.23,55.3,55.28992878942014,mid,mid,2011-06-28,false
2019-10-10,10.27,56.5,56.481952211489585,mid,mid,2011-06-28,false
2019-10-11,10.42,60.9,60.92479674796748,mid,mid,2011-06-28,false
2019-10-14,10.53,64.9,64.85525647536821,mid,mid,2011-06-28,false
2019-10-15,10.52,64.4,64.41624365482234,mid,mid,2011-06-28,false
2019-10-16,10.49,63.1,63.11516996448503,mid,mid,2011-06-28,false
2019-10-17,10.51,63.9,63.94523326572008,mid,mid,2011-06-28,false
2019-10-18,10.37,59.1,59.097820577800306,mid,mid,2011-06-28,false
2019-10-21,10.43,61,61.043566362715296,mid,mid,2011-06-28,false
2019-10-22,10.44,61.3,61.26582278481013,mid,mid,2011-06-28,false
2019-10-23,10.41,60.4,60.425101214574894,mid,mid,2011-06-28,false
2019-10-24,10.44,61.3,61.305007587253414,mid,mid,2011-06-28,false
2019-10-25,10.47,62.3,62.335692618806874,mid,mid,2011-06-28,false
2019-10-28,10.51,64.1,64.07276402223346,mid,mid,2011-06-28,false
2019-10-29,10.45,61.7,61.717171717171716,mid,mid,2011-06-28,false
2019-10-30,10.43,60.9,60.92882382635033,mid,mid,2011-06-28,false
2019-10-31,10.43,60.9,60.948536831483345,mid,mid,2011-06-28,false
2019-11-01,10.33,57.6,57.58951084215834,mid,mid,2011-06-28,false
2019-11-04,10.39,59.5,59.52620967741935,mid,mid,2011-06-28,false
2019-11-05,10.45,61.8,61.81360201511335,mid,mid,2011-06-28,false
2019-11-06,10.44,61.3,61.278952668680766,mid,mid,2011-06-28,false
2019-11-07,10.41,60.2,60.24157020634122,mid,mid,2011-06-28,false
2019-11-08,10.34,57.8,57.79678068410463,mid,mid,2011-06-28,false
2019-11-11,10.19,54.1,54.14781297134238,mid,mid,2011-06-28,false
2019-11-12,10.2,54.3,54.2713567839196,mid,mid,2011-06-28,false
2019-11-13,10.18,53.9,53.89251632345555,mid,mid,2011-06-28,false
2019-11-14,10.17,53.8,53.765060240963855,mid,mid,2011-06-28,false
2019-11-15,10.13,52.5,52.48369292523834,mid,mid,2011-06-28,false
2019-11-18,10.19,54.2,54.212637913741226,mid,mid,2011-06-28,false
2019-11-19,10.24,55,54.987468671679196,mid,mid,2011-06-28,false
2019-11-20,10.15,53.1,53.106212424849694,mid,mid,2011-06-28,false
2019-11-21,10.11,52,52.02804206309464,mid,mid,2011-06-28,false
2019-11-22,10.04,50.7,50.650650650650654,mid,mid,2011-06-28,false
2019-11-25,10.15,53.2,53.176588294147074,mid,mid,2011-06-28,false
2019-11-26,10.15,53.2,53.2,mid,mid,2011-06-28,false
2019-11-27,10.15,53.2,53.223388305847074,mid,mid,2011-06-28,false
2019-11-28,10.1,51.8,51.798201798201795,mid,mid,2011-06-28,false
2019-11-29,9.99,49.7,49.675486769845236,mid,mid,2011-06-28,false
2019-12-02,10,50,50.04990019960079,mid,mid,2011-06-28,false
2019-12-03,10.01,50.2,50.22443890274314,mid,mid,2011-06-28,false
2019-12-04,9.97,49,48.953140578265206,mid,mid,2011-06-28,false
2019-12-05,10.05,50.9,50.87194818136523,mid,mid,2011-06-28,false
2019-12-06,10.09,51.6,51.59362549800797,mid,mid,2011-06-28,false
2019-12-09,10.09,51.6,51.61772025883524,mid,mid,2011-06-28,false
2019-12-10,10.09,51.6,51.64179104477612,mid,mid,2011-06-28,false
2019-12-11,10.14,53,53.00845350571854,mid,mid,2011-06-28,false
2019-12-12,10.1,52,51.988071570576544,mid,mid,2011-06-28,false
2019-12-13,10.33,58,57.97317436661699,mid,mid,2011-06-28,false
2019-12-16,10.58,66.9,66.93147964250248,mid,mid,2011-06-28,false
2019-12-17,10.7,70.4,70.37220843672458,high,mid,2011-06-28,false
2019-12-18,10.68,69.5,69.54365079365078,mid,mid,2011-06-28,false
2019-12-19,10.67,69.4,69.41001487357461,mid,mid,2011-06-28,false
2019-12-20,10.65,68.9,68.92963330029733,mid,mid,2011-06-28,false
2019-12-23,10.54,65.7,65.67607726597325,mid,mid,2011-06-28,false
2019-12-24,10.58,66.8,66.83168316831683,mid,mid,2011-06-28,false
2019-12-25,10.55,65.9,65.85848589807026,mid,mid,2011-06-28,false
2019-12-26,10.63,68.2,68.1998021760633,mid,mid,2011-06-28,false
2019-12-27,10.66,69.2,69.15472071181414,mid,mid,2011-06-28,false
2019-12-30,10.79,73.8,73.81422924901186,high,mid,2011-06-28,false
2019-12-31,10.79,73.8,73.82716049382717,high,mid,2011-06-28,false
2020-01-01,10.79,73.8,73.8400789733465,high,mid,2011-06-28,false
2020-01-02,10.88,76,76.02368031573754,high,mid,2011-06-28,false
2020-01-03,10.85,75.4,75.44378698224851,high,mid,2011-06-28,false
2020-01-06,10.81,74.6,74.56875308033514,high,mid,2011-06-28,false
2020-01-07,10.86,75.9,75.86206896551724,high,mid,2011-06-28,false
2020-01-08,10.74,71.6,71.59034958148696,high,mid,2011-06-28,false
2020-01-09,10.81,74.6,74.55708661417323,high,mid,2011-06-28,false
2020-01-10,10.81,74.6,74.56960157402854,high,mid,2011-06-28,false
2020-01-13,10.87,76.1,76.05703048180924,high,mid,2011-06-28,false
2020-01-14,10.83,75.1,75.13513513513513,high,mid,2011-06-28,false
2020-01-15,10.75,71.7,71.70923379174853,high,mid,2011-06-28,false
2020-01-16,10.68,69.2,69.21944035346097,mid,mid,2011-06-28,false
2020-01-17,10.7,70.1,70.06869479882238,high,mid,2011-06-28,false
2020-01-20,10.73,71.2,71.21137812653261,high,mid,2011-06-28,false
2020-01-21,10.57,66,65.98039215686275,mid,mid,2011-06-28,false
2020-01-22,10.61,66.9,66.92797648211662,mid,mid,2011-06-28,false
2020-01-23,10.35,57.9,57.933398628795295,mid,mid,2011-06-28,false
2020-01-24,10.35,58,57.95398923152227,mid,mid,2011-06-28,false
2020-01-27,10.35,58,57.97455968688845,mid,mid,2011-06-28,false
2020-01-28,10.35,58,57.99511002444988,mid,mid,2011-06-28,false
2020-01-29,10.35,58,58.0156402737048,mid,mid,2011-06-28,false
2020-01-30,10.35,58,58.036150464093794,mid,mid,2011-06-28,false
2020-01-31,10.35,58.1,58.056640625,mid,mid,2011-06-28,false
2020-02-03,9.63,39.5,39.48267447535383,mid,mid,2011-06-28,false
2020-02-04,9.83,43.7,43.65853658536585,mid,mid,2011-06-28,false
2020-02-05,9.88,45.7,45.73378839590443,mid,mid,2011-06-28,false
2020-02-06,10,49.1,49.122807017543856,mid,mid,2011-06-28,false
2020-02-07,9.98,48.6,48.56307842182173,mid,mid,2011-06-28,false
2020-02-10,9.98,48.6,48.58812074001948,mid,mid,2011-06-28,false
2020-02-11,10.08,50.5,50.51094890510949,mid,mid,2011-06-28,false
2020-02-12,10.13,51.8,51.84824902723736,mid,mid,2011-06-28,false
2020-02-13,10.06,50.1,50.12153621779291,mid,mid,2011-06-28,false
2020-02-14,10.11,51.5,51.45772594752187,mid,mid,2011-06-28,false
2020-02-17,10.3,56.6,56.5808644973288,mid,mid,2011-06-28,false
2020-02-18,10.21,54.2,54.1747572815534,mid,mid,2011-06-28,false
2020-02-19,10.21,54.2,54.1969917515769,mid,mid,2011-06-28,false
2020-02-20,10.39,59.6,59.55383123181377,mid,mid,2011-06-28,false
2020-02-21,10.37,58.8,58.84634028114396,mid,mid,2011-06-28,false
2020-02-24,10.26,55.2,55.23255813953488,mid,mid,2011-06-28,false
2020-02-25,10.18,53.4,53.41404358353511,mid,mid,2011-06-28,false
2020-02-26,10.16,52.9,52.904162633107454,mid,mid,2011-06-28,false
2020-02-27,10.18,53.5,53.459119496855344,mid,mid,2011-06-28,false
2020-02-28,9.87,44.9,44.92263056092843,mid,mid,2011-06-28,false
2020-03-02,10.14,52.2,52.150797486708555,mid,mid,2011-06-28,false
2020-03-03,10.19,53.8,53.81642512077295,mid,mid,2011-06-28,false
2020-03-04,10.25,55.1,55.09415741187832,mid,mid,2011-06-28,false
2020-03-05,10.48,63.2,63.17567567567568,mid,mid,2011-06-28,false
2020-03-06,10.32,57,57.01881331403763,mid,mid,2011-06-28,false
2020-03-09,10.03,49.2,49.18032786885246,mid,mid,2011-06-28,false
2020-03-10,10.2,53.9,53.92771084337349,mid,mid,2011-06-28,false
2020-03-11,10.09,50.5,50.529865125240846,mid,mid,2011-06-28,false
2020-03-12,9.95,46.9,46.942705825710156,mid,mid,2011-06-28,false
2020-03-13,9.81,42.5,42.49278152069297,mid,mid,2011-06-28,false
2020-03-16,9.53,36.8,36.844636844636845,mid,mid,2011-06-28,false
2020-03-17,9.48,35.6,35.57692307692308,mid,mid,2011-06-28,false
2020-03-18,9.29,29,29.024507448342142,low,mid,2011-06-28,false
2020-03-19,9.1,25,24.975984630163303,low,mid,2011-06-28,false
2020-03-20,9.29,29.1,29.092654824771962,low,mid,2011-06-28,false
2020-03-23,9.04,23.5,23.512476007677545,low,mid,2011-06-28,false
2020-03-24,9.31,30,29.97601918465228,low,mid,2011-06-28,false
2020-03-25,9.51,36.5,36.52924256951103,mid,mid,2011-06-28,false
2020-03-26,9.46,35.4,35.361763296597985,mid,mid,2011-06-28,false
2020-03-27,9.5,36.2,36.15900383141762,mid,mid,2011-06-28,false
2020-03-30,9.46,35.4,35.3757778841551,mid,mid,2011-06-28,false
2020-03-31,9.43,34,33.97129186602871,mid,mid,2011-06-28,false
2020-04-01,9.4,32.9,32.85509325681492,mid,mid,2011-06-28,false
2020-04-02,9.55,37.6,37.5717017208413,mid,mid,2011-06-28,false
2020-04-03,9.49,36,36.024844720496894,mid,mid,2011-06-28,false
2020-04-06,9.49,36.1,36.05539637058261,mid,mid,2011-06-28,false
2020-04-07,9.64,39.6,39.618138424821005,mid,mid,2011-06-28,false
2020-04-08,9.59,38.3,38.31106870229007,mid,mid,2011-06-28,false
2020-04-09,9.6,38.7,38.72198378636147,mid,mid,2011-06-28,false
2020-04-10,9.58,38,37.988560533841756,mid,mid,2011-06-28,false
2020-04-13,9.55,37.6,37.58932825154835,mid,mid,2011-06-28,false
2020-04-14,9.69,41.2,41.19047619047619,mid,mid,2011-06-28,false
2020-04-15,9.63,39.5,39.504997620180866,mid,mid,2011-06-28,false
2020-04-16,9.65,40.1,40.104662226451,mid,mid,2011-06-28,false
2020-04-17,9.78,42.7,42.74845458868283,mid,mid,2011-06-28,false
2020-04-20,9.8,43,42.96577946768061,mid,mid,2011-06-28,false
2020-04-21,9.68,41,40.950118764845605,mid,mid,2011-06-28,false
2020-04-22,9.74,42.3,42.26020892687559,mid,mid,2011-06-28,false
2020-04-23,9.71,41.9,41.86046511627907,mid,mid,2011-06-28,false
2020-04-24,9.64,39.7,39.658444022770404,mid,mid,2011-06-28,false
2020-04-27,9.72,42,42.0104314841157,mid,mid,2011-06-28,false
2020-04-28,9.76,42.6,42.55924170616114,mid,mid,2011-06-28,false
2020-04-29,9.83,44,44.00757934628138,mid,mid,2011-06-28,false
2020-04-30,9.9,46.7,46.73295454545455,mid,mid,2011-06-28,false
2020-05-01,9.9,46.8,46.75816374822527,mid,mid,2011-06-28,false
2020-05-04,9.9,46.8,46.7833491012299,mid,mid,2011-06-28,false
2020-05-05,9.9,46.8,46.808510638297875,mid,mid,2011-06-28,false
2020-05-06,10.14,53,52.9773156899811,mid,mid,2011-06-28,false
2020-05-07,10.1,51.8,51.81861124232404,mid,mid,2011-06-28,false
2020-05-08,10.17,54.1,54.107648725212464,mid,mid,2011-06-28,false
2020-05-11,10.17,54.1,54.12930627654554,mid,mid,2011-06-28,false
2020-05-12,10.15,53.4,53.39622641509434,mid,mid,2011-06-28,false
2020-05-13,10.15,53.4,53.418198962753415,mid,mid,2011-06-28,false
2020-05-14,10.04,50.1,50.141376060320454,mid,mid,2011-06-28,false
2020-05-15,10,49.5,49.50541686292982,mid,mid,2011-06-28,false
2020-05-18,10.05,50.4,50.42372881355932,mid,mid,2011-06-28,false
2020-05-19,10.12,52.1,52.09411764705882,mid,mid,2011-06-28,false
2020-05-20,10.11,52,52.02257761053622,mid,mid,2011-06-28,false
2020-05-21,10.08,51,50.96379877762106,mid,mid,2011-06-28,false
2020-05-22,9.86,44.7,44.73684210526316,mid,mid,2011-06-28,false
2020-05-25,9.88,45.8,45.796148426491314,mid,mid,2011-06-28,false
2020-05-26,9.93,47.1,47.08920187793427,mid,mid,2011-06-28,false
2020-05-27,9.9,46.6,46.59784138901924,mid,mid,2011-06-28,false
2020-05-28,9.96,48,47.98311444652908,mid,mid,2011-06-28,false
2020-05-29,9.93,47.1,47.11673699015471,mid,mid,2011-06-28,false
2020-06-01,10.13,52.7,52.67104029990628,mid,mid,2011-06-28,false
2020-06-02,10.18,54.7,54.70725995316159,mid,mid,2011-06-28,false
2020-06-03,10.2,55.2,55.243445692883896,mid,mid,2011-06-28,false
2020-06-04,10.17,54.4,54.4220870379036,mid,mid,2011-06-28,false
2020-06-05,10.21,55.6,55.56594948550047,mid,mid,2011-06-28,false
2020-06-08,10.25,56.4,56.42823749415615,mid,mid,2011-06-28,false
2020-06-09,10.31,58.2,58.22429906542056,mid,mid,2011-06-28,false
2020-06-10,10.25,56.4,56.42223260158804,mid,mid,2011-06-28,false
2020-06-11,10.15,53.5,53.54808590102708,mid,mid,2011-06-28,false
2020-06-12,10.15,53.6,53.56976201586561,mid,mid,2011-06-28,false
2020-06-15,10.33,58.8,58.76865671641791,mid,mid,2011-06-28,false
2020-06-16,10.46,63.4,63.44988344988345,mid,mid,2011-06-28,false
2020-06-17,10.45,63.3,63.280521901211564,mid,mid,2011-06-28,false
2020-06-18,10.47,63.9,63.903120633442015,mid,mid,2011-06-28,false
2020-06-19,10.59,68.2,68.15642458100558,mid,mid,2011-06-28,false
2020-06-22,10.57,67.6,67.61284318287576,mid,mid,2011-06-28,false
2020-06-23,10.57,67.6,67.62790697674419,mid,mid,2011-06-28,false
2020-06-24,10.64,69.5,69.5025569502557,mid,mid,2011-06-28,false
2020-06-25,10.64,69.5,69.51672862453532,mid,mid,2011-06-28,false
2020-06-26,10.64,69.5,69.5308871342313,mid,mid,2011-06-28,false
2020-06-29,10.58,67.8,67.82729805013928,mid,mid,2011-06-28,false
2020-06-30,10.58,67.8,67.84222737819026,mid,mid,2011-06-28,false
2020-07-01,10.78,74.5,74.53617810760667,high,mid,2011-06-28,false
2020-07-02,11.07,81.1,81.13120074177098,high,mid,2011-06-28,false
2020-07-03,11.36,83.8,83.78127896200185,high,mid,2011-06-28,false
2020-07-06,12.15,91.4,91.38490041685967,extreme,mid,2011-06-28,false
2020-07-07,12.15,91.4,91.38888888888889,extreme,mid,2011-06-28,false
2020-07-08,12.29,92.3,92.2720962517353,extreme,mid,2011-06-28,false
2020-07-09,12.35,92.6,92.64569842738204,extreme,mid,2011-06-28,false
2020-07-10,11.95,90.2,90.24503005085529,extreme,extreme,2011-06-28,false
2020-07-13,12.07,90.9,90.85027726432531,extreme,extreme,2011-06-28,false
2020-07-14,11.94,90.1,90.06928406466513,extreme,extreme,2011-06-28,false
2020-07-15,11.77,88.5,88.45798707294551,high,extreme,2011-06-28,false
2020-07-16,11.27,82.7,82.69497000461467,high,extreme,2011-06-28,false
2020-07-17,11.33,83.1,83.11808118081181,high,extreme,2011-06-28,false
2020-07-20,11.67,86.9,86.86030428769018,high,extreme,2011-06-28,false
2020-07-21,11.67,86.9,86.8663594470046,high,extreme,2011-06-28,false
2020-07-22,11.69,87.2,87.24090280976509,high,extreme,2011-06-28,false
2020-07-23,11.62,85.9,85.91160220994475,high,extreme,2011-06-28,false
2020-07-24,11.22,81.9,81.86838472158307,high,extreme,2011-06-28,false
2020-07-27,11.23,82,82.01471941122355,high,extreme,2011-06-28,false
2020-07-28,11.31,82.8,82.75862068965517,high,extreme,2011-06-28,false
2020-07-29,11.5,84.6,84.60477941176471,high,extreme,2011-06-28,false
2020-07-30,11.44,84.2,84.2443729903537,high,high,2011-06-28,false
2020-07-31,11.49,84.6,84.57300275482093,high,high,2011-06-28,false
2020-08-03,11.6,85.8,85.77329050022946,high,high,2011-06-28,false
2020-08-04,11.71,87.6,87.56880733944953,high,high,2011-06-28,false
2020-08-05,11.64,86.2,86.24484181568089,high,high,2011-06-28,false
2020-08-06,11.66,86.7,86.66361136571953,high,high,2011-06-28,false
2020-08-07,11.55,84.9,84.92899679340357,high,high,2011-06-28,false
2020-08-10,11.65,86.4,86.4010989010989,high,high,2011-06-28,false
2020-08-11,11.58,85.3,85.30892448512586,high,high,2011-06-28,false
2020-08-12,11.57,85.1,85.08691674290942,high,high,2011-06-28,false
2020-08-13,11.55,84.8,84.8193872885231,high,high,2011-06-28,false
2020-08-14,11.72,87.8,87.84277879341865,high,high,2011-06-28,false
2020-08-17,12.02,90.8,90.81772498857926,extreme,high,2011-06-28,false
2020-08-18,12.02,90.8,90.82191780821918,extreme,high,2011-06-28,false
2020-08-19,11.82,88.8,88.77225011410314,high,high,2011-06-28,false
2020-08-20,11.66,86.5,86.5419708029197,high,high,2011-06-28,false
2020-08-21,11.72,87.7,87.73369813041496,high,high,2011-06-28,false
2020-08-24,11.73,87.9,87.87602552415679,high,high,2011-06-28,false
2020-08-25,11.76,88.3,88.33712984054671,high,high,2011-06-28,false
2020-08-26,11.65,86.1,86.11111111111111,high,high,2011-06-28,false
2020-08-27,11.68,86.8,86.8456986800182,high,high,2011-06-28,false
2020-08-28,11.9,89.6,89.62693357597816,high,high,2011-06-28,false
2020-08-31,11.81,88.7,88.67667121418826,high,high,2011-06-28,false
2020-09-01,12.12,91.1,91.13636363636364,extreme,high,2011-06-28,false
2020-09-02,12.09,91,91.00408905043163,extreme,high,2011-06-28,false
2020-09-03,12.04,90.9,90.87193460490464,extreme,high,2011-06-28,false
2020-09-04,11.95,90.1,90.14979573309124,extreme,high,2011-06-28,false
2020-09-07,11.76,88.1,88.11252268602541,high,high,2011-06-28,false
2020-09-08,11.9,89.5,89.47845804988663,high,high,2011-06-28,false
2020-09-09,11.73,87.5,87.53399818676337,high,high,2011-06-28,false
2020-09-10,11.77,88.2,88.21930222020843,high,high,2011-06-28,false
2020-09-11,11.82,88.6,88.58695652173914,high,high,2011-06-28,false
2020-09-14,11.9,89.5,89.49751018560434,high,high,2011-06-28,false
2020-09-15,11.95,90.2,90.18099547511312,extreme,high,2011-06-28,false
2020-09-16,11.89,89.2,89.23563998190865,high,high,2011-06-28,false
2020-09-17,11.78,88.1,88.11030741410488,high,high,2011-06-28,false
2020-09-18,12.08,91,91.00768187980117,extreme,high,2011-06-28,false
2020-09-21,11.96,90.3,90.28906955736224,extreme,high,2011-06-28,false
2020-09-22,11.83,88.5,88.53273137697516,high,high,2011-06-28,false
2020-09-23,11.82,88.4,88.35740072202167,high,high,2011-06-28,false
2020-09-24,11.67,85.8,85.83671628326567,high,high,2011-06-28,false
2020-09-25,11.69,86.3,86.29395852119026,high,high,2011-06-28,false
2020-09-28,11.77,87.9,87.8774222622803,high,high,2011-06-28,false
2020-09-29,11.73,87.1,87.11711711711712,high,high,2011-06-28,false
2020-09-30,11.7,86.3,86.26744709590275,high,high,2011-06-28,false
2020-10-01,11.7,86.3,86.27362736273628,high,high,2011-06-28,false
2020-10-02,11.7,86.3,86.27980206927576,high,high,2011-06-28,false
2020-10-05,11.7,86.3,86.28597122302159,high,high,2011-06-28,false
2020-10-06,11.7,86.3,86.29213483146067,high,high,2011-06-28,false
2020-10-07,11.7,86.3,86.29829290206649,high,high,2011-06-28,false
2020-10-08,11.7,86.3,86.30444544229906,high,high,2011-06-28,false
2020-10-09,11.84,88.6,88.64452423698384,high,high,2011-06-28,false
2020-10-12,12.15,91.6,91.56572454015254,extreme,high,2011-06-28,false
2020-10-13,12.13,91.3,91.34529147982062,extreme,high,2011-06-28,false
2020-10-14,12.07,90.9,90.90094128193635,extreme,high,2011-06-28,false
2020-10-15,12.1,91.1,91.084229390681,extreme,high,2011-06-28,false
2020-10-16,12.16,91.8,91.80474697716076,extreme,high,2011-06-28,false
2020-10-19,12.11,91,91.04744852282901,extreme,high,2011-06-28,false
2020-10-20,12.11,91.1,91.05145413870245,extreme,high,2011-06-28,false
2020-10-21,12.19,91.9,91.94991055456173,extreme,high,2011-06-28,false
2020-10-22,12.15,91.5,91.50648189539562,extreme,high,2011-06-28,false
2020-10-23,12.07,90.7,90.66130473637176,extreme,high,2011-06-28,false
2020-10-26,11.92,89.2,89.2362661902635,high,high,2011-06-28,false
2020-10-27,11.9,89,89.01785714285714,high,high,2011-06-28,false
2020-10-28,11.95,89.8,89.78134761267292,high,high,2011-06-28,false
2020-10-29,11.95,89.8,89.78590544157002,high,high,2011-06-28,false
2020-10-30,11.82,87.8,87.82880071333035,high,high,2011-06-28,false
2020-11-02,11.9,88.9,88.94830659536542,high,high,2011-06-28,false
2020-11-03,12.03,90.5,90.46770601336303,extreme,high,2011-06-28,false
2020-11-04,12.07,90.7,90.69456812110418,extreme,high,2011-06-28,false
2020-11-05,12.17,91.9,91.85580774365822,extreme,high,2011-06-28,false
2020-11-06,12.14,91.2,91.23665480427047,extreme,high,2011-06-28,false
2020-11-09,12.34,92.9,92.88572698977323,extreme,high,2011-06-28,false
2020-11-10,12.35,92.9,92.93333333333334,extreme,high,2011-06-28,false
2020-11-11,12.34,92.8,92.84762327854287,extreme,high,2011-06-28,false
2020-11-12,12.28,92.3,92.31793960923623,extreme,high,2011-06-28,false
2020-11-13,12.1,90.7,90.67909454061251,extreme,high,2011-06-28,false
2020-11-16,12.22,92,92.01419698314109,extreme,high,2011-06-28,false
2020-11-17,12.22,92,92.01773835920177,extreme,high,2011-06-28,false
2020-11-18,12.26,92.2,92.15425531914893,extreme,high,2011-06-28,false
2020-11-19,12.34,92.9,92.86663712893221,extreme,high,2011-06-28,false
2020-11-20,12.32,92.6,92.60407440212578,extreme,high,2011-06-28,false
2020-11-23,12.51,93.9,93.89110225763613,extreme,high,2011-06-28,false
2020-11-24,12.43,93.5,93.49557522123894,extreme,high,2011-06-28,false
2020-11-25,12.35,92.9,92.87925696594426,extreme,high,2011-06-28,false
2020-11-26,12.42,93.4,93.36870026525199,extreme,high,2011-06-28,false
2020-11-27,12.65,94.7,94.65311533362792,extreme,high,2011-06-28,false
2020-11-30,12.55,94.1,94.08127208480566,extreme,high,2011-06-28,false
2020-12-01,12.81,95.5,95.54083885209714,extreme,high,2011-06-28,false
2020-12-02,12.76,95.3,95.27802294792586,extreme,high,2011-06-28,false
2020-12-03,12.72,95,95.01543890604323,extreme,high,2011-06-28,false
2020-12-04,12.7,94.8,94.75308641975309,extreme,high,2011-06-28,false
2020-12-07,12.58,94.1,94.13838695460555,extreme,high,2011-06-28,false
2020-12-08,12.54,93.8,93.78854625550662,extreme,high,2011-06-28,false
2020-12-09,12.45,93.2,93.21884632320564,extreme,high,2011-06-28,false
2020-12-10,12.4,92.9,92.9137323943662,extreme,high,2011-06-28,false
2020-12-11,12.33,92,92.03695556533216,extreme,high,2011-06-28,false
2020-12-14,14.28,99.6,99.6042216358839,extreme,high,2011-06-28,false
2020-12-15,14.26,99.6,99.56043956043956,extreme,high,2011-06-28,false
2020-12-16,14.31,99.6,99.64850615114236,extreme,high,2011-06-28,false
2020-12-17,14.5,99.7,99.7364953886693,extreme,high,2011-06-28,false
2020-12-18,14.39,99.6,99.60491659350306,extreme,extreme,2011-06-28,false
2020-12-21,14.44,99.6,99.64896884598508,extreme,extreme,2011-06-28,false
2020-12-22,14.22,99.3,99.29824561403508,extreme,extreme,2011-06-28,false
2020-12-23,14.29,99.4,99.43007452871548,extreme,extreme,2011-06-28,false
2020-12-24,14.26,99.3,99.34268185801928,extreme,extreme,2011-06-28,false
2020-12-25,14.36,99.5,99.51817783618047,extreme,extreme,2011-06-28,false
2020-12-28,14.38,99.5,99.5183887915937,extreme,extreme,2011-06-28,false
2020-12-29,14.36,99.5,99.47483588621444,extreme,extreme,2011-06-28,false
2020-12-30,14.53,99.8,99.82502187226596,extreme,extreme,2011-06-28,false
2020-12-31,14.79,99.9,99.91254919108002,extreme,extreme,2011-06-28,false
2021-01-01,14.79,99.9,99.91258741258741,extreme,extreme,2011-06-28,false
2021-01-04,14.79,99.9,99.91262560069899,extreme,extreme,2011-06-28,false
2021-01-05,14.9,100,99.95633187772926,extreme,extreme,2011-06-28,false
2021-01-06,15.11,100,100,extreme,extreme,2011-06-28,false
2021-01-07,15.35,100,100,extreme,extreme,2011-06-28,false
2021-01-08,15.3,100,99.95638901003053,extreme,extreme,2011-06-28,false
2021-01-11,15.23,99.9,99.9128160418483,extreme,extreme,2011-06-28,false
2021-01-12,15.68,100,100,extreme,extreme,2011-06-28,false
2021-01-13,15.61,100,99.95644599303137,extreme,extreme,2011-06-28,false
2021-01-14,15.46,99.9,99.91292990857642,extreme,extreme,2011-06-28,false
2021-01-15,15.46,99.9,99.91296779808529,extreme,extreme,2011-06-28,false
2021-01-18,15.52,99.9,99.91300565463244,extreme,extreme,2011-06-28,false
2021-01-19,15.39,99.8,99.78260869565217,extreme,extreme,2011-06-28,false
2021-01-20,15.39,99.8,99.78270317253369,extreme,extreme,2011-06-28,false
2021-01-21,15.49,99.9,99.86967854039965,extreme,extreme,2011-06-28,false
2021-01-22,15.41,99.7,99.73947025618757,extreme,extreme,2011-06-28,false
2021-01-25,15.59,99.9,99.91319444444444,extreme,extreme,2011-06-28,false
2021-01-26,15.32,99.5,99.52277657266812,extreme,extreme,2011-06-28,false
2021-01-27,15.32,99.5,99.52298352124892,extreme,extreme,2011-06-28,false
2021-01-28,15.05,99.3,99.30645860424794,extreme,extreme,2011-06-28,false
2021-01-29,14.99,99.2,99.22010398613517,extreme,extreme,2011-06-28,false
2021-02-01,15.08,99.3,99.3070593330446,extreme,extreme,2011-06-28,false
2021-02-02,15.16,99.4,99.35064935064936,extreme,extreme,2011-06-28,false
2021-02-03,15.15,99.3,99.30765902206838,extreme,extreme,2011-06-28,false
2021-02-04,15.23,99.4,99.39446366782006,extreme,extreme,2011-06-28,false
2021-02-05,15.35,99.6,99.56766104626027,extreme,extreme,2011-06-28,false
2021-02-08,15.5,99.8,99.82713915298184,extreme,extreme,2011-06-28,false
2021-02-09,15.75,100,100,extreme,extreme,2011-06-28,false
2021-02-10,16.08,100,100,extreme,extreme,2011-06-28,false
2021-02-11,16.08,100,100,extreme,extreme,2011-06-28,false
2021-02-12,16.08,100,100,extreme,extreme,2011-06-28,false
2021-02-15,16.08,100,100,extreme,extreme,2011-06-28,false
2021-02-16,16.08,100,100,extreme,extreme,2011-06-28,false
2021-02-17,16.08,100,100,extreme,extreme,2011-06-28,false
2021-02-18,16.03,99.7,99.74160206718346,extreme,extreme,2011-06-28,false
2021-02-19,16.05,99.7,99.74171330176496,extreme,extreme,2011-06-28,false
2021-02-22,15.67,99.6,99.5697074010327,extreme,extreme,2011-06-28,false
2021-02-23,15.71,99.6,99.61290322580645,extreme,extreme,2011-06-28,false
2021-02-24,15.34,99,98.96818572656922,extreme,extreme,2011-06-28,false
2021-02-25,15.52,99.4,99.39836699613235,extreme,extreme,2011-06-28,false
2021-02-26,15.16,98.7,98.6683848797251,extreme,extreme,2011-06-28,false
2021-03-01,15.26,98.8,98.75483039931301,extreme,extreme,2011-06-28,false
2021-03-02,14.99,98.3,98.32618025751073,extreme,extreme,2011-06-28,false
2021-03-03,15.37,99,99.01329901329902,extreme,extreme,2011-06-28,false
2021-03-04,15.02,98.3,98.32761578044597,extreme,extreme,2011-06-28,false
2021-03-05,15.02,98.3,98.32833261894557,extreme,extreme,2011-06-28,false
2021-03-08,14.65,97.9,97.9005998286204,extreme,extreme,2011-06-28,false
2021-03-09,14.43,97.5,97.47323340471092,extreme,extreme,2011-06-28,false
2021-03-10,14.46,97.6,97.55993150684932,extreme,extreme,2011-06-28,false
2021-03-11,14.78,97.9,97.9032948224219,extreme,extreme,2011-06-28,false
2021-03-12,14.8,98,98.03250641573995,extreme,extreme,2011-06-28,false
2021-03-15,14.64,97.8,97.77682770414707,extreme,extreme,2011-06-28,false
2021-03-16,14.76,97.8,97.82051282051282,extreme,extreme,2011-06-28,false
2021-03-17,14.72,97.8,97.7787270397266,extreme,extreme,2011-06-28,false
2021-03-18,14.77,97.8,97.82237403928266,extreme,extreme,2011-06-28,false
2021-03-19,14.4,97.1,97.14041826717883,extreme,extreme,2011-06-28,false
2021-03-22,14.51,97.4,97.44027303754265,extreme,extreme,2011-06-28,false
2021-03-23,14.43,97.1,97.14285714285714,extreme,extreme,2011-06-28,false
2021-03-24,14.28,96.7,96.71781756180732,extreme,extreme,2011-06-28,false
2021-03-25,14.24,96.5,96.54878568385172,extreme,extreme,2011-06-28,false
2021-03-26,14.46,97.3,97.27427597955707,extreme,extreme,2011-06-28,false
2021-03-29,14.54,97.5,97.53086419753086,extreme,extreme,2011-06-28,false
2021-03-30,14.69,97.7,97.70212765957447,extreme,extreme,2011-06-28,false
2021-03-31,14.57,97.5,97.53296469587409,extreme,extreme,2011-06-28,false
2021-04-01,14.71,97.7,97.70408163265306,extreme,extreme,2011-06-28,false
2021-04-02,14.84,98.1,98.08754781130472,extreme,extreme,2011-06-28,false
2021-04-05,14.84,98.1,98.08836023789294,extreme,extreme,2011-06-28,false
2021-04-06,14.74,97.7,97.66454352441613,extreme,extreme,2011-06-28,false
2021-04-07,14.64,97.5,97.45331069609507,extreme,extreme,2011-06-28,false
2021-04-08,14.69,97.5,97.53924480271532,extreme,extreme,2011-06-28,false
2021-04-09,14.49,96.9,96.94656488549617,extreme,extreme,2011-06-28,false
2021-04-12,14.39,96.6,96.56634167019924,extreme,extreme,2011-06-28,false
2021-04-13,14.34,96.4,96.35593220338983,extreme,extreme,2011-06-28,false
2021-04-14,14.36,96.4,96.44218551461246,extreme,extreme,2011-06-28,false
2021-04-15,14.23,95.9,95.93564775613886,extreme,extreme,2011-06-28,false
2021-04-16,14.32,96.3,96.27592044011848,extreme,extreme,2011-06-28,false
2021-04-19,14.54,97.2,97.20812182741116,extreme,extreme,2011-06-28,false
2021-04-20,14.5,97,96.95560253699789,extreme,extreme,2011-06-28,false
2021-04-21,14.49,96.9,96.87235841081994,extreme,extreme,2011-06-28,false
2021-04-22,14.39,96.5,96.4512040557668,extreme,extreme,2011-06-28,false
2021-04-23,14.5,97,96.95945945945947,extreme,extreme,2011-06-28,false
2021-04-26,14.29,95.9,95.9476572393415,extreme,extreme,2011-06-28,false
2021-04-27,14.31,96,96.0337552742616,extreme,extreme,2011-06-28,false
2021-04-28,14.3,96,95.95107549557149,extreme,extreme,2011-06-28,false
2021-04-29,14.44,96.6,96.62731871838112,extreme,extreme,2011-06-28,false
2021-04-30,14.33,96,96.03876949009693,extreme,extreme,2011-06-28,false
2021-05-03,14.33,96,96.04043807919123,extreme,extreme,2011-06-28,false
2021-05-04,14.33,96,96.0421052631579,extreme,extreme,2011-06-28,false
2021-05-05,14.33,96,96.04377104377105,extreme,extreme,2011-06-28,false
2021-05-06,12.22,87.3,87.3369793857804,high,extreme,2011-06-28,false
2021-05-07,12.12,86.1,86.12279226240538,high,extreme,2011-06-28,false
2021-05-10,12.13,86.3,86.29676334594367,high,extreme,2011-06-28,false
2021-05-11,12.25,87.4,87.43697478991596,high,extreme,2011-06-28,false
2021-05-12,12.32,88,88.03023939521209,high,extreme,2011-06-28,false
2021-05-13,12.21,87.1,87.11167086481947,high,extreme,2011-06-28,false
2021-05-14,12.49,89.4,89.42509441879983,high,extreme,2011-06-28,false
2021-05-17,12.57,89.9,89.93288590604027,high,extreme,2011-06-28,false
2021-05-18,12.59,90.1,90.104821802935,extreme,extreme,2011-06-28,false
2021-05-19,12.5,89.4,89.3964794635373,high,extreme,2011-06-28,false
2021-05-20,12.52,89.5,89.52660242982824,high,extreme,2011-06-28,false
2021-05-21,12.39,88.7,88.69346733668341,high,extreme,2011-06-28,false
2021-05-24,12.43,88.9,88.94935119296777,high,extreme,2011-06-28,false
2021-05-25,12.88,91.8,91.84100418410041,extreme,extreme,2011-06-28,false
2021-05-26,12.93,92.2,92.22082810539524,extreme,extreme,2011-06-28,false
2021-05-27,12.97,92.4,92.43311036789298,extreme,extreme,2011-06-28,false
2021-05-28,12.94,92.2,92.18554116172169,extreme,extreme,2011-06-28,false
2021-05-31,12.89,91.9,91.8546365914787,extreme,extreme,2011-06-28,false
2021-06-01,12.9,91.9,91.89979123173278,extreme,extreme,2011-06-28,false
2021-06-02,12.83,91.4,91.36060100166945,extreme,extreme,2011-06-28,false
2021-06-03,12.75,90.9,90.90529828952857,extreme,extreme,2011-06-28,false
2021-06-04,12.82,91.3,91.32610508757297,extreme,extreme,2011-06-28,false
2021-06-07,12.81,91.2,91.16298457690705,extreme,extreme,2011-06-28,false
2021-06-08,12.73,90.7,90.70833333333333,extreme,extreme,2011-06-28,false
2021-06-09,12.77,90.9,90.9204498125781,extreme,extreme,2011-06-28,false
2021-06-10,12.8,90.9,90.92422980849292,extreme,extreme,2011-06-28,false
2021-06-11,12.73,90.6,90.63670411985018,extreme,extreme,2011-06-28,false
2021-06-14,13.26,93.5,93.46921797004991,extreme,extreme,2011-06-28,false
2021-06-15,13.14,93.1,93.0977130977131,extreme,extreme,2011-06-28,false
2021-06-16,13.03,92.5,92.51870324189527,extreme,extreme,2011-06-28,false
2021-06-17,12.95,92.1,92.10635646032405,extreme,extreme,2011-06-28,false
2021-06-18,12.86,91.4,91.40365448504983,extreme,extreme,2011-06-28,false
2021-06-21,12.77,90.7,90.70153590701537,extreme,extreme,2011-06-28,false
2021-06-22,12.9,91.8,91.78423236514523,extreme,extreme,2011-06-28,false
2021-06-23,12.86,91.4,91.3728743260058,extreme,extreme,2011-06-28,false
2021-06-24,12.92,92,91.99834162520729,extreme,extreme,2011-06-28,false
2021-06-25,13.09,92.8,92.83050145047659,extreme,extreme,2011-06-28,false
2021-06-28,13.02,92.5,92.46064623032312,extreme,extreme,2011-06-28,true
2021-06-29,12.87,91.3,91.30074565037283,extreme,extreme,2011-07-15,true
2021-06-30,12.93,92,91.96687370600414,extreme,extreme,2011-07-15,true
2021-07-01,13.02,92.5,92.46688741721854,extreme,extreme,2011-07-15,true
2021-07-02,12.62,89.2,89.24286305337195,high,extreme,2011-07-15,true
2021-07-05,12.61,89.2,89.1645988420182,high,extreme,2011-07-15,true
2021-07-06,12.6,89.1,89.08639933856965,high,extreme,2011-07-15,true
2021-07-07,12.62,89.3,89.25619834710744,high,extreme,2011-07-15,true
2021-07-08,12.45,87.9,87.85625774473358,high,extreme,2011-07-15,true
2021-07-09,12.4,87.5,87.4896779521057,high,extreme,2011-07-15,true
2021-07-12,12.42,87.6,87.57738340899711,high,extreme,2011-07-15,true
2021-07-13,12.47,87.9,87.91254125412541,high,extreme,2011-07-15,true
2021-07-14,12.3,86.3,86.26804123711341,high,extreme,2011-07-15,true
2021-07-15,12.5,88.2,88.21104699093158,high,extreme,2011-07-15,true
2021-07-16,12.36,87,86.97444352844188,high,extreme,2011-07-18,true
2021-07-19,12.4,87.4,87.38664468260511,high,extreme,2011-07-19,true
2021-07-20,12.38,87.1,87.09810387469085,high,extreme,2011-07-20,true
2021-07-21,12.38,87.1,87.13932399010717,high,extreme,2011-07-21,true
2021-07-22,12.41,87.5,87.51030502885409,high,extreme,2011-07-22,true
2021-07-23,12.31,86.3,86.3149216817807,high,extreme,2011-07-25,true
2021-07-26,11.89,82,81.98680956306677,high,extreme,2011-07-26,true
2021-07-27,11.58,77,76.95795548227535,high,extreme,2011-07-27,true
2021-07-28,11.64,77.7,77.74113767518548,high,extreme,2011-07-28,true
2021-07-29,11.7,79.3,79.30750206100578,high,extreme,2011-07-29,true
2021-07-30,11.53,76.4,76.38087386644683,high,high,2011-08-01,true
2021-08-02,11.79,81,80.99752679307502,high,high,2011-08-02,true
2021-08-03,11.81,81.2,81.20362737015664,high,high,2011-08-03,true
2021-08-04,11.82,81.5,81.45094806265458,high,high,2011-08-04,true
2021-08-05,11.78,81,80.9563066776587,high,high,2011-08-05,true
2021-08-06,11.69,79,79.01896125309152,high,high,2011-08-08,true
2021-08-09,11.83,81.7,81.73948887056883,high,high,2011-08-09,true
2021-08-10,12.02,84.1,84.08903544929926,high,high,2011-08-10,true
2021-08-11,11.96,83.7,83.67683429513603,high,high,2011-08-11,true
2021-08-12,11.83,81.8,81.78070898598516,high,high,2011-08-12,true
2021-08-13,11.8,81.2,81.24484748557296,high,high,2011-08-15,true
2021-08-16,11.84,81.9,81.94558944765046,high,high,2011-08-16,true
2021-08-17,11.6,77.3,77.32893652102226,high,high,2011-08-17,true
2021-08-18,11.75,80.5,80.50288540807914,high,high,2011-08-18,true
2021-08-19,11.59,77.1,77.12283594394064,high,high,2011-08-19,true
2021-08-20,11.38,75.1,75.14427040395714,high,high,2011-08-22,true
2021-08-23,11.46,75.8,75.84501236603462,high,high,2011-08-23,true
2021-08-24,11.62,77.7,77.65869744435284,high,high,2011-08-24,true
2021-08-25,11.66,78.6,78.56553998351195,high,high,2011-08-25,true
2021-08-26,11.45,75.7,75.72135201978566,high,high,2011-08-26,true
2021-08-27,11.54,76.6,76.58697444352845,high,high,2011-08-29,true
2021-08-30,11.52,76.4,76.42209398186314,high,high,2011-08-30,true
2021-08-31,11.5,76.1,76.13355317394888,high,high,2011-08-31,true
2021-09-01,10.97,70.7,70.73371805441056,high,high,2011-09-01,true
2021-09-02,10.97,70.8,70.77493816982687,high,high,2011-09-02,true
2021-09-03,11.02,71.6,71.64056059356966,high,high,2011-09-05,true
2021-09-06,11.13,72.8,72.75350370981039,high,high,2011-09-06,true
2021-09-07,11.26,73.9,73.90766694146743,high,high,2011-09-07,true
2021-09-08,11.18,73.2,73.24814509480626,high,high,2011-09-08,true
2021-09-09,11.19,73.4,73.37180544105524,high,high,2011-09-09,true
2021-09-10,11.31,74.5,74.52596867271228,high,high,2011-09-12,true
2021-09-13,11.33,74.8,74.77328936521023,high,high,2011-09-13,true
2021-09-14,11.17,73.1,73.08326463314097,high,high,2011-09-14,true
2021-09-15,11.07,72.3,72.30008244023082,high,high,2011-09-15,true
2021-09-16,11.03,71.7,71.7230008244023,high,high,2011-09-16,true
2021-09-17,11.09,72.5,72.46496290189613,high,high,2011-09-19,true
2021-09-20,11.09,72.5,72.50618301731245,high,high,2011-09-20,true
2021-09-21,11.09,72.5,72.54740313272877,high,high,2011-09-21,true
2021-09-22,11.02,71.7,71.68178070898598,high,high,2011-09-22,true
2021-09-23,11.03,71.8,71.80544105523495,high,high,2011-09-23,true
2021-09-24,11.07,72.5,72.46496290189613,high,high,2011-09-26,true
2021-09-27,11.26,74.4,74.40230832646331,high,high,2011-09-27,true
2021-09-28,11.34,75.3,75.30915086562243,high,high,2011-09-28,true
2021-09-29,11.25,74.2,74.23742786479802,high,high,2011-09-29,true
2021-09-30,11.23,74.2,74.15498763396538,high,high,2011-10-03,true
2021-10-01,11.23,74.2,74.1656365883807,high,high,2011-10-03,true
2021-10-04,11.23,74.2,74.2068397198187,high,high,2011-10-04,true
2021-10-05,11.23,74.2,74.24804285125668,high,high,2011-10-05,true
2021-10-06,11.23,74.3,74.28924598269468,high,high,2011-10-06,true
2021-10-07,11.23,74.3,74.33044911413268,high,high,2011-10-07,true
2021-10-08,11.43,76.6,76.59662134322208,high,high,2011-10-10,true
2021-10-11,11.49,77.2,77.21466831479192,high,high,2011-10-11,true
2021-10-12,11.42,76.6,76.5554182117841,high,high,2011-10-12,true
2021-10-13,11.47,77.1,77.13226205191594,high,high,2011-10-13,true
2021-10-14,11.39,76.4,76.39060568603215,high,high,2011-10-14,true
2021-10-15,11.5,77.5,77.46188710341985,high,high,2011-10-17,true
2021-10-18,11.32,75.3,75.31932426864442,high,high,2011-10-18,true
2021-10-19,11.4,76.5,76.5142150803461,high,high,2011-10-19,true
2021-10-20,11.37,76.1,76.1433868974042,high,high,2011-10-20,true
2021-10-21,11.46,77.3,77.25587144622992,high,high,2011-10-21,true
2021-10-22,11.54,78.2,78.20354346930367,high,high,2011-10-24,true
2021-10-25,11.54,78.2,78.24474660074165,high,high,2011-10-25,true
2021-10-26,11.46,77.3,77.2970745776679,high,high,2011-10-26,true
2021-10-27,11.31,75.2,75.23691800576844,high,high,2011-10-27,true
2021-10-28,11.23,74.4,74.37165224557066,high,high,2011-10-28,true
2021-10-29,11.27,75,74.9896992171405,high,high,2011-10-31,true
2021-11-01,11.34,75.8,75.7725587144623,high,high,2011-11-01,true
2021-11-02,11.2,73.8,73.79480840543881,high,high,2011-11-02,true
2021-11-03,11.12,73,73.01194890811702,high,high,2011-11-03,true
2021-11-04,11.19,73.8,73.79480840543881,high,high,2011-11-04,true
2021-11-05,11.16,73.3,73.34157395962093,high,high,2011-11-07,true
2021-11-08,11.15,73.3,73.30037082818293,high,high,2011-11-08,true
2021-11-09,11.11,72.8,72.84713638236506,high,high,2011-11-09,true
2021-11-10,11.04,71.9,71.9406674907293,high,high,2011-11-10,true
2021-11-11,11.22,74.2,74.24804285125668,high,high,2011-11-11,true
2021-11-12,11.18,73.8,73.8360115368768,high,high,2011-11-14,true
2021-11-15,11.2,74.1,74.12443345694273,high,high,2011-11-15,true
2021-11-16,11.2,74.2,74.1656365883807,high,high,2011-11-16,true
2021-11-17,11.17,73.6,73.62999587968686,high,high,2011-11-17,true
2021-11-18,11.07,72.5,72.51751133086115,high,high,2011-11-18,true
2021-11-19,11.21,74.3,74.33044911413268,high,high,2011-11-21,true
2021-11-22,11.21,74.4,74.37165224557066,high,high,2011-11-22,true
2021-11-23,11.25,75.2,75.15451174289247,high,high,2011-11-23,true
2021-11-24,11.3,75.9,75.85496497733828,high,high,2011-11-24,true
2021-11-25,11.24,75,75.0309023485785,high,high,2011-11-25,true
2021-11-26,11.13,73.2,73.21796456530696,high,high,2011-11-28,true
2021-11-29,11.13,73.2,73.21796456530696,high,high,2011-11-29,true
2021-11-30,11.07,72.4,72.43510506798516,high,high,2011-11-30,true
2021-12-01,11.14,73.3,73.30037082818293,high,high,2011-12-01,true
2021-12-02,11.18,73.9,73.91841779975277,high,high,2011-12-02,true
2021-12-03,11.28,75.7,75.69015245158633,high,high,2011-12-05,true
2021-12-06,11.29,75.8,75.7725587144623,high,high,2011-12-06,true
2021-12-07,11.37,77,77.04985578903997,high,high,2011-12-07,true
2021-12-08,11.53,79,79.02760609806346,high,high,2011-12-08,true
2021-12-09,11.71,82.6,82.57107540173052,high,high,2011-12-09,true
2021-12-10,11.68,81.7,81.66460651009477,high,high,2011-12-12,true
2021-12-13,12.08,87.6,87.59785743716523,high,high,2011-12-13,true
2021-12-14,12.02,87.2,87.18582612278534,high,high,2011-12-14,true
2021-12-15,11.93,86,85.99093531108363,high,high,2011-12-15,true
2021-12-16,11.99,87,86.97981046559539,high,high,2011-12-16,true
2021-12-17,11.82,84.4,84.38401318500206,high,high,2011-12-19,true
2021-12-20,11.76,83.4,83.43634116192831,high,high,2011-12-20,true
2021-12-21,11.82,84.4,84.38401318500206,high,high,2011-12-21,true
2021-12-22,11.78,83.7,83.72476308199424,high,high,2011-12-22,true
2021-12-23,11.88,85.1,85.08446641944788,high,high,2011-12-23,true
2021-12-24,11.89,85.3,85.33168520807581,high,high,2011-12-26,true
2021-12-27,11.86,84.8,84.79604449938195,high,high,2011-12-27,true
2021-12-28,11.92,85.8,85.82612278533168,high,high,2011-12-28,true
2021-12-29,11.72,82.4,82.36505974454059,high,high,2011-12-29,true
2021-12-30,11.77,83.4,83.39513803049032,high,high,2011-12-30,true
2021-12-31,11.8,83.8,83.80716934487022,high,high,2012-03-08,true
2022-01-03,11.8,83.8,83.81383855024713,high,high,2012-03-08,true
2022-01-04,11.79,83.6,83.5734870317003,high,high,2012-03-08,true
2022-01-05,11.77,83.3,83.29218106995884,high,high,2012-03-08,true
2022-01-06,11.63,79.7,79.72027972027972,high,high,2012-03-08,true
2022-01-07,11.7,81.6,81.57894736842105,high,high,2012-03-08,true
2022-01-10,11.73,82.4,82.44965063707357,high,high,2012-03-08,true
2022-01-11,11.66,80.4,80.40262941659819,high,high,2012-03-08,true
2022-01-12,11.73,82.5,82.46406570841889,high,high,2012-03-08,true
2022-01-13,11.59,78.9,78.94088669950739,high,high,2012-03-08,true
2022-01-14,11.41,76.5,76.48748461222816,high,high,2012-03-08,true
2022-01-17,11.43,76.7,76.70221493027071,high,high,2012-03-08,true
2022-01-18,11.59,79,78.96678966789668,high,high,2012-03-08,true
2022-01-19,11.58,78.8,78.77049180327869,high,high,2012-03-08,true
2022-01-20,11.72,82.2,82.17943465792708,high,high,2012-03-08,true
2022-01-21,11.65,80,80.01638001638001,high,high,2012-03-08,true
2022-01-24,11.62,79.4,79.36962750716332,high,high,2012-03-08,true
2022-01-25,11.4,76.2,76.22749590834698,high,high,2012-03-08,true
2022-01-26,11.47,77.1,77.13701431492842,high,high,2012-03-08,true
2022-01-27,11.33,75,75.0204415372036,high,high,2012-03-08,true
2022-01-28,11.11,71.4,71.3526767470372,high,high,2012-03-08,true
2022-01-31,11.11,71.4,71.36437908496733,high,high,2012-03-08,true
2022-02-01,11.11,71.4,71.37607186606778,high,high,2012-03-08,true
2022-02-02,11.11,71.4,71.38775510204081,high,high,2012-03-08,true
2022-02-03,11.11,71.4,71.39942880456957,high,high,2012-03-08,true
2022-02-04,11.11,71.4,71.4110929853181,high,high,2012-03-08,true
2022-02-07,11.35,75.3,75.29555646147574,high,high,2012-03-08,true
2022-02-08,11.41,76.4,76.36511817440913,high,high,2012-03-08,true
2022-02-09,11.48,77.2,77.23014256619145,high,high,2012-03-08,true
2022-02-10,11.52,77.9,77.85016286644951,high,high,2012-03-08,true
2022-02-11,11.57,78.5,78.51037851037852,high,high,2012-03-08,true
2022-02-14,11.44,76.7,76.68836452400325,high,high,2012-03-08,true
2022-02-15,11.44,76.7,76.69784465229769,high,high,2012-03-08,true
2022-02-16,11.49,77.4,77.35772357723577,high,high,2012-03-08,true
2022-02-17,11.5,77.5,77.48882568061764,high,high,2012-03-08,true
2022-02-18,11.57,78.6,78.55402112103981,high,high,2012-03-08,true
2022-02-21,11.51,77.6,77.58830694275274,high,high,2012-03-08,true
2022-02-22,11.39,75.9,75.85227272727273,high,high,2012-03-08,true
2022-02-23,11.41,76.1,76.105476673428,high,high,2012-03-08,true
2022-02-24,11.23,73.2,73.2360097323601,high,high,2012-03-08,true
2022-02-25,11.25,73.4,73.44953384677746,high,high,2012-03-08,true
2022-02-28,11.27,73.9,73.94651539708266,high,high,2012-03-08,true
2022-03-01,11.42,76.3,76.26569461320372,high,high,2012-03-08,true
2022-03-02,11.38,75.6,75.62753036437248,high,high,2012-03-08,true
2022-03-03,11.36,75.1,75.11129097531364,high,high,2012-03-08,true
2022-03-04,11.25,73.3,73.34142394822007,high,high,2012-03-08,true
2022-03-07,10.98,68.5,68.54023453295592,mid,high,2012-03-08,true
2022-03-08,10.82,65.4,65.44058205335489,mid,high,2012-03-08,true
2022-03-09,10.71,61.6,61.60064672594988,mid,high,2012-03-09,true
2022-03-10,10.77,63.4,63.41956345998383,mid,high,2012-03-12,true
2022-03-11,10.79,64.4,64.36363636363637,mid,high,2012-03-12,true
2022-03-14,10.52,56.1,56.14389652384803,mid,high,2012-03-14,true
2022-03-15,10.01,41.9,41.875505254648345,mid,mid,2012-03-15,true
2022-03-16,10.39,51.9,51.85933710590137,mid,mid,2012-03-16,true
2022-03-17,10.54,56.7,56.70978172999192,mid,mid,2012-03-19,true
2022-03-18,10.66,60.1,60.080808080808076,mid,mid,2012-03-19,true
2022-03-21,10.58,57.9,57.88197251414713,mid,mid,2012-03-21,true
2022-03-22,10.64,59.4,59.37752627324171,mid,mid,2012-03-22,true
2022-03-23,10.68,60.5,60.50929668552951,mid,mid,2012-03-23,true
2022-03-24,10.64,59.3,59.33710590137429,mid,mid,2012-04-05,true
2022-03-25,10.51,55.5,55.515151515151516,mid,mid,2012-04-05,true
2022-03-28,10.54,56.5,56.54281098546042,mid,mid,2012-04-05,true
2022-03-29,10.53,56.3,56.277755349212754,mid,mid,2012-04-05,true
2022-03-30,10.74,62.5,62.51008878127522,mid,mid,2012-04-05,true
2022-03-31,10.71,61.6,61.55707946752723,mid,mid,2012-04-05,true
2022-04-01,10.86,66.4,66.37096774193549,mid,mid,2012-04-05,true
2022-04-04,10.86,66.4,66.38452237001209,mid,mid,2012-04-05,true
2022-04-05,10.86,66.4,66.39806607574536,mid,mid,2012-04-05,true
2022-04-06,10.84,65.8,65.75342465753424,mid,mid,2012-04-06,true
2022-04-07,10.75,62.7,62.65108783239322,mid,mid,2012-04-09,true
2022-04-08,10.83,65.6,65.64639548932743,mid,mid,2012-04-09,true
2022-04-11,10.58,57.6,57.57453666398066,mid,mid,2012-04-11,true
2022-04-12,10.73,62.1,62.0870265914585,mid,mid,2012-04-12,true
2022-04-13,10.71,61.3,61.3215149073328,mid,mid,2012-04-13,true
2022-04-14,10.86,66.4,66.39806607574536,mid,mid,2012-04-16,true
2022-04-15,10.85,65.9,65.88803866290777,mid,mid,2012-04-16,true
2022-04-18,10.69,60.4,60.4351329572925,mid,mid,2012-04-18,true
2022-04-19,10.65,59.4,59.42788074133764,mid,mid,2012-04-19,true
2022-04-20,10.56,56.4,56.446414182111205,mid,mid,2012-04-20,true
2022-04-21,10.43,52.3,52.256244963738915,mid,mid,2012-04-23,true
2022-04-22,10.51,54.9,54.93354812726541,mid,mid,2012-04-23,true
2022-04-25,10.09,43.1,43.09303262182843,mid,mid,2012-04-26,true
2022-04-26,10.09,43.1,43.11594202898551,mid,mid,2012-04-26,true
2022-04-27,10.23,46.9,46.85990338164252,mid,mid,2012-04-27,true
2022-04-28,10.37,50.4,50.44283413848631,mid,mid,2012-05-02,true
2022-04-29,10.49,54.2,54.20523138832998,mid,mid,2012-05-02,true
2022-05-02,10.49,54.2,54.22365245374095,mid,mid,2012-05-02,true
2022-05-03,10.49,54.3,54.26387771520515,mid,mid,2012-05-03,true
2022-05-04,10.49,54.3,54.30410297666934,mid,mid,2012-05-04,true
2022-05-05,10.14,44.6,44.56958970233307,mid,mid,2012-05-07,true
2022-05-06,9.88,38.3,38.319260152794534,mid,mid,2012-05-07,true
2022-05-09,9.82,36.3,36.283185840707965,mid,mid,2012-05-09,true
2022-05-10,9.86,37.6,37.570394207562344,mid,mid,2012-05-10,true
2022-05-11,9.91,39.3,39.30008045052293,mid,mid,2012-05-11,true
2022-05-12,9.85,37.3,37.32904263877715,mid,mid,2012-05-14,true
2022-05-13,9.96,40.4,40.41013268998794,mid,mid,2012-05-14,true
2022-05-16,9.88,38.5,38.49557522123894,mid,mid,2012-05-16,true
2022-05-17,9.99,41.4,41.3917940466613,mid,mid,2012-05-17,true
2022-05-18,9.94,39.9,39.90345937248592,mid,mid,2012-05-18,true
2022-05-19,9.93,39.7,39.74255832662912,mid,mid,2012-05-21,true
2022-05-20,10.12,44.1,44.10936871733011,mid,mid,2012-05-21,true
2022-05-23,10.05,42.7,42.67900241351569,mid,mid,2012-05-23,true
2022-05-24,9.92,39.5,39.541432019308125,mid,mid,2012-05-24,true
2022-05-25,9.97,40.9,40.909090909090914,mid,mid,2012-05-25,true
2022-05-26,9.98,41.4,41.432019308125504,mid,mid,2012-05-28,true
2022-05-27,10.05,42.8,42.8226779252111,mid,mid,2012-05-28,true
2022-05-30,10.08,43.3,43.32260659694288,mid,mid,2012-05-30,true
2022-05-31,10.2,46.8,46.78197908286404,mid,mid,2012-05-31,true
2022-06-01,10.15,45.5,45.534995977473855,mid,mid,2012-06-01,true
2022-06-02,10.12,44.4,44.36846339501207,mid,mid,2012-06-04,true
2022-06-03,10.12,44.4,44.39083232810615,mid,mid,2012-06-04,true
2022-06-06,10.19,46.6,46.562123039807,mid,mid,2012-06-08,true
2022-06-07,10.25,47.8,47.78938906752412,mid,mid,2012-06-08,true
2022-06-08,10.37,50.7,50.662916834069904,mid,mid,2012-06-08,true
2022-06-09,10.35,50.1,50.10044194455605,mid,mid,2012-06-11,true
2022-06-10,10.45,53.1,53.092369477911646,mid,mid,2012-06-11,true
2022-06-13,10.66,59.7,59.742868621936516,mid,mid,2012-06-13,true
2022-06-14,10.84,65.8,65.76938529529932,mid,mid,2012-06-14,true
2022-06-15,10.97,68.6,68.58175974286863,mid,mid,2012-06-15,true
2022-06-16,10.82,65.3,65.2872639614303,mid,mid,2012-06-18,true
2022-06-17,10.97,68.6,68.59437751004016,mid,mid,2012-06-18,true
2022-06-20,10.89,66.8,66.8139815186822,mid,mid,2012-06-20,true
2022-06-21,10.91,67.3,67.2559260747288,mid,mid,2012-06-21,true
2022-06-22,10.8,64.4,64.44355162715951,mid,mid,2012-06-25,true
2022-06-23,10.97,68.6,68.59437751004016,mid,mid,2012-06-25,true
2022-06-24,11.06,70.1,70.13247691690084,high,mid,2012-06-25,true
2022-06-27,11.19,72.3,72.32931726907631,high,mid,2012-06-27,true
2022-06-28,11.25,73.5,73.53413654618474,high,mid,2012-06-28,true
2022-06-29,11.16,71.6,71.64658634538152,high,mid,2012-06-29,true
2022-06-30,11.3,74.3,74.33734939759036,high,mid,2012-07-02,true
2022-07-01,11.26,73.7,73.70533922119631,high,mid,2012-07-02,true
2022-07-04,11.27,74,74.01606425702812,high,mid,2012-07-04,true
2022-07-05,11.3,74.3,74.33734939759036,high,mid,2012-07-05,true
2022-07-06,11.1,70.4,70.36144578313252,high,mid,2012-07-06,true
2022-07-07,11.08,70.1,70.08032128514057,high,mid,2012-07-09,true
2022-07-08,11.11,70.8,70.77478924126856,high,mid,2012-07-09,true
2022-07-11,10.92,67,67.0281124497992,mid,mid,2012-07-11,true
2022-07-12,10.83,64.9,64.93975903614458,mid,mid,2012-07-12,true
2022-07-13,10.79,63.5,63.45381526104418,mid,mid,2012-07-13,true
2022-07-14,10.7,60.1,60.12048192771084,mid,mid,2012-07-16,true
2022-07-15,10.5,53.9,53.873946206342836,mid,mid,2012-07-16,true
2022-07-18,10.66,58.8,58.835341365461844,mid,mid,2012-07-18,true
2022-07-19,10.64,58.1,58.07228915662651,mid,mid,2012-07-19,true
2022-07-20,10.68,59.3,59.31726907630522,mid,mid,2012-07-20,true
2022-07-21,10.53,55,54.979919678714865,mid,mid,2012-07-23,true
2022-07-22,10.57,56.2,56.202328382175835,mid,mid,2012-07-23,true
2022-07-25,10.55,55.4,55.42168674698795,mid,mid,2012-07-26,true
2022-07-26,10.6,56.9,56.92492974708953,mid,mid,2012-07-26,true
2022-07-27,10.51,54,54.03452428743476,mid,mid,2012-07-27,true
2022-07-28,10.5,53.6,53.55279004415897,mid,mid,2012-07-30,true
2022-07-29,10.39,50,49.95987158908507,mid,mid,2012-07-30,true
2022-08-01,10.36,49,48.97631473303894,mid,mid,2012-08-01,true
2022-08-02,10.18,44.7,44.720995584102766,mid,mid,2012-08-02,true
2022-08-03,10.11,42.6,42.59333600963468,mid,mid,2012-08-03,true
2022-08-04,10.22,45.6,45.644319550381375,mid,mid,2012-08-06,true
2022-08-05,10.31,47.5,47.512038523274484,mid,mid,2012-08-06,true
2022-08-08,10.27,46.6,46.60778803693296,mid,mid,2012-08-08,true
2022-08-09,10.28,46.8,46.808510638297875,mid,mid,2012-08-09,true
2022-08-10,10.18,44.6,44.56041750301084,mid,mid,2012-08-10,true
2022-08-11,10.37,49.3,49.25732637494982,mid,mid,2012-08-13,true
2022-08-12,10.41,50.6,50.56179775280899,mid,mid,2012-08-13,true
2022-08-15,10.35,48.6,48.57486953030911,mid,mid,2012-08-15,true
2022-08-16,10.3,47.1,47.129666800481736,mid,mid,2012-08-16,true
2022-08-17,10.36,48.9,48.89602569249297,mid,mid,2012-08-17,true
2022-08-18,10.26,46.1,46.12605379365717,mid,mid,2012-08-20,true
2022-08-19,10.27,46.4,46.3884430176565,mid,mid,2012-08-20,true
2022-08-22,10.3,47.1,47.089522280208755,mid,mid,2012-08-22,true
2022-08-23,10.25,45.8,45.845042151746284,mid,mid,2012-08-23,true
2022-08-24,10.19,44.5,44.52027298273786,mid,mid,2012-08-24,true
2022-08-25,10.36,48.9,48.89602569249297,mid,mid,2012-08-27,true
2022-08-26,10.35,48.5,48.515248796147674,mid,mid,2012-08-27,true
2022-08-29,10.29,46.6,46.60778803693296,mid,mid,2012-08-29,true
2022-08-30,10.28,46.4,46.44720995584103,mid,mid,2012-08-30,true
2022-08-31,10.39,49.9,49.89963869931754,mid,mid,2012-08-31,true
2022-09-01,10.07,40.5,40.54596547571256,mid,mid,2012-09-04,true
2022-09-02,10,39.5,39.52648475120385,mid,mid,2012-09-04,true
2022-09-05,10,39.5,39.52648475120385,mid,mid,2012-09-05,true
2022-09-06,10.09,41.3,41.25200642054575,mid,mid,2012-09-06,true
2022-09-07,10.04,40,40.00802568218298,mid,mid,2012-09-07,true
2022-09-08,10.02,39.6,39.64686998394863,mid,mid,2012-09-10,true
2022-09-09,10.19,44.4,44.36421981548335,mid,mid,2012-09-10,true
2022-09-12,10.19,44.3,44.34189406099519,mid,mid,2012-09-12,true
2022-09-13,10.23,45.1,45.14446227929374,mid,mid,2012-09-13,true
2022-09-14,10.15,43.1,43.09791332263242,mid,mid,2012-09-14,true
2022-09-15,10.16,43.4,43.37881219903692,mid,mid,2012-09-17,true
2022-09-16,9.93,37,37.02366626554352,mid,mid,2012-09-17,true
2022-09-19,9.94,37.2,37.15890850722312,mid,mid,2012-09-19,true
2022-09-20,9.89,36,35.99518459069021,mid,mid,2012-09-20,true
2022-09-21,9.84,34.3,34.26966292134831,mid,mid,2012-09-21,true
2022-09-22,9.8,33.3,33.34670947030497,mid,mid,2012-09-24,true
2022-09-23,9.83,34,34.015242679502606,mid,mid,2012-09-24,true
2022-09-26,9.74,32.6,32.58426966292135,mid,mid,2012-09-26,true
2022-09-27,9.82,33.6,33.62760834670947,mid,mid,2012-09-27,true
2022-09-28,9.75,32.6,32.624398073836275,mid,mid,2012-09-28,true
2022-09-29,9.74,32.5,32.504012841091495,mid,mid,2012-10-08,true
2022-09-30,9.76,32.8,32.771760930605694,mid,mid,2012-10-08,true
2022-10-03,9.76,32.8,32.79871692060946,mid,mid,2012-10-08,true
2022-10-04,9.76,32.8,32.82565130260521,mid,mid,2012-10-08,true
2022-10-05,9.76,32.9,32.8525641025641,mid,mid,2012-10-08,true
2022-10-06,9.76,32.9,32.879455346415696,mid,mid,2012-10-08,true
2022-10-07,9.76,32.9,32.90632506004803,mid,mid,2012-10-08,true
2022-10-10,9.58,29.1,29.074889867841406,low,mid,2012-10-10,true
2022-10-11,9.55,28.8,28.83460152182619,low,mid,2012-10-11,true
2022-10-12,9.61,29.8,29.83580296355627,low,mid,2012-10-12,true
2022-10-13,9.5,28,27.953544253103722,low,mid,2012-10-15,true
2022-10-14,9.65,30.7,30.66453162530024,mid,mid,2012-10-15,true
2022-10-17,9.65,30.6,30.63676411694033,mid,mid,2012-10-17,true
2022-10-18,9.59,29.2,29.235082098518223,low,mid,2012-10-18,true
2022-10-19,9.42,26.1,26.07128554265118,low,mid,2012-10-19,true
2022-10-20,9.39,25,25.0300360432519,low,mid,2012-10-22,true
2022-10-21,9.36,24.5,24.459567654123298,low,mid,2012-10-22,true
2022-10-24,9.07,19,18.982779335202242,low,mid,2012-10-24,true
2022-10-25,9.07,19,18.982779335202242,low,mid,2012-10-25,true
2022-10-26,9.05,18.5,18.54225070084101,low,mid,2012-10-26,true
2022-10-27,8.98,17.4,17.38085702843412,low,low,2012-10-29,true
2022-10-28,8.82,16.2,16.172938350680543,low,low,2012-10-29,true
2022-10-31,8.66,15.5,15.498598317981576,low,low,2012-10-31,true
2022-11-01,8.85,16.3,16.299559471365637,low,low,2012-11-01,true
2022-11-02,8.92,16.8,16.82018422106528,low,low,2012-11-02,true
2022-11-03,8.83,16.2,16.219463356027234,low,low,2012-11-05,true
2022-11-04,9.1,19.6,19.575660528422738,low,low,2012-11-05,true
2022-11-07,9.14,19.7,19.7436924309171,low,low,2012-11-07,true
2022-11-08,9.08,19,19.02282739287145,low,low,2012-11-08,true
2022-11-09,9.02,17.9,17.861433720464557,low,low,2012-11-09,true
2022-11-10,9.02,17.9,17.861433720464557,low,low,2012-11-12,true
2022-11-11,9.27,21.9,21.937550040032026,low,low,2012-11-12,true
2022-11-14,9.32,23.3,23.30796956347617,low,low,2012-11-14,true
2022-11-15,9.45,26.9,26.912294753704447,low,low,2012-11-15,true
2022-11-16,9.41,25.7,25.67080496595915,low,low,2012-11-16,true
2022-11-17,9.38,24.7,24.709651581898278,low,low,2012-11-19,true
2022-11-18,9.33,23.6,23.618895116092876,low,low,2012-11-19,true
2022-11-21,9.23,20.9,20.90508610332399,low,low,2012-11-21,true
2022-11-22,9.32,23.1,23.14777733279936,low,low,2012-11-22,true
2022-11-23,9.36,24.3,24.30917100520625,low,low,2012-11-23,true
2022-11-24,9.3,22.4,22.426912294753702,low,low,2012-11-26,true
2022-11-25,9.42,26.1,26.060848678943156,low,low,2012-11-26,true
2022-11-28,9.3,22.4,22.3868642370845,low,low,2012-11-28,true
2022-11-29,9.62,30,29.955947136563875,low,low,2012-11-29,true
2022-11-30,9.64,30.3,30.2763315979175,mid,low,2012-11-30,true
2022-12-01,9.69,31.5,31.477773327993592,mid,low,2012-12-03,true
2022-12-02,9.64,30.3,30.26421136909528,mid,low,2012-12-03,true
2022-12-05,9.86,35,35.002002402883456,mid,low,2012-12-05,true
2022-12-06,9.89,36.1,36.12334801762114,mid,low,2012-12-06,true
2022-12-07,9.83,34,34.04084901882259,mid,low,2012-12-07,true
2022-12-08,9.83,34,34.04084901882259,mid,low,2012-12-10,true
2022-12-09,9.91,36.8,36.78943154523619,mid,low,2012-12-10,true
2022-12-12,9.66,30.6,30.596716059271124,mid,low,2012-12-12,true
2022-12-13,9.68,31.1,31.07729275130156,mid,low,2012-12-13,true
2022-12-14,9.71,31.8,31.758109731678015,mid,low,2012-12-14,true
2022-12-15,9.67,30.8,30.756908289947937,mid,low,2012-12-17,true
2022-12-16,9.72,31.9,31.90552441953563,mid,low,2012-12-17,true
2022-12-19,9.58,28.4,28.354024829795755,low,low,2012-12-19,true
2022-12-20,9.43,25.6,25.630756908289946,low,low,2012-12-20,true
2022-12-21,9.46,26.6,26.631958350020025,low,low,2012-12-21,true
2022-12-22,9.51,27.5,27.513015618742493,low,low,2012-12-24,true
2022-12-23,9.51,27.5,27.542033626901517,low,low,2012-12-24,true
2022-12-26,9.47,26.7,26.71205446535843,low,low,2012-12-26,true
2022-12-27,9.57,28.2,28.193832599118945,low,low,2012-12-27,true
2022-12-28,9.59,28.8,28.754505406487784,low,low,2012-12-28,true
2022-12-29,9.52,27.6,27.5931117340809,low,low,2012-12-31,true
2022-12-30,9.57,28.2,28.22257806244996,low,low,2012-12-31,true
2023-01-02,9.57,28.3,28.262610088070456,low,low,2013-01-04,true
2023-01-03,9.58,28.5,28.53141256502601,low,low,2013-01-04,true
2023-01-04,9.61,29.4,29.360000000000003,low,low,2013-01-04,true
2023-01-05,9.75,32.5,32.48,mid,low,2013-01-07,true
2023-01-06,9.77,32.9,32.94682127149141,mid,low,2013-01-07,true
2023-01-09,9.85,34.8,34.760000000000005,mid,low,2013-01-09,true
2023-01-10,9.82,33.8,33.800000000000004,mid,low,2013-01-10,true
2023-01-11,9.84,34.4,34.44,mid,low,2013-01-11,true
2023-01-12,9.85,34.8,34.760000000000005,mid,low,2013-01-14,true
2023-01-13,10.01,39.5,39.54418232706917,mid,low,2013-01-14,true
2023-01-16,10.12,42,42,mid,low,2013-01-16,true
2023-01-17,10.08,40.8,40.8,mid,low,2013-01-17,true
2023-01-18,10.04,40,39.96,mid,low,2013-01-18,true
2023-01-19,10.06,40.4,40.400000000000006,mid,mid,2013-01-21,true
2023-01-20,10.11,41.8,41.78328668532587,mid,mid,2013-01-21,true
2023-01-23,10.11,41.8,41.760000000000005,mid,mid,2013-01-23,true
2023-01-24,10.11,41.8,41.760000000000005,mid,mid,2013-01-24,true
2023-01-25,10.11,41.8,41.760000000000005,mid,mid,2013-01-25,true
2023-01-26,10.11,41.8,41.760000000000005,mid,mid,2013-01-28,true
2023-01-27,10.11,41.8,41.78328668532587,mid,mid,2013-01-28,true
2023-01-30,10.1,41.4,41.36,mid,mid,2013-01-30,true
2023-01-31,10,39.1,39.12,mid,mid,2013-01-31,true
2023-02-01,10.04,39.8,39.800000000000004,mid,mid,2013-02-01,true
2023-02-02,10.02,39.4,39.44,mid,mid,2013-02-04,true
2023-02-03,9.91,36.9,36.86525389844063,mid,mid,2013-02-04,true
2023-02-06,9.81,33.6,33.56,mid,mid,2013-02-06,true
2023-02-07,9.83,34.2,34.239999999999995,mid,mid,2013-02-07,true
2023-02-08,9.79,33.2,33.160000000000004,mid,mid,2013-02-08,true
2023-02-09,9.89,36.4,36.36,mid,mid,2013-02-18,true
2023-02-10,9.85,34.9,34.866053578568575,mid,mid,2013-02-18,true
2023-02-13,9.91,37.1,37.09032773780975,mid,mid,2013-02-18,true
2023-02-14,9.95,37.8,37.79464642429085,mid,mid,2013-02-18,true
2023-02-15,9.87,35.5,35.543130990415335,mid,mid,2013-02-18,true
2023-02-16,9.85,34.9,34.8502994011976,mid,mid,2013-02-18,true
2023-02-17,9.77,32.9,32.881085395051876,mid,mid,2013-02-18,true
2023-02-20,10.02,39.8,39.840319361277444,mid,mid,2013-02-20,true
2023-02-21,10.07,40.8,40.79840319361278,mid,mid,2013-02-21,true
2023-02-22,9.97,38.4,38.40319361277445,mid,mid,2013-02-22,true
2023-02-23,9.97,38.4,38.40319361277445,mid,mid,2013-02-25,true
2023-02-24,9.85,34.9,34.91620111731844,mid,mid,2013-02-25,true
2023-02-27,9.85,34.9,34.930139720558884,mid,mid,2013-02-27,true
2023-02-28,9.89,36.4,36.40718562874252,mid,mid,2013-02-28,true
2023-03-01,10.01,39.7,39.68063872255489,mid,mid,2013-03-01,true
2023-03-02,10.01,39.7,39.72055888223553,mid,mid,2013-03-04,true
2023-03-03,10.05,40.6,40.582601755786115,mid,mid,2013-03-04,true
2023-03-06,9.96,38,38.003992015968066,mid,mid,2013-03-06,true
2023-03-07,9.91,37.1,37.08582834331337,mid,mid,2013-03-07,true
2023-03-08,9.85,34.9,34.89021956087824,mid,mid,2013-03-08,true
2023-03-09,9.78,33.1,33.053892215568865,mid,mid,2013-03-11,true
2023-03-10,9.65,30.3,30.32721468475658,mid,mid,2013-03-11,true
2023-03-13,9.79,33.1,33.13373253493014,mid,mid,2013-03-13,true
2023-03-14,9.7,31.4,31.417165668662673,mid,mid,2013-03-14,true
2023-03-15,9.73,32,32.01596806387226,mid,mid,2013-03-15,true
2023-03-16,9.65,30.3,30.33932135728543,mid,mid,2013-03-18,true
2023-03-17,9.72,31.9,31.92338387869114,mid,mid,2013-03-18,true
2023-03-20,9.68,31,30.97804391217565,mid,mid,2013-03-20,true
2023-03-21,9.72,31.9,31.936127744510976,mid,mid,2013-03-21,true
2023-03-22,9.76,32.7,32.734530938123754,mid,mid,2013-03-22,true
2023-03-23,9.82,33.9,33.852295409181636,mid,mid,2013-03-25,true
2023-03-24,9.74,32.3,32.282521947326416,mid,mid,2013-03-25,true
2023-03-27,9.68,31,31.017964071856284,mid,mid,2013-03-27,true
2023-03-28,9.71,31.7,31.736526946107784,mid,mid,2013-03-28,true
2023-03-29,9.7,31.4,31.417165668662673,mid,mid,2013-03-29,true
2023-03-30,9.81,33.7,33.65269461077845,mid,mid,2013-04-01,true
2023-03-31,9.8,33.4,33.43974461292897,mid,mid,2013-04-01,true
2023-04-03,9.81,33.7,33.65269461077845,mid,mid,2013-04-03,true
2023-04-04,9.88,36,36.047904191616766,mid,mid,2013-04-08,true
2023-04-05,9.88,36.1,36.07342378292099,mid,mid,2013-04-08,true
2023-04-06,9.85,35.1,35.06182688472278,mid,mid,2013-04-08,true
2023-04-07,9.89,36.4,36.443381180223284,mid,mid,2013-04-08,true
2023-04-10,9.92,37.2,37.21579577183885,mid,mid,2013-04-10,true
2023-04-11,9.92,37.2,37.21579577183885,mid,mid,2013-04-11,true
2023-04-12,9.92,37.2,37.21579577183885,mid,mid,2013-04-12,true
2023-04-13,9.94,37.5,37.534902273633826,mid,mid,2013-04-15,true
2023-04-14,9.97,38.4,38.43700159489633,mid,mid,2013-04-15,true
2023-04-17,10.21,45.6,45.59234144395692,mid,mid,2013-04-17,true
2023-04-18,10.28,47.1,47.108097327483044,mid,mid,2013-04-18,true
2023-04-19,10.2,45.2,45.23334662943758,mid,mid,2013-04-19,true
2023-04-20,10.16,44.1,44.07658556043079,mid,mid,2013-04-22,true
2023-04-21,10,39.4,39.354066985645936,mid,mid,2013-04-22,true
2023-04-24,9.92,36.9,36.93657758276825,mid,mid,2013-04-24,true
2023-04-25,9.99,38.8,38.77143996808935,mid,mid,2013-04-25,true
2023-04-26,9.96,37.8,37.81412046270442,mid,mid,2013-04-26,true
2023-04-27,10.07,40.7,40.725967291583565,mid,mid,2013-05-02,true
2023-04-28,10.18,44.6,44.577352472089316,mid,mid,2013-05-02,true
2023-05-01,10.18,44.6,44.599442008768435,mid,mid,2013-05-02,true
2023-05-02,10.18,44.6,44.6215139442231,mid,mid,2013-05-02,true
2023-05-03,10.18,44.6,44.6215139442231,mid,mid,2013-05-03,true
2023-05-04,10.41,51.2,51.19521912350598,mid,mid,2013-05-06,true
2023-05-05,10.4,50.7,50.69693349263241,mid,mid,2013-05-06,true
2023-05-08,10.66,59.1,59.123505976095615,mid,mid,2013-05-08,true
2023-05-09,10.56,56.1,56.095617529880485,mid,mid,2013-05-09,true
2023-05-10,10.36,49.4,49.36254980079681,mid,mid,2013-05-10,true
2023-05-11,10.32,47.9,47.88844621513944,mid,mid,2013-05-13,true
2023-05-12,10.21,45.4,45.40023894862604,mid,mid,2013-05-13,true
2023-05-15,10.37,49.7,49.68127490039841,mid,mid,2013-05-15,true
2023-05-16,10.34,48.3,48.286852589641434,mid,mid,2013-05-16,true
2023-05-17,10.26,46.3,46.33466135458168,mid,mid,2013-05-17,true
2023-05-18,10.32,47.8,47.808764940239044,mid,mid,2013-05-20,true
2023-05-19,10.25,46.1,46.077260055754685,mid,mid,2013-05-20,true
2023-05-22,10.31,47.6,47.60956175298805,mid,mid,2013-05-22,true
2023-05-23,10.12,41.9,41.91235059760956,mid,mid,2013-05-23,true
2023-05-24,9.94,36.5,36.53386454183266,mid,mid,2013-05-24,true
2023-05-25,9.89,35.2,35.179282868525895,mid,mid,2013-05-27,true
2023-05-26,9.89,35.2,35.20509757068897,mid,mid,2013-05-27,true
2023-05-29,9.93,36.4,36.374501992031874,mid,mid,2013-05-29,true
2023-05-30,9.89,35.1,35.1394422310757,mid,mid,2013-05-30,true
2023-05-31,9.74,30.7,30.677290836653388,mid,mid,2013-05-31,true
2023-06-01,9.77,31.3,31.314741035856574,mid,mid,2013-06-03,true
2023-06-02,9.89,35.2,35.165272799681404,mid,mid,2013-06-03,true
2023-06-05,9.88,34.6,34.62151394422311,mid,mid,2013-06-05,true
2023-06-06,9.85,33.5,33.54581673306773,mid,mid,2013-06-06,true
2023-06-07,9.84,32.9,32.94820717131474,mid,mid,2013-06-07,true
2023-06-08,9.98,37.9,37.92828685258964,mid,mid,2013-06-13,true
2023-06-09,9.98,38,37.953006770211076,mid,mid,2013-06-13,true
2023-06-12,10.15,43.2,43.152866242038215,mid,mid,2013-06-13,true
2023-06-13,10.15,43.2,43.17548746518106,mid,mid,2013-06-13,true
2023-06-14,10.11,41.6,41.62355750099483,mid,mid,2013-06-14,true
2023-06-15,10.21,45.2,45.20493434142459,mid,mid,2013-06-17,true
2023-06-16,10.28,46.9,46.857597454256165,mid,mid,2013-06-17,true
2023-06-19,10.14,42.5,42.53879824910465,mid,mid,2013-06-19,true
2023-06-20,10.07,39.9,39.9124552327895,mid,mid,2013-06-20,true
2023-06-21,9.99,37.9,37.88300835654596,mid,mid,2013-06-21,true
2023-06-22,9.99,37.9,37.88300835654596,mid,mid,2013-06-24,true
2023-06-23,9.99,37.9,37.90771678599841,mid,mid,2013-06-24,true
2023-06-26,9.86,33.4,33.38639076800637,mid,mid,2013-06-26,true
2023-06-27,9.96,36.7,36.729009152407485,mid,mid,2013-06-27,true
2023-06-28,9.96,36.7,36.729009152407485,mid,mid,2013-06-28,true
2023-06-29,9.89,34.7,34.659769200159175,mid,mid,2013-07-01,true
2023-06-30,9.9,35.1,35.08353221957041,mid,mid,2013-07-01,true
2023-07-03,10.09,40.7,40.66852367688023,mid,mid,2013-07-03,true
2023-07-04,10.08,40.2,40.2307998408277,mid,mid,2013-07-04,true
2023-07-05,10,38.4,38.36052526860326,mid,mid,2013-07-05,true
2023-07-06,9.93,35.8,35.77397532829288,mid,mid,2013-07-08,true
2023-07-07,9.9,34.9,34.924423229912485,mid,mid,2013-07-08,true
2023-07-10,9.92,35.5,35.455630720254675,mid,mid,2013-07-10,true
2023-07-11,9.96,36.6,36.609629924393154,mid,mid,2013-07-11,true
2023-07-12,9.94,35.9,35.8933545563072,mid,mid,2013-07-12,true
2023-07-13,10.1,41,41.0266613609232,mid,mid,2013-07-15,true
2023-07-14,10.12,41.8,41.80588703261734,mid,mid,2013-07-15,true
2023-07-17,9.97,36.9,36.88818145642658,mid,mid,2013-07-17,true
2023-07-18,9.87,33.1,33.10783923597294,mid,mid,2013-07-18,true
2023-07-19,9.9,34.7,34.659769200159175,mid,mid,2013-07-19,true
2023-07-20,9.84,31.8,31.834460803820136,mid,mid,2013-07-22,true
2023-07-21,9.85,32.5,32.4582338902148,mid,mid,2013-07-22,true
2023-07-24,9.82,31,31.038599283724633,mid,mid,2013-07-24,true
2023-07-25,10.09,40.6,40.58893752487067,mid,mid,2013-07-25,true
2023-07-26,10.06,39.6,39.55431754874652,mid,mid,2013-07-26,true
2023-07-27,10.08,40.1,40.11142061281337,mid,mid,2013-07-29,true
2023-07-28,10.34,48.4,48.36913285600637,mid,mid,2013-07-29,true
2023-07-31,10.34,48.3,48.34858734580183,mid,mid,2013-07-31,true
2023-08-01,10.35,49,48.98527656187823,mid,mid,2013-08-01,true
2023-08-02,10.19,44.4,44.40907282132909,mid,mid,2013-08-02,true
2023-08-03,10.28,46.7,46.71707122960605,mid,mid,2013-08-05,true
2023-08-04,10.31,47.6,47.573587907716785,mid,mid,2013-08-05,true
2023-08-07,10.26,46.1,46.08038201352965,mid,mid,2013-08-07,true
2023-08-08,10.26,46.1,46.08038201352965,mid,mid,2013-08-08,true
2023-08-09,10.25,45.8,45.76203740549145,mid,mid,2013-08-09,true
2023-08-10,10.27,46.4,46.358933545563076,mid,mid,2013-08-12,true
2023-08-11,10.05,38.9,38.902147971360385,mid,mid,2013-08-12,true
2023-08-14,9.98,36.8,36.84838838042181,mid,mid,2013-08-14,true
2023-08-15,10.01,38,37.96259450855551,mid,mid,2013-08-15,true
2023-08-16,9.94,35.1,35.13728611221648,mid,mid,2013-08-16,true
2023-08-17,9.95,35.4,35.4158376442499,mid,mid,2013-08-19,true
2023-08-18,9.87,32.4,32.37867939538584,mid,mid,2013-08-19,true
2023-08-21,9.74,28.5,28.491842419419022,low,mid,2013-08-21,true
2023-08-22,9.85,31.7,31.675288499801034,mid,mid,2013-08-22,true
2023-08-23,9.76,28.9,28.92956625547155,low,mid,2013-08-23,true
2023-08-24,9.79,29.4,29.446876243533627,low,mid,2013-08-26,true
2023-08-25,9.82,30.3,30.27048528241846,mid,mid,2013-08-26,true
2023-08-28,9.95,35.4,35.4158376442499,mid,mid,2013-08-28,true
2023-08-29,9.96,35.9,35.853561480302425,mid,mid,2013-08-29,true
2023-08-30,9.93,34.8,34.77914842817349,mid,mid,2013-08-30,true
2023-08-31,9.89,33.3,33.30680461599682,mid,mid,2013-09-02,true
2023-09-01,9.96,35.9,35.87907716785998,mid,mid,2013-09-02,true
2023-09-04,10.13,41.7,41.663350576999605,mid,mid,2013-09-04,true
2023-09-05,10.07,39.2,39.23597294070832,mid,mid,2013-09-05,true
2023-09-06,10.08,39.7,39.67369677676084,mid,mid,2013-09-06,true
2023-09-07,10.02,38,38.04218066056506,mid,mid,2013-09-09,true
2023-09-08,9.96,35.7,35.719968178202066,mid,mid,2013-09-09,true
2023-09-11,10.01,37.8,37.80342220453641,mid,mid,2013-09-11,true
2023-09-12,10,37.5,37.485077596498215,mid,mid,2013-09-12,true
2023-09-13,10,37.5,37.485077596498215,mid,mid,2013-09-13,true
2023-09-14,10.06,39,38.99721448467967,mid,mid,2013-09-16,true
2023-09-15,9.97,36,35.958631662688944,mid,mid,2013-09-16,true
2023-09-18,10.02,38,38.00238758456029,mid,mid,2013-09-18,true
2023-09-19,10.05,38.7,38.71866295264624,mid,mid,2013-09-23,true
2023-09-20,10.01,37.7,37.70883054892602,mid,mid,2013-09-23,true
2023-09-21,9.92,33.9,33.916500994035786,mid,mid,2013-09-23,true
2023-09-22,10.11,41.1,41.09697933227345,mid,mid,2013-09-23,true
2023-09-25,10.04,38.4,38.36978131212724,mid,mid,2013-09-25,true
2023-09-26,9.98,36.3,36.341948310139166,mid,mid,2013-09-26,true
2023-09-27,9.98,36.3,36.341948310139166,mid,mid,2013-09-27,true
2023-09-28,9.94,34.4,34.35387673956262,mid,mid,2013-09-30,true
2023-09-29,9.94,34.4,34.37996820349761,mid,mid,2013-09-30,true
2023-10-02,9.94,34.4,34.37996820349761,mid,mid,2013-10-08,true
2023-10-03,9.94,34.4,34.40603893524036,mid,mid,2013-10-08,true
2023-10-04,9.94,34.4,34.43208895949166,mid,mid,2013-10-08,true
2023-10-05,9.94,34.5,34.45811830091306,mid,mid,2013-10-08,true
2023-10-06,9.94,34.5,34.48412698412698,mid,mid,2013-10-08,true
2023-10-09,9.92,33.6,33.611111111111114,mid,mid,2013-10-09,true
2023-10-10,9.85,30.6,30.634920634920636,mid,mid,2013-10-10,true
2023-10-11,9.87,31.3,31.30952380952381,mid,mid,2013-10-11,true
2023-10-12,9.98,36.5,36.46825396825397,mid,mid,2013-10-14,true
2023-10-13,9.91,33.2,33.240777469258234,mid,mid,2013-10-14,true
2023-10-16,9.88,31.7,31.746031746031743,mid,mid,2013-10-16,true
2023-10-17,9.93,33.9,33.92857142857143,mid,mid,2013-10-17,true
2023-10-18,9.92,33.5,33.53174603174603,mid,mid,2013-10-18,true
2023-10-19,9.64,24.5,24.484126984126984,low,mid,2013-10-21,true
2023-10-20,9.57,22.8,22.768742562475207,low,mid,2013-10-21,true
2023-10-23,9.51,22,22.023809523809522,low,mid,2013-10-23,true
2023-10-24,9.53,22.2,22.22222222222222,low,mid,2013-10-24,true
2023-10-25,9.48,21.3,21.26984126984127,low,low,2013-10-25,true
2023-10-26,9.54,22.3,22.301587301587304,low,low,2013-10-28,true
2023-10-27,9.59,23.4,23.403411344704484,low,low,2013-10-28,true
2023-10-30,9.52,21.9,21.944444444444443,low,low,2013-10-30,true
2023-10-31,9.53,22.1,22.142857142857142,low,low,2013-10-31,true
2023-11-01,9.58,23,22.976190476190474,low,low,2013-11-01,true
2023-11-02,9.59,23.4,23.373015873015873,low,low,2013-11-04,true
2023-11-03,9.64,24.5,24.514081713605712,low,low,2013-11-04,true
2023-11-06,9.65,24.9,24.88095238095238,low,low,2013-11-06,true
2023-11-07,9.62,24,23.96825396825397,low,low,2013-11-07,true
2023-11-08,9.59,23.3,23.253968253968253,low,low,2013-11-08,true
2023-11-09,9.62,24,23.96825396825397,low,low,2013-11-11,true
2023-11-10,9.55,22.3,22.253074176913923,low,low,2013-11-11,true
2023-11-13,9.54,21.9,21.944444444444443,low,low,2013-11-13,true
2023-11-14,9.53,21.8,21.785714285714285,low,low,2013-11-14,true
2023-11-15,9.61,23.7,23.65079365079365,low,low,2013-11-15,true
2023-11-16,9.54,21.9,21.904761904761905,low,low,2013-11-18,true
2023-11-17,9.5,21,21.023403411344706,low,low,2013-11-18,true
2023-11-20,9.53,21.7,21.706349206349206,low,low,2013-11-20,true
2023-11-21,9.58,22.7,22.6984126984127,low,low,2013-11-21,true
2023-11-22,9.52,21.3,21.349206349206348,low,low,2013-11-22,true
2023-11-23,9.55,22.1,22.142857142857142,low,low,2013-11-25,true
2023-11-24,9.51,21.2,21.22173740579135,low,low,2013-11-25,true
2023-11-27,9.44,19.5,19.523809523809526,low,low,2013-11-27,true
2023-11-28,9.44,19.5,19.523809523809526,low,low,2013-11-28,true
2023-11-29,9.39,18.1,18.134920634920633,low,low,2013-11-29,true
2023-11-30,9.45,19.8,19.8015873015873,low,low,2013-12-02,true
2023-12-01,9.4,18.4,18.44506148353828,low,low,2013-12-02,true
2023-12-04,9.35,17.4,17.38095238095238,low,low,2013-12-04,true
2023-12-05,9.18,13.5,13.531746031746032,low,low,2013-12-05,true
2023-12-06,9.12,13,12.976190476190478,low,low,2013-12-06,true
2023-12-07,9.1,12.9,12.857142857142856,low,low,2013-12-09,true
2023-12-08,9.14,13.1,13.090043633478778,low,low,2013-12-09,true
2023-12-11,8.88,10.7,10.674603174603174,low,low,2013-12-11,true
2023-12-12,8.95,11,11.031746031746032,low,low,2013-12-12,true
2023-12-13,8.8,10.3,10.317460317460316,low,low,2013-12-13,true
2023-12-14,8.76,10.2,10.238095238095237,low,low,2013-12-16,true
2023-12-15,8.72,10.1,10.115033716779056,low,low,2013-12-16,true
2023-12-18,8.77,10.3,10.277777777777777,low,low,2013-12-18,true
2023-12-19,8.79,10.3,10.277777777777777,low,low,2013-12-19,true
2023-12-20,8.73,10,10.03968253968254,low,low,2013-12-20,true
2023-12-21,8.79,10.3,10.277777777777777,low,low,2013-12-23,true
2023-12-22,8.83,10.5,10.472034906783023,low,low,2013-12-23,true
2023-12-25,8.85,10.5,10.515873015873016,low,low,2013-12-25,true
2023-12-26,8.84,10.4,10.436507936507937,low,low,2013-12-26,true
2023-12-27,8.87,10.6,10.555555555555555,low,low,2013-12-27,true
2023-12-28,8.98,11.2,11.190476190476192,low,low,2013-12-30,true
2023-12-29,9.01,11.3,11.344704482348275,low,low,2013-12-30,true
2024-01-01,9.01,11.3,11.30952380952381,low,low,2014-01-02,true
2024-01-02,8.94,10.8,10.82903609678699,low,low,2014-01-02,true
2024-01-03,8.99,11.2,11.186037286790956,low,low,2014-01-03,true
2024-01-04,8.97,10.9,10.948036493454978,low,low,2014-01-06,true
2024-01-05,8.93,10.7,10.70578905630452,low,low,2014-01-06,true
2024-01-08,8.86,10.3,10.273700912336373,low,low,2014-01-08,true
2024-01-09,8.86,10.3,10.273700912336373,low,low,2014-01-09,true
2024-01-10,8.81,9.8,9.837366124553748,low,low,2014-01-10,true
2024-01-11,8.77,9.7,9.67869892899643,low,low,2014-01-13,true
2024-01-12,8.78,9.7,9.71451229183188,low,low,2014-01-13,true
2024-01-15,8.81,9.8,9.837366124553748,low,low,2014-01-15,true
2024-01-16,8.85,10.2,10.154700515668386,low,low,2014-01-16,true
2024-01-17,8.68,9.1,9.123363744545815,low,low,2014-01-17,true
2024-01-18,8.78,9.6,9.599365331217772,low,low,2014-01-20,true
2024-01-19,8.79,9.7,9.71451229183188,low,low,2014-01-20,true
2024-01-22,8.75,9.3,9.282030940103134,low,low,2014-01-22,true
2024-01-23,8.73,9.2,9.202697342324475,low,low,2014-01-23,true
2024-01-24,8.9,10.4,10.432368107893693,low,low,2014-01-24,true
2024-01-25,9.16,13.3,13.288377627925426,low,low,2014-01-27,true
2024-01-26,9.24,14.6,14.551942902458368,low,low,2014-01-27,true
2024-01-29,9.24,14.5,14.518048393494645,low,low,2014-01-29,true
2024-01-30,9.13,12.9,12.852042840142799,low,low,2014-01-30,true
2024-01-31,9.11,12.7,12.733042443474812,low,low,2014-02-07,true
2024-02-01,9.05,11.7,11.736716891356066,low,low,2014-02-07,true
2024-02-02,9.03,11.5,11.494252873563218,low,low,2014-02-07,true
2024-02-05,9.18,13.6,13.589540412044373,low,low,2014-02-07,true
2024-02-06,9.35,17.5,17.544554455445542,low,low,2014-02-07,true
2024-02-07,9.41,18.9,18.92319873317498,low,low,2014-02-07,true
2024-02-08,9.41,18.9,18.92319873317498,low,low,2014-02-10,true
2024-02-09,9.41,19,18.95528294420261,low,low,2014-02-10,true
2024-02-12,9.41,18.9,18.92319873317498,low,low,2014-02-12,true
2024-02-13,9.41,18.9,18.92319873317498,low,low,2014-02-13,true
2024-02-14,9.41,18.9,18.92319873317498,low,low,2014-02-14,true
2024-02-15,9.41,18.9,18.92319873317498,low,low,2014-02-17,true
2024-02-16,9.41,19,18.95528294420261,low,low,2014-02-17,true
2024-02-19,9.58,22.9,22.88202692003167,low,low,2014-02-19,true
2024-02-20,9.58,22.9,22.88202692003167,low,low,2014-02-20,true
2024-02-21,9.71,26.6,26.56373713380839,low,low,2014-02-21,true
2024-02-22,9.84,29.8,29.849564528899446,low,low,2014-02-24,true
2024-02-23,9.84,29.9,29.877324891175306,low,low,2014-02-24,true
2024-02-26,9.64,24.5,24.505146476642913,low,low,2014-02-26,true
2024-02-27,9.67,25.4,25.376088677751383,low,low,2014-02-27,true
2024-02-28,9.62,24,23.95091053048298,low,low,2014-02-28,true
2024-02-29,9.7,26.1,26.128266033254157,low,low,2014-03-03,true
2024-03-01,9.7,26.2,26.157499010684603,low,low,2014-03-03,true
2024-03-04,9.74,27.1,27.146814404432135,low,low,2014-03-04,true
2024-03-05,9.86,30.9,30.866640284922838,mid,low,2014-03-05,true
2024-03-06,9.79,28.2,28.17570241392956,low,low,2014-03-06,true
2024-03-07,9.78,28,28.017411950929954,low,low,2014-03-07,true
2024-03-08,9.79,28.2,28.17570241392956,low,low,2014-03-10,true
2024-03-11,9.8,28.4,28.413138108428964,low,low,2014-03-11,true
2024-03-12,9.73,26.6,26.59279778393352,low,low,2014-03-12,true
2024-03-13,9.65,24.6,24.574594380688563,low,low,2014-03-13,true
2024-03-14,9.66,24.8,24.77245745943807,low,low,2014-03-14,true
2024-03-15,9.66,24.8,24.77245745943807,low,low,2014-03-17,true
2024-03-18,9.69,25.6,25.563909774436087,low,low,2014-03-18,true
2024-03-19,9.62,23.5,23.466561139691333,low,low,2014-03-19,true
2024-03-20,9.7,25.9,25.8804907004353,low,low,2014-03-20,true
2024-03-21,9.71,26.2,26.236644242184408,low,low,2014-03-21,true
2024-03-22,9.65,24.4,24.37673130193906,low,low,2014-03-24,true
2024-03-25,9.68,25.2,25.247328848436883,low,low,2014-03-25,true
2024-03-26,9.72,26.4,26.434507320933914,low,low,2014-03-26,true
2024-03-27,9.69,25.4,25.44519192718639,low,low,2014-03-27,true
2024-03-28,9.67,24.8,24.81203007518797,low,low,2014-03-28,true
2024-03-29,9.78,27.9,27.938266719430153,low,low,2014-03-31,true
2024-04-01,9.85,30.6,30.550059358923626,mid,low,2014-04-01,true
2024-04-02,9.87,31.3,31.301939058171747,mid,low,2014-04-02,true
2024-04-03,9.87,31.3,31.301939058171747,mid,low,2014-04-03,true
2024-04-04,9.87,31.3,31.301939058171747,mid,low,2014-04-04,true
2024-04-05,9.87,31.3,31.301939058171747,mid,low,2014-04-08,true
2024-04-08,9.86,30.7,30.735759493670884,mid,low,2014-04-08,true
2024-04-09,9.79,27.9,27.927215189873415,low,low,2014-04-09,true
2024-04-10,9.79,27.9,27.927215189873415,low,low,2014-04-10,true
2024-04-11,9.78,27.7,27.6503164556962,low,low,2014-04-11,true
2024-04-12,9.72,26.1,26.068037974683545,low,low,2014-04-14,true
2024-04-15,9.96,35.6,35.561708860759495,mid,low,2014-04-15,true
2024-04-16,9.97,36,35.99683544303797,mid,low,2014-04-16,true
2024-04-17,10.06,39.3,39.31962025316456,mid,low,2014-04-17,true
2024-04-18,10.05,39,39.00316455696203,mid,low,2014-04-18,true
2024-04-19,10.05,39,39.00316455696203,mid,mid,2014-04-21,true
2024-04-22,9.98,36.6,36.550632911392405,mid,mid,2014-04-22,true
2024-04-23,9.93,33.9,33.9003164556962,mid,mid,2014-04-23,true
2024-04-24,9.96,35.4,35.36392405063291,mid,mid,2014-04-24,true
2024-04-25,10,37.5,37.5,mid,mid,2014-04-25,true
2024-04-26,10.05,39,39.00316455696203,mid,mid,2014-04-28,true
2024-04-29,10.04,38.5,38.528481012658226,mid,mid,2014-04-29,true
2024-04-30,10.03,38.2,38.17246835443038,mid,mid,2014-04-30,true
2024-05-01,10.03,38.2,38.17246835443038,mid,mid,2014-05-05,true
2024-05-02,10.03,38.2,38.19691577698695,mid,mid,2014-05-05,true
2024-05-03,10.03,38.2,38.22134387351779,mid,mid,2014-05-05,true
2024-05-06,10.79,64,64.03162055335969,mid,mid,2014-05-06,true
2024-05-07,10.82,65.2,65.17786561264822,mid,mid,2014-05-07,true
2024-05-08,10.81,64.8,64.78260869565217,mid,mid,2014-05-08,true
2024-05-09,10.82,65.2,65.17786561264822,mid,mid,2014-05-09,true
2024-05-10,10.85,65.8,65.8498023715415,mid,mid,2014-05-12,true
2024-05-13,10.83,65.5,65.45454545454545,mid,mid,2014-05-13,true
2024-05-14,10.78,63.3,63.280632411067195,mid,mid,2014-05-14,true
2024-05-15,10.72,61.3,61.34387351778656,mid,mid,2014-05-15,true
2024-05-16,10.76,62.5,62.450592885375485,mid,mid,2014-05-16,true
2024-05-17,10.88,66.6,66.56126482213439,mid,mid,2014-05-19,true
2024-05-20,10.93,67.8,67.78656126482213,mid,mid,2014-05-20,true
2024-05-21,10.93,67.8,67.78656126482213,mid,mid,2014-05-21,true
2024-05-22,10.93,67.8,67.78656126482213,mid,mid,2014-05-22,true
2024-05-23,10.84,65.5,65.45454545454545,mid,mid,2014-05-23,true
2024-05-24,10.74,61.6,61.58102766798419,mid,mid,2014-05-26,true
2024-05-27,10.86,66.2,66.20553359683794,mid,mid,2014-05-27,true
2024-05-28,10.86,66.2,66.20553359683794,mid,mid,2014-05-28,true
2024-05-29,10.86,66.2,66.20553359683794,mid,mid,2014-05-29,true
2024-05-30,10.77,62.5,62.450592885375485,mid,mid,2014-05-30,true
2024-05-31,10.72,60.9,60.909090909090914,mid,mid,2014-06-03,true
2024-06-03,10.76,62.1,62.10983800869222,mid,mid,2014-06-03,true
2024-06-04,10.78,63,62.97905966021335,mid,mid,2014-06-04,true
2024-06-05,10.73,61.1,61.08257605689451,mid,mid,2014-06-05,true
2024-06-06,10.76,62.1,62.07032793362307,mid,mid,2014-06-06,true
2024-06-07,10.71,60.2,60.17384433030423,mid,mid,2014-06-09,true
2024-06-10,10.71,60.2,60.17384433030423,mid,mid,2014-06-10,true
2024-06-11,10.55,55.2,55.15606479652312,mid,mid,2014-06-11,true
2024-06-12,10.57,55.9,55.906756222836826,mid,mid,2014-06-12,true
2024-06-13,10.54,54.8,54.83998419596997,mid,mid,2014-06-13,true
2024-06-14,10.59,56.5,56.499407348873966,mid,mid,2014-06-16,true
2024-06-17,10.16,42.3,42.275780323982616,mid,mid,2014-06-17,true
2024-06-18,10.17,42.5,42.47333069932833,mid,mid,2014-06-18,true
2024-06-19,10.19,43.4,43.38206242591861,mid,mid,2014-06-19,true
2024-06-20,10.22,44.1,44.13275385223232,mid,mid,2014-06-20,true
2024-06-21,10.16,42.2,42.15725009877519,mid,mid,2014-06-23,true
2024-06-24,10.2,43.6,43.579612801264325,mid,mid,2014-06-24,true
2024-06-25,10.18,42.8,42.78941129988147,mid,mid,2014-06-25,true
2024-06-26,10.18,42.8,42.78941129988147,mid,mid,2014-06-26,true
2024-06-27,10.18,42.8,42.78941129988147,mid,mid,2014-06-27,true
2024-06-28,10.26,45.2,45.23903595416831,mid,mid,2014-06-30,true
2024-07-01,10.34,47.5,47.49111023310944,mid,mid,2014-07-01,true
2024-07-02,10.44,51,51.00750691426313,mid,mid,2014-07-02,true
2024-07-03,10.4,49.8,49.782694587119714,mid,mid,2014-07-03,true
2024-07-04,10.4,49.8,49.782694587119714,mid,mid,2014-07-04,true
2024-07-05,10.28,45.7,45.713156854998026,mid,mid,2014-07-07,true
2024-07-08,10.27,45.4,45.35756617937574,mid,mid,2014-07-08,true
2024-07-09,10.33,47.1,47.09600948241802,mid,mid,2014-07-09,true
2024-07-10,10.29,45.8,45.831687080205455,mid,mid,2014-07-10,true
2024-07-11,10.31,46.5,46.54286843145002,mid,mid,2014-07-11,true
2024-07-12,10.38,49,48.99249308573686,mid,mid,2014-07-14,true
2024-07-15,10.47,52,52.034768866060844,mid,mid,2014-07-15,true
2024-07-16,10.46,51.6,51.60015804030028,mid,mid,2014-07-16,true
2024-07-17,10.43,50.7,50.69142631371,mid,mid,2014-07-17,true
2024-07-18,10.48,52.5,52.469379691821416,mid,mid,2014-07-18,true
2024-07-19,10.49,52.8,52.824970367443704,mid,mid,2014-07-21,true
2024-07-22,10.36,48.2,48.202291584354015,mid,mid,2014-07-22,true
2024-07-23,10.29,45.5,45.51560647965231,mid,mid,2014-07-23,true
2024-07-24,10.3,45.9,45.91070723034374,mid,mid,2014-07-24,true
2024-07-25,10.19,42.6,42.55235084946661,mid,mid,2014-07-25,true
2024-07-26,10.09,38.2,38.20624259186092,mid,mid,2014-07-28,true
2024-07-29,10.12,39.4,39.431054919004346,mid,mid,2014-07-29,true
2024-07-30,10.04,36.2,36.19122876333465,mid,mid,2014-07-30,true
2024-07-31,10.12,39.4,39.431054919004346,mid,mid,2014-07-31,true
2024-08-01,10.09,38.1,38.127222441722644,mid,mid,2014-08-01,true
2024-08-02,10.04,36.1,36.112208613196366,mid,mid,2014-08-04,true
2024-08-05,9.95,32,31.963650730936386,mid,mid,2014-08-05,true
2024-08-06,9.87,28.2,28.210193599367837,low,mid,2014-08-06,true
2024-08-07,9.89,29.4,29.35598577637297,low,mid,2014-08-07,true
2024-08-08,9.91,30.2,30.225207427894112,mid,mid,2014-08-08,true
2024-08-09,9.93,31.1,31.05491900434611,mid,mid,2014-08-11,true
2024-08-12,9.94,31.6,31.568549980244963,mid,mid,2014-08-12,true
2024-08-13,9.96,32.6,32.59581193204267,mid,mid,2014-08-13,true
2024-08-14,9.93,31,30.975898854207824,mid,mid,2014-08-14,true
2024-08-15,10.05,36.6,36.586329514026076,mid,mid,2014-08-15,true
2024-08-16,10.12,39.4,39.431054919004346,mid,mid,2014-08-18,true
2024-08-19,10.22,43.4,43.38206242591861,mid,mid,2014-08-19,true
2024-08-20,10.19,42.5,42.51284077439747,mid,mid,2014-08-20,true
2024-08-21,10.16,41.1,41.12998814697748,mid,mid,2014-08-21,true
2024-08-22,10.2,42.8,42.78941129988147,mid,mid,2014-08-22,true
2024-08-23,10.26,44.5,44.527854602923746,mid,mid,2014-08-25,true
2024-08-26,10.26,44.5,44.527854602923746,mid,mid,2014-08-26,true
2024-08-27,10.33,46.8,46.819438956934015,mid,mid,2014-08-27,true
2024-08-28,10.25,44.1,44.053733702094036,mid,mid,2014-08-28,true
2024-08-29,10.07,36.7,36.744369814302644,mid,mid,2014-08-29,true
2024-08-30,10.06,36.5,36.50730936388779,mid,mid,2014-09-01,true
2024-09-02,9.85,26.5,26.511260371394705,low,mid,2014-09-02,true
2024-09-03,9.71,21.9,21.888581588305016,low,mid,2014-09-03,true
2024-09-04,9.61,18.5,18.451205057289606,low,mid,2014-09-04,true
2024-09-05,9.59,17.9,17.937574081390757,low,mid,2014-09-05,true
2024-09-06,9.55,16.8,16.79178190438562,low,mid,2014-09-09,true
2024-09-09,9.43,13.8,13.82306477093207,low,low,2014-09-09,true
2024-09-10,9.49,15.2,15.205371248025276,low,low,2014-09-10,true
2024-09-11,9.36,11.8,11.848341232227488,low,low,2014-09-11,true
2024-09-12,9.33,11,11.018957345971565,low,low,2014-09-12,true
2024-09-13,9.32,10.6,10.584518167456556,low,low,2014-09-15,true
2024-09-16,9.32,10.6,10.584518167456556,low,low,2014-09-16,true
2024-09-17,9.32,10.6,10.584518167456556,low,low,2014-09-17,true
2024-09-18,9.41,13.3,13.309636650868878,low,low,2014-09-18,true
2024-09-19,9.41,13.3,13.309636650868878,low,low,2014-09-19,true
2024-09-20,9.45,14.4,14.415481832543446,low,low,2014-09-22,true
2024-09-23,9.52,16,15.955766192733018,low,low,2014-09-23,true
2024-09-24,9.97,32.6,32.62243285939969,mid,low,2014-09-24,true
2024-09-25,10.09,37.8,37.796208530805686,mid,low,2014-09-25,true
2024-09-26,10.45,51.3,51.342812006319114,mid,low,2014-09-26,true
2024-09-27,10.56,55.4,55.371248025276465,mid,low,2014-09-29,true
2024-09-30,11.22,73,73.02527646129542,high,low,2014-09-30,true
2024-10-01,11.22,73,73.02527646129542,high,low,2014-10-08,true
2024-10-02,11.22,73,73.03592577970785,high,low,2014-10-08,true
2024-10-03,11.22,73,73.04656669297553,high,low,2014-10-08,true
2024-10-04,11.22,73.1,73.05719921104537,high,high,2014-10-08,true
2024-10-07,11.22,73.1,73.06782334384859,high,high,2014-10-08,true
2024-10-08,11.5,78.1,78.08435159637366,high,high,2014-10-08,true
2024-10-09,10.83,65,64.95861253448956,mid,high,2014-10-09,true
2024-10-10,11.15,71.6,71.6200236499803,high,high,2014-10-10,true
2024-10-11,10.96,68.2,68.23019314150571,mid,high,2014-10-13,true
2024-10-14,11.16,71.7,71.73827355143871,high,high,2014-10-14,true
2024-10-15,10.87,66.1,66.06227828143476,mid,high,2014-10-15,true
2024-10-16,10.89,66.4,66.37761135199054,mid,high,2014-10-16,true
2024-10-17,10.74,60.9,60.898699251083954,mid,high,2014-10-17,true
2024-10-18,10.96,68.2,68.19077650768625,mid,high,2014-10-20,true
2024-10-21,10.89,66.3,66.33819471817107,mid,high,2014-10-21,true
2024-10-22,10.92,67.1,67.08711076074103,mid,high,2014-10-22,true
2024-10-23,10.96,68.2,68.19077650768625,mid,high,2014-10-23,true
2024-10-24,10.88,65.9,65.94402837997634,mid,high,2014-10-24,true
2024-10-25,10.84,64.8,64.7615293653922,mid,high,2014-10-27,true
2024-10-28,10.82,64.1,64.13086322428065,mid,high,2014-10-28,true
2024-10-29,10.76,61.4,61.371698856917625,mid,high,2014-10-29,true
2024-10-30,10.62,56.2,56.208119826566815,mid,high,2014-10-30,true
2024-10-31,10.6,55.8,55.81395348837209,mid,mid,2014-10-31,true
2024-11-01,10.27,43.9,43.949546708711075,mid,mid,2014-11-03,true
2024-11-04,10.31,45.3,45.32912889239259,mid,mid,2014-11-04,true
2024-11-05,10.48,51.6,51.55695703586913,mid,mid,2014-11-05,true
2024-11-06,10.4,48.6,48.64012613322822,mid,mid,2014-11-06,true
2024-11-07,10.71,59.4,59.40086716594403,mid,mid,2014-11-07,true
2024-11-08,10.59,55.6,55.61687031927474,mid,mid,2014-11-10,true
2024-11-11,10.49,51.9,51.87229010642491,mid,mid,2014-11-11,true
2024-11-12,10.34,46,45.99921166732361,mid,mid,2014-11-12,true
2024-11-13,10.42,49.2,49.2313756405203,mid,mid,2014-11-13,true
2024-11-14,10.38,47.7,47.65471028774142,mid,mid,2014-11-14,true
2024-11-15,10.31,45,45.013795821836815,mid,mid,2014-11-17,true
2024-11-18,10.4,48.5,48.48245959795033,mid,mid,2014-11-18,true
2024-11-19,10.34,45.9,45.880961765865194,mid,mid,2014-11-19,true
2024-11-20,10.36,47,46.984627512810405,mid,mid,2014-11-20,true
2024-11-21,10.37,47.3,47.33937721718565,mid,mid,2014-11-21,true
2024-11-22,10.11,37.2,37.2093023255814,mid,mid,2014-11-24,true
2024-11-25,10.07,35.2,35.19905400078833,mid,mid,2014-11-25,true
2024-11-26,10.12,37.6,37.64288529759558,mid,mid,2014-11-26,true
2024-11-27,10.23,41.9,41.939298383918015,mid,mid,2014-11-27,true
2024-11-28,10.18,40.2,40.20496649586126,mid,mid,2014-11-28,true
2024-11-29,10.21,41.5,41.50571541190382,mid,mid,2014-12-01,true
2024-12-02,10.25,42.6,42.56996452502956,mid,mid,2014-12-02,true
2024-12-03,10.33,45.4,45.44737879385101,mid,mid,2014-12-03,true
2024-12-04,10.38,47.6,47.61529365392195,mid,mid,2014-12-04,true
2024-12-05,10.32,45,44.974379188017345,mid,mid,2014-12-05,true
2024-12-06,10.43,49.5,49.54670871107608,mid,mid,2014-12-08,true
2024-12-09,10.47,50.9,50.926290894757585,mid,mid,2014-12-09,true
2024-12-10,10.54,53.8,53.84312179739851,mid,mid,2014-12-10,true
2024-12-11,10.48,51.4,51.399290500591256,mid,mid,2014-12-11,true
2024-12-12,10.59,55.6,55.61687031927474,mid,mid,2014-12-12,true
2024-12-13,10.38,47.4,47.4182104848246,mid,mid,2014-12-15,true
2024-12-16,10.55,54.1,54.07962160031533,mid,mid,2014-12-16,true
2024-12-17,10.58,55.3,55.30153724871896,mid,mid,2014-12-17,true
2024-12-18,10.64,56.8,56.83878596767836,mid,mid,2014-12-18,true
2024-12-19,10.57,54.8,54.8285376428853,mid,mid,2014-12-19,true
2024-12-20,10.51,52.5,52.46353961371699,mid,mid,2014-12-22,true
2024-12-23,10.65,57.3,57.31178557351202,mid,mid,2014-12-23,true
2024-12-24,10.78,62.3,62.27828143476547,mid,mid,2014-12-24,true
2024-12-25,10.88,65.9,65.94402837997634,mid,mid,2014-12-25,true
2024-12-26,10.85,65,64.95861253448956,mid,mid,2014-12-26,true
2024-12-27,10.84,64.7,64.68269609775325,mid,mid,2014-12-29,true
2024-12-30,10.91,66.7,66.73236105636579,mid,mid,2014-12-30,true
2024-12-31,10.81,63.5,63.5001970831691,mid,mid,2014-12-31,true
2025-01-01,10.81,63.5,63.539613716988576,mid,mid,2015-01-05,true
2025-01-02,10.52,52.6,52.63987391646966,mid,mid,2015-01-05,true
2025-01-03,10.45,49.7,49.74399369830642,mid,mid,2015-01-05,true
2025-01-06,10.43,49,48.99566758566365,mid,mid,2015-01-06,true
2025-01-07,10.45,49.8,49.822764868058286,mid,mid,2015-01-07,true
2025-01-08,10.48,51,51.04371799921229,mid,mid,2015-01-08,true
2025-01-09,10.38,47,47.02638834186688,mid,mid,2015-01-09,true
2025-01-10,10.29,43.3,43.32414336352895,mid,mid,2015-01-12,true
2025-01-13,10.24,41.3,41.31547853485624,mid,mid,2015-01-13,true
2025-01-14,10.39,47.7,47.656557699881844,mid,mid,2015-01-14,true
2025-01-15,10.37,46.8,46.79007483261127,mid,mid,2015-01-15,true
2025-01-16,10.39,47.7,47.73532886963371,mid,mid,2015-01-16,true
2025-01-17,10.36,46.4,46.39621898385191,mid,mid,2015-01-19,true
2025-01-20,10.34,45.3,45.254037022449786,mid,mid,2015-01-20,true
2025-01-21,10.31,44.3,44.2693974005514,mid,mid,2015-01-21,true
2025-01-22,10.16,38.6,38.637258763292635,mid,mid,2015-01-22,true
2025-01-23,10.28,43.2,43.16660102402521,mid,mid,2015-01-23,true
2025-01-24,10.3,43.9,43.914927136667984,mid,mid,2015-01-26,true
2025-01-27,10.39,48,48.011027963765265,mid,mid,2015-01-27,true
2025-01-28,10.39,48.1,48.050413548641195,mid,mid,2015-01-28,true
2025-01-29,10.39,48.1,48.08979913351713,mid,mid,2015-01-29,true
2025-01-30,10.39,48.1,48.12918471839307,mid,mid,2015-01-30,true
2025-01-31,10.39,48.2,48.16857030326901,mid,mid,2015-02-02,true
2025-02-03,10.39,48.2,48.16857030326901,mid,mid,2015-02-03,true
2025-02-04,10.39,48.2,48.20795588814494,mid,mid,2015-02-04,true
2025-02-05,10.25,42,41.985033477747145,mid,mid,2015-02-05,true
2025-02-06,10.3,44,43.954312721543914,mid,mid,2015-02-06,true
2025-02-07,10.37,47,47.02638834186688,mid,mid,2015-02-09,true
2025-02-10,10.4,48.6,48.601811736904295,mid,mid,2015-02-10,true
2025-02-11,10.42,49.4,49.389523434423,mid,mid,2015-02-11,true
2025-02-12,10.5,52.6,52.57975580937377,mid,mid,2015-02-12,true
2025-02-13,10.52,53.5,53.48562426152028,mid,mid,2015-02-13,true
2025-02-14,10.58,55.9,55.888144938952344,mid,mid,2015-02-16,true
2025-02-17,10.58,55.9,55.888144938952344,mid,mid,2015-02-17,true
2025-02-18,10.58,55.9,55.92753052382828,mid,mid,2015-02-25,true
2025-02-19,10.58,55.9,55.94488188976378,mid,mid,2015-02-25,true
2025-02-20,10.54,54.3,54.269972451790636,mid,mid,2015-02-25,true
2025-02-21,10.58,56,55.97954366640441,mid,mid,2015-02-25,true
2025-02-24,10.53,53.9,53.87337790011797,mid,mid,2015-02-25,true
2025-02-25,10.41,49.1,49.056603773584904,mid,mid,2015-02-25,true
2025-02-26,10.47,51.1,51.13993710691824,mid,mid,2015-02-26,true
2025-02-27,10.54,54.4,54.363207547169814,mid,mid,2015-02-27,true
2025-02-28,10.42,49.4,49.37106918238994,mid,mid,2015-03-02,true
2025-03-03,10.39,48.2,48.15251572327044,mid,mid,2015-03-03,true
2025-03-04,10.32,44.5,44.49685534591195,mid,mid,2015-03-04,true
2025-03-05,10.42,49.5,49.48899371069182,mid,mid,2015-03-05,true
2025-03-06,10.51,53.1,53.06603773584906,mid,mid,2015-03-06,true
2025-03-07,10.51,53.1,53.06603773584906,mid,mid,2015-03-09,true
2025-03-10,10.44,50.1,50.07861635220125,mid,mid,2015-03-10,true
2025-03-11,10.49,52.2,52.161949685534594,mid,mid,2015-03-11,true
2025-03-12,10.43,49.8,49.80345911949686,mid,mid,2015-03-12,true
2025-03-13,10.46,50.7,50.746855345911946,mid,mid,2015-03-13,true
2025-03-14,10.67,58.7,58.687106918238996,mid,mid,2015-03-16,true
2025-03-17,10.69,59.3,59.27672955974843,mid,mid,2015-03-17,true
2025-03-18,10.67,58.7,58.72641509433962,mid,mid,2015-03-18,true
2025-03-19,10.72,60.8,60.84905660377359,mid,mid,2015-03-19,true
2025-03-20,10.63,57.3,57.27201257861635,mid,mid,2015-03-20,true
2025-03-21,10.49,52.2,52.240566037735846,mid,mid,2015-03-23,true
2025-03-24,10.57,55.7,55.660377358490564,mid,mid,2015-03-24,true
2025-03-25,10.6,56.7,56.72169811320755,mid,mid,2015-03-25,true
2025-03-26,10.56,55.2,55.188679245283026,mid,mid,2015-03-26,true
2025-03-27,10.61,56.9,56.91823899371069,mid,mid,2015-03-27,true
2025-03-28,10.56,55.2,55.22798742138365,mid,mid,2015-03-30,true
2025-03-31,10.56,55.3,55.26729559748428,mid,mid,2015-03-31,true
2025-04-01,10.53,54.2,54.166666666666664,mid,mid,2015-04-01,true
2025-04-02,10.54,54.6,54.638364779874216,mid,mid,2015-04-02,true
2025-04-03,10.58,56.5,56.5251572327044,mid,mid,2015-04-03,true
2025-04-04,10.58,56.6,56.564465408805034,mid,mid,2015-04-07,true
2025-04-07,10.05,33.6,33.63457760314342,mid,mid,2015-04-07,true
2025-04-08,10.3,43.8,43.811394891944985,mid,mid,2015-04-08,true
2025-04-09,10.33,44.9,44.911591355599214,mid,mid,2015-04-09,true
2025-04-10,10.36,46.5,46.52259332023576,mid,mid,2015-04-10,true
2025-04-11,10.38,47.4,47.38703339882122,mid,mid,2015-04-13,true
2025-04-14,10.43,50,50.019646365422396,mid,mid,2015-04-14,true
2025-04-15,10.5,52.9,52.92730844793713,mid,mid,2015-04-15,true
2025-04-16,10.62,57.7,57.681728880157166,mid,mid,2015-04-16,true
2025-04-17,10.62,57.7,57.721021611001966,mid,mid,2015-04-17,true
2025-04-18,10.63,58.1,58.07465618860511,mid,mid,2015-04-20,true
2025-04-21,10.57,56.1,56.149312377210215,mid,mid,2015-04-21,true
2025-04-22,10.63,58.2,58.153241650294696,mid,mid,2015-04-22,true
2025-04-23,10.59,57.2,57.17092337917485,mid,mid,2015-04-23,true
2025-04-24,10.66,59.4,59.3713163064833,mid,mid,2015-04-24,true
2025-04-25,10.6,57.4,57.36738703339882,mid,mid,2015-04-27,true
2025-04-28,10.63,58.3,58.27111984282908,mid,mid,2015-04-28,true
2025-04-29,10.59,57.2,57.21021611001965,mid,mid,2015-04-29,true
2025-04-30,10.49,52.5,52.4950884086444,mid,mid,2015-04-30,true
2025-05-01,10.49,52.5,52.53438113948919,mid,mid,2015-05-04,true
2025-05-02,10.49,52.6,52.553024351924584,mid,mid,2015-05-04,true
2025-05-05,10.49,52.6,52.5923016496465,mid,mid,2015-05-05,true
2025-05-06,10.39,48.3,48.31107619795758,mid,mid,2015-05-06,true
2025-05-07,10.52,54.1,54.12411626080126,mid,mid,2015-05-07,true
2025-05-08,10.52,54.2,54.163393558523175,mid,mid,2015-05-08,true
2025-05-09,10.57,56.4,56.44147682639434,mid,mid,2015-05-11,true
2025-05-12,10.61,57.9,57.89473684210527,mid,mid,2015-05-12,true
2025-05-13,10.66,59.9,59.8586017282011,mid,mid,2015-05-13,true
2025-05-14,10.81,66,66.02513747054203,mid,mid,2015-05-14,true
2025-05-15,10.78,64.7,64.65043205027494,mid,mid,2015-05-15,true
2025-05-16,10.67,60.3,60.25137470542027,mid,mid,2015-05-18,true
2025-05-19,10.62,58.2,58.24823252160252,mid,mid,2015-05-19,true
2025-05-20,10.66,59.9,59.937156323644935,mid,mid,2015-05-20,true
2025-05-21,10.71,61.9,61.86174391201885,mid,mid,2015-05-21,true
2025-05-22,10.73,62.8,62.80439905734485,mid,mid,2015-05-22,true
2025-05-23,10.64,59.1,59.07305577376276,mid,mid,2015-05-25,true
2025-05-26,10.59,57.5,57.54124116260802,mid,mid,2015-05-26,true
2025-05-27,10.56,55.9,55.89159465828752,mid,mid,2015-05-27,true
2025-05-28,10.57,56.5,56.520031421838176,mid,mid,2015-05-28,true
2025-05-29,10.58,57.3,57.2663000785546,mid,mid,2015-05-29,true
2025-05-30,10.55,55.5,55.49882168106834,mid,mid,2015-06-01,true
2025-06-02,10.55,55.5,55.53809897879026,mid,mid,2015-06-02,true
2025-06-03,10.58,57.4,57.38413197172034,mid,mid,2015-06-03,true
2025-06-04,10.59,57.8,57.81618224666143,mid,mid,2015-06-04,true
2025-06-05,10.59,57.9,57.85545954438335,mid,mid,2015-06-05,true
2025-06-06,10.61,58.3,58.287509819324434,mid,mid,2015-06-08,true
2025-06-09,10.6,58.1,58.091123330714844,mid,mid,2015-06-09,true
2025-06-10,10.58,57.4,57.42340926944226,mid,mid,2015-06-10,true
2025-06-11,10.64,59.6,59.583660644147685,mid,mid,2015-06-11,true
2025-06-12,10.63,59.2,59.19088766692852,mid,mid,2015-06-12,true
2025-06-13,10.58,57.5,57.46268656716418,mid,mid,2015-06-15,true
2025-06-16,10.6,58.2,58.2089552238806,mid,mid,2015-06-16,true
2025-06-17,10.63,59.3,59.30871956009427,mid,mid,2015-06-17,true
2025-06-18,10.64,59.8,59.78004713275726,mid,mid,2015-06-18,true
2025-06-19,10.62,58.8,58.83739198743127,mid,mid,2015-06-19,true
2025-06-20,10.66,60.8,60.76197957580518,mid,mid,2015-06-23,true
2025-06-23,10.72,63.3,63.32940714566156,mid,mid,2015-06-23,true
2025-06-24,10.74,64,63.996859049862586,mid,mid,2015-06-24,true
2025-06-25,10.81,67.2,67.17707106399686,mid,mid,2015-06-25,true
2025-06-26,10.78,65.8,65.76364350215941,mid,mid,2015-06-26,true
2025-06-27,10.59,58,57.95053003533569,mid,mid,2015-06-29,true
2025-06-30,10.62,58.9,58.89281507656066,mid,mid,2015-06-30,true
2025-07-01,10.66,60.9,60.85590891244601,mid,mid,2015-07-01,true
2025-07-02,10.67,61.3,61.28778955634079,mid,mid,2015-07-02,true
2025-07-03,10.65,60.4,60.38476639183353,mid,mid,2015-07-03,true
2025-07-04,10.74,64.2,64.23243031016884,mid,mid,2015-07-06,true
2025-07-07,10.7,62.4,62.387122104436585,mid,mid,2015-07-07,true
2025-07-08,10.74,64.3,64.31095406360424,mid,mid,2015-07-08,true
2025-07-09,10.75,64.6,64.62504907734589,mid,mid,2015-07-09,true
2025-07-10,10.84,68.6,68.62976050255202,mid,mid,2015-07-10,true
2025-07-11,10.8,67.1,67.13780918727915,mid,mid,2015-07-13,true
2025-07-14,10.82,68,68.04083235178642,mid,mid,2015-07-14,true
2025-07-15,10.78,66.2,66.15626226933648,mid,mid,2015-07-15,true
2025-07-16,10.76,65.2,65.1747153513938,mid,mid,2015-07-16,true
2025-07-17,10.73,63.9,63.918335296427166,mid,mid,2015-07-17,true
2025-07-18,10.8,67.3,67.29485669414998,mid,mid,2015-07-20,true
2025-07-21,10.81,67.8,67.80526109148018,mid,mid,2015-07-21,true
2025-07-22,10.86,69.8,69.84687868080094,mid,mid,2015-07-22,true
2025-07-23,10.9,70.7,70.6713780918728,high,mid,2015-07-23,true
2025-07-24,10.89,70.6,70.55359246171967,high,mid,2015-07-24,true
2025-07-25,10.82,68.3,68.27640361209266,mid,mid,2015-07-27,true
2025-07-28,10.82,68.3,68.31566548881037,mid,mid,2015-07-28,true
2025-07-29,10.83,68.7,68.66902237926973,mid,mid,2015-07-29,true
2025-07-30,10.9,70.8,70.78916372202592,high,mid,2015-07-30,true
2025-07-31,10.81,67.8,67.76599921476246,mid,mid,2015-07-31,true
2025-08-01,10.72,63.5,63.5257165292501,mid,mid,2015-08-03,true
2025-08-04,10.78,66.2,66.19552414605418,mid,mid,2015-08-04,true
2025-08-05,10.88,70.3,70.27875932469571,high,mid,2015-08-05,true
2025-08-06,10.91,71.2,71.18178248920299,high,mid,2015-08-06,true
2025-08-07,10.95,72.1,72.08480565371025,high,mid,2015-08-07,true
2025-08-08,10.92,71.5,71.45661562622693,high,mid,2015-08-10,true
2025-08-11,10.9,70.7,70.7106399685905,high,mid,2015-08-11,true
2025-08-12,10.99,73.1,73.14487632508833,high,mid,2015-08-12,true
2025-08-13,10.97,72.8,72.79151943462897,high,mid,2015-08-13,true
2025-08-14,11.03,73.7,73.69454259913624,high,mid,2015-08-14,true
2025-08-15,11,73.3,73.30192383195917,high,mid,2015-08-17,true
2025-08-18,11.04,73.8,73.81232822928936,high,mid,2015-08-18,true
2025-08-19,11,73.3,73.26266195524146,high,mid,2015-08-19,true
2025-08-20,11.12,75.3,75.30427954456222,high,mid,2015-08-20,true
2025-08-21,11.21,76.7,76.67844522968198,high,mid,2015-08-21,true
2025-08-22,11.39,80.2,80.17275225755792,high,mid,2015-08-24,true
2025-08-25,11.55,82.3,82.25363172359638,high,mid,2015-08-25,true
2025-08-26,11.49,81.4,81.35060855908912,high,high,2015-08-26,true
2025-08-27,11.27,78.3,78.28818217510796,high,high,2015-08-27,true
2025-08-28,11.35,79.2,79.19120533961524,high,high,2015-08-28,true
2025-08-29,11.39,80.1,80.0942285041225,high,high,2015-08-31,true
2025-09-01,11.79,87.4,87.35767569689831,high,high,2015-09-01,true
2025-09-02,11.92,89.3,89.28150765606595,high,high,2015-09-02,true
2025-09-03,11.79,87.3,87.31841382018061,high,high,2015-09-07,true
2025-09-04,11.73,86.2,86.18524332810047,high,high,2015-09-07,true
2025-09-05,11.76,86.7,86.70066692820714,high,high,2015-09-07,true
2025-09-08,11.73,86.2,86.1514319340918,high,high,2015-09-08,true
2025-09-09,11.72,85.8,85.79835229501765,high,high,2015-09-09,true
2025-09-10,11.75,86.4,86.38681836014122,high,high,2015-09-10,true
2025-09-11,11.89,88.8,88.81914476265203,high,high,2015-09-11,true
2025-09-12,11.83,88.1,88.11298548450372,high,high,2015-09-14,true
2025-09-15,11.8,87.5,87.48528834837191,high,high,2015-09-15,true
2025-09-16,11.73,86,85.99450765005885,high,high,2015-09-16,true
2025-09-17,11.72,85.6,85.60219693997647,high,high,2015-09-17,true
2025-09-18,11.52,81.4,81.40447234209493,high,high,2015-09-18,true
2025-09-19,11.47,80.6,80.58061985092193,high,high,2015-09-21,true
2025-09-22,11.46,80.4,80.42369556688898,high,high,2015-09-22,true
2025-09-23,11.51,81.1,81.12985484503727,high,high,2015-09-23,true
2025-09-24,11.55,81.8,81.75755198116909,high,high,2015-09-24,true
2025-09-25,11.57,82,82.03216947822676,high,high,2015-09-25,true
2025-09-26,11.55,81.7,81.71832091016084,high,high,2015-09-28,true
2025-09-29,11.61,82.7,82.73832875637504,high,high,2015-09-29,true
2025-09-30,11.63,83.1,83.09140839544919,high,high,2015-09-30,true
2025-10-01,11.63,83.1,83.09140839544919,high,high,2015-10-08,true
2025-10-02,11.63,83.1,83.09803921568627,high,high,2015-10-08,true
2025-10-03,11.63,83.1,83.1046648373187,high,high,2015-10-08,true
2025-10-06,11.63,83.1,83.11128526645768,high,high,2015-10-08,true
2025-10-07,11.63,83.1,83.11790050920486,high,high,2015-10-08,true
2025-10-08,11.63,83.1,83.12451057165231,high,high,2015-10-08,true
2025-10-09,11.74,86.1,86.0610806577917,high,high,2015-10-09,true
2025-10-10,11.65,83.5,83.51605324980423,high,high,2015-10-12,true
2025-10-13,11.63,83,83.04620203602192,high,high,2015-10-13,true
2025-10-14,11.7,84.9,84.88645262333594,high,high,2015-10-14,true
2025-10-15,11.82,87.9,87.90133124510572,high,high,2015-10-15,true
2025-10-16,11.97,90.1,90.13312451057165,extreme,high,2015-10-16,true
2025-10-17,11.83,88.1,88.09710258418167,high,high,2015-10-19,true
2025-10-20,11.9,89,89.03680501174628,high,high,2015-10-20,true
2025-10-21,12.03,90.7,90.68128425998434,extreme,high,2015-10-21,true
2025-10-22,12.11,91.2,91.22944400939701,extreme,high,2015-10-22,true
2025-10-23,12.19,91.8,91.8167580266249,extreme,high,2015-10-23,true
2025-10-24,12.24,92,92.01252936570086,extreme,high,2015-10-26,true
2025-10-27,12.35,92.8,92.75646045418951,extreme,high,2015-10-27,true
2025-10-28,12.33,92.5,92.48238057948316,extreme,high,2015-10-28,true
2025-10-29,12.3,92.3,92.2866092404072,extreme,high,2015-10-29,true
2025-10-30,12.25,91.9,91.93422083007047,extreme,high,2015-10-30,true
2025-10-31,12.12,91.1,91.07282693813626,extreme,high,2015-11-02,true
2025-11-03,12.19,91.6,91.62098668754895,extreme,high,2015-11-03,true
2025-11-04,12.25,91.9,91.93422083007047,extreme,high,2015-11-04,true
2025-11-05,12.22,91.8,91.77760375880972,extreme,high,2015-11-05,true
2025-11-06,12.33,92.5,92.48238057948316,extreme,high,2015-11-06,true
2025-11-07,12.29,92.1,92.09083790133124,extreme,high,2015-11-09,true
2025-11-10,12.37,92.8,92.83476898981989,extreme,high,2015-11-10,true
2025-11-11,12.34,92.6,92.56068911511355,extreme,high,2015-11-11,true
2025-11-12,12.44,93.3,93.3046202036022,extreme,high,2015-11-12,true
2025-11-13,12.5,93.6,93.57870007830854,extreme,high,2015-11-13,true
2025-11-14,12.39,92.9,92.91307752545028,extreme,high,2015-11-16,true
2025-11-17,12.29,91.9,91.8950665622553,extreme,high,2015-11-17,true
2025-11-18,12.25,91.6,91.62098668754895,extreme,high,2015-11-18,true
2025-11-19,12.38,92.8,92.83476898981989,extreme,high,2015-11-19,true
2025-11-20,12.37,92.7,92.67815191855912,extreme,high,2015-11-20,true
2025-11-21,12.21,91.2,91.19028974158184,extreme,high,2015-11-23,true
2025-11-24,12.15,90.8,90.8379013312451,extreme,high,2015-11-24,true
2025-11-25,12.22,91.3,91.3469068128426,extreme,high,2015-11-25,true
2025-11-26,12.17,90.9,90.8770555990603,extreme,high,2015-11-26,true
2025-11-27,12.22,91.3,91.3469068128426,extreme,high,2015-11-27,true
2025-11-28,12.17,90.8,90.8379013312451,extreme,high,2015-11-30,true
2025-12-01,12.25,91.5,91.54267815191855,extreme,high,2015-12-01,true
2025-12-02,12.23,91.3,91.30775254502741,extreme,high,2015-12-02,true
2025-12-03,12.15,90.6,90.60297572435395,extreme,high,2015-12-03,true
2025-12-04,12.16,90.6,90.64212999216915,extreme,high,2015-12-04,true
2025-12-05,12.2,90.9,90.91620986687549,extreme,high,2015-12-07,true
2025-12-08,12.24,91.3,91.3469068128426,extreme,high,2015-12-08,true
2025-12-09,12.2,90.9,90.8770555990603,extreme,high,2015-12-09,true
2025-12-10,12.1,89.8,89.78073610023493,high,high,2015-12-10,true
2025-12-11,12.09,89.6,89.62411902897416,high,high,2015-12-11,true
2025-12-12,12.06,89.3,89.31088488645263,high,high,2015-12-14,true
2025-12-15,12.23,91.3,91.26859827721222,extreme,high,2015-12-15,true
2025-12-16,12.12,90,89.97650743931088,high,high,2015-12-16,true
2025-12-17,12.24,91.3,91.3469068128426,extreme,high,2015-12-17,true
2025-12-18,11.88,86.8,86.80501174628034,high,high,2015-12-18,true
2025-12-19,11.86,86.6,86.64839467501957,high,high,2015-12-21,true
2025-12-22,11.9,87.4,87.39232576350823,high,high,2015-12-22,true
2025-12-23,11.95,88.2,88.21456538762725,high,high,2015-12-23,true
2025-12-24,11.92,87.6,87.58809710258419,high,high,2015-12-24,true
2025-12-25,11.93,87.7,87.70555990602976,high,high,2015-12-25,true
2025-12-26,11.92,87.5,87.548942834769,high,high,2015-12-28,true
2025-12-29,11.95,88.2,88.21456538762725,high,high,2015-12-29,true
2025-12-30,11.97,88.5,88.48864526233359,high,high,2015-12-30,true
2025-12-31,11.99,88.8,88.76272513703994,high,high,2015-12-31,true
2026-01-01,11.99,88.8,88.76272513703994,high,high,2016-01-04,true
2026-01-02,11.99,88.8,88.76712328767124,high,high,2016-01-04,true
2026-01-05,12.11,89.8,89.78473581213308,high,high,2016-01-05,true
2026-01-06,12.26,91.6,91.58512720156556,extreme,high,2016-01-06,true
2026-01-07,12.18,90.5,90.52837573385519,extreme,high,2016-01-07,true
2026-01-08,12.12,89.9,89.86301369863014,high,high,2016-01-08,true
2026-01-09,12.17,90.5,90.48923679060665,extreme,high,2016-01-11,true
2026-01-12,12.21,90.9,90.88062622309198,extreme,high,2016-01-12,true
2026-01-13,12.22,91.1,91.11545988258317,extreme,high,2016-01-13,true
2026-01-14,12.1,89.4,89.39334637964775,high,high,2016-01-14,true
2026-01-15,12.05,88.8,88.84540117416829,high,high,2016-01-15,true
2026-01-16,11.91,86.7,86.73189823874755,high,high,2016-01-18,true
2026-01-19,11.89,86.3,86.34050880626222,high,high,2016-01-19,true
2026-01-20,11.92,87,87.00587084148728,high,high,2016-01-20,true
2026-01-21,11.83,85.5,85.47945205479452,high,high,2016-01-21,true
2026-01-22,11.78,84.3,84.26614481409001,high,high,2016-01-22,true
2026-01-23,11.66,81,81.01761252446184,high,high,2016-01-25,true
2026-01-26,11.79,84.5,84.46183953033268,high,high,2016-01-26,true
2026-01-27,11.8,84.7,84.73581213307241,high,high,2016-01-27,true
2026-01-28,11.83,85.5,85.47945205479452,high,high,2016-01-28,true
2026-01-29,12,88.4,88.41487279843444,high,high,2016-01-29,true
2026-01-30,11.9,86.6,86.57534246575342,high,high,2016-02-01,true
2026-02-02,11.72,82.6,82.58317025440313,high,high,2016-02-02,true
2026-02-03,11.71,82.1,82.11350293542074,high,high,2016-02-03,true
2026-02-04,11.85,85.6,85.59686888454013,high,high,2016-02-04,true
2026-02-05,11.84,85.5,85.47945205479452,high,high,2016-02-05,true
2026-02-06,11.79,84.2,84.22700587084148,high,high,2016-02-15,true
2026-02-09,11.91,86.7,86.65884194053208,high,high,2016-02-15,true
2026-02-10,11.93,87.1,87.13335940555338,high,high,2016-02-15,true
2026-02-11,11.95,87.7,87.68569194683347,high,high,2016-02-15,true
2026-02-12,11.89,86.1,86.12739351309105,high,high,2016-02-15,true
2026-02-13,11.71,81.9,81.875,high,high,2016-02-15,true
2026-02-16,11.71,81.9,81.875,high,high,2016-02-16,true
2026-02-17,11.71,81.9,81.875,high,high,2016-02-17,true
2026-02-18,11.71,81.9,81.875,high,high,2016-02-18,true
2026-02-19,11.71,81.9,81.875,high,high,2016-02-19,true
2026-02-20,11.71,81.9,81.875,high,high,2016-02-22,true
2026-02-23,11.71,81.9,81.875,high,high,2016-02-23,true
2026-02-24,11.75,83,83.046875,high,high,2016-02-24,true
2026-02-25,11.77,83.6,83.6328125,high,high,2016-02-25,true
2026-02-26,11.68,80.6,80.625,high,high,2016-02-26,true
2026-02-27,11.69,80.8,80.78125,high,high,2016-02-29,true
2026-03-02,11.85,85.5,85.4630715123095,high,high,2016-03-02,true
2026-03-03,11.97,88,88.00312622118015,high,high,2016-03-03,true
2026-03-04,11.83,85.1,85.11137162954279,high,high,2016-03-04,true
2026-03-05,11.83,85.1,85.11137162954279,high,high,2016-03-07,true
2026-03-06,11.8,84.3,84.2578125,high,high,2016-03-07,true
2026-03-09,11.78,83.6,83.62641656897225,high,high,2016-03-09,true
2026-03-10,11.71,81.6,81.55529503712387,high,high,2016-03-10,true
2026-03-11,11.76,83.1,83.07932786244628,high,high,2016-03-11,true
2026-03-12,11.75,82.7,82.72762797967957,high,high,2016-03-14,true
2026-03-13,11.71,81.5,81.484375,high,high,2016-03-14,true
2026-03-16,11.71,81.5,81.47713950762017,high,high,2016-03-16,true
2026-03-17,11.78,83.6,83.62641656897225,high,high,2016-03-17,true
2026-03-18,11.74,82.4,82.37592809691286,high,high,2016-03-18,true
2026-03-19,11.73,82.3,82.25869480265729,high,high,2016-03-21,true
2026-03-20,11.6,77.9,77.9296875,high,high,2016-03-21,true
2026-03-23,11.29,72.8,72.80187573270808,high,high,2016-03-23,true
2026-03-24,11.37,74.1,74.05236420476749,high,high,2016-03-24,true
2026-03-25,11.44,75.2,75.18561938257132,high,high,2016-03-25,true
2026-03-26,11.37,74,74.01328644001563,high,high,2016-03-28,true
2026-03-27,11.38,74.2,74.21875,high,high,2016-03-28,true
2026-03-30,11.42,74.9,74.87299726455646,high,high,2016-03-30,true
2026-03-31,11.44,75.2,75.18561938257132,high,high,2016-03-31,true
2026-04-01,11.54,76.7,76.70965220789371,high,high,2016-04-01,true
2026-04-02,11.56,76.9,76.90504103165298,high,high,2016-04-05,true
2026-04-03,11.46,75.4,75.390625,high,high,2016-04-05,true
2026-04-06,11.46,75.4,75.390625,high,high,2016-04-06,true
2026-04-07,11.44,75,75.0390625,high,high,2016-04-07,true
2026-04-08,11.56,76.9,76.9140625,high,high,2016-04-08,true
2026-04-09,11.49,75.7,75.7421875,high,high,2016-04-11,true
2026-04-10,11.51,76.1,76.10308473252636,high,high,2016-04-11,true
2026-04-13,11.54,76.6,76.640625,high,high,2016-04-13,true
2026-04-14,11.61,78,78.0078125,high,high,2016-04-14,true
2026-04-15,11.67,79.7,79.7265625,high,high,2016-04-15,true
2026-04-16,11.68,80,80.0390625,high,high,2016-04-18,true
2026-04-17,11.6,77.8,77.82116360796564,high,high,2016-04-18,true
2026-04-20,11.7,80.7,80.6640625,high,high,2016-04-20,true
2026-04-21,11.7,80.7,80.6640625,high,high,2016-04-21,true
2026-04-22,11.65,79,78.984375,high,high,2016-04-22,true
2026-04-23,11.7,80.7,80.6640625,high,high,2016-04-25,true
2026-04-24,11.75,82.7,82.70206950409997,high,high,2016-04-25,true
2026-04-27,11.69,80.1,80.078125,high,high,2016-04-27,true
2026-04-28,11.76,83,83.046875,high,high,2016-04-28,true
2026-04-29,11.78,83.6,83.6328125,high,high,2016-04-29,true
2026-04-30,11.82,84.7,84.6875,high,high,2016-05-03,true
2026-05-04,11.82,84.7,84.6875,high,high,2016-05-04,true
2026-05-05,11.82,84.7,84.6875,high,high,2016-05-05,true
2026-05-06,11.79,83.8,83.7890625,high,high,2016-05-06,true
2026-05-07,11.74,82.1,82.109375,high,high,2016-05-09,true
2026-05-08,11.66,79,78.99258102303787,high,high,2016-05-09,true
2026-05-11,11.74,82.1,82.109375,high,high,2016-05-11,true
2026-05-12,11.75,82.5,82.4609375,high,high,2016-05-12,true
2026-05-13,11.7,80.3,80.2734375,high,high,2016-05-13,true
2026-05-14,11.61,77.3,77.265625,high,high,2016-05-16,true
2026-05-15,11.51,75.2,75.20499804763764,high,high,2016-05-16,true
2026-05-18,11.46,74.3,74.3359375,high,high,2016-05-18,true
2026-05-19,11.54,75.8,75.78125,high,high,2016-05-19,true
2026-05-20,11.46,74.3,74.296875,high,high,2016-05-20,true
2026-05-21,11.35,72,71.9921875,high,high,2016-05-23,true
2026-05-22,11.33,71.7,71.72979304959,high,high,2016-05-23,true
2026-05-25,11.41,73.3,73.28125,high,high,2016-05-25,true
2026-05-26,11.44,73.9,73.8671875,high,high,2016-05-26,true
2026-05-27,11.31,71.4,71.40625,high,high,2016-05-27,true
2026-05-28,11.24,70,69.9609375,mid,high,2016-05-30,true
2026-05-29,11.31,71.4,71.41741507223742,high,high,2016-05-30,true
2026-06-01,11.3,71.2,71.171875,high,high,2016-06-01,true
2026-06-02,11.35,71.9,71.9140625,high,high,2016-06-02,true
2026-06-03,11.34,71.7,71.71875,high,high,2016-06-03,true
2026-06-04,11.22,69.3,69.2578125,mid,high,2016-06-06,true
2026-06-05,11.2,68.7,68.68410777040219,mid,high,2016-06-06,true
2026-06-08,11.21,68.8,68.828125,mid,high,2016-06-08,true
2026-06-09,11.19,68.4,68.4375,mid,high,2016-06-13,true
2026-06-10,11.25,70.1,70.05076142131979,high,high,2016-06-13,true
2026-06-11,11.24,69.8,69.78922716627635,mid,high,2016-06-13,true
2026-06-12,11.4,73.1,73.07842372220054,high,high,2016-06-13,true
2026-06-15,11.62,77.4,77.43950039032006,high,high,2016-06-15,true
2026-06-16,11.48,74.5,74.47306791569088,high,high,2016-06-16,true
2026-06-17,11.46,74.2,74.23887587822014,high,high,2016-06-17,true
2026-06-18,11.33,71.4,71.42857142857143,high,high,2016-06-20,true
2026-06-19,11.33,71.4,71.43971907920405,high,high,2016-06-20,true
2026-06-22,11.57,76.3,76.34660421545667,high,high,2016-06-22,true
2026-06-23,11.41,73.1,73.10694769711164,high,high,2016-06-23,true
2026-06-24,11.36,71.9,71.89695550351288,high,high,2016-06-24,true
2026-06-25,11.36,71.9,71.89695550351288,high,high,2016-06-27,true
2026-06-26,11.14,67.1,67.10885680842762,mid,high,2016-06-27,true
2026-06-29,11.35,71.6,71.62373145979703,high,high,2016-06-29,true
2026-06-30,11.3,70.7,70.68696330991413,high,high,2016-06-30,true
2026-07-01,11.31,70.9,70.92115534738485,high,high,2016-07-01,true
2026-07-02,11.16,67.3,67.25214676034348,mid,high,2016-07-04,true
2026-07-03,11.21,68.3,68.27936012485368,mid,high,2016-07-04,true
2026-07-06,11.34,71.4,71.38953942232631,high,high,2016-07-06,true
2026-07-07,11.3,70.6,70.60889929742389,high,high,2016-07-07,true
2026-07-08,11.36,71.9,71.89695550351288,high,high,2016-07-08,true
2026-07-09,11.49,74.7,74.66822794691647,high,high,2016-07-11,true
2026-07-10,11.42,73.3,73.27350760827156,high,high,2016-07-11,true
2026-07-13,11.43,73.4,73.38017174082748,high,high,2016-07-13,true
2026-07-14,11.56,76,75.99531615925058,high,high,2016-07-14,true
2026-07-15,11.61,77.2,77.24434035909445,high,high,2016-07-15,true
2026-07-16,11.42,73.1,73.14597970335676,high,high,2016-07-18,true
2026-07-17,11.33,70.9,70.93250097541943,high,high,2016-07-18,true
2026-07-20,11.72,81.5,81.45979703356753,high,high,2016-07-20,true
2026-07-21,11.74,82.1,82.08430913348947,high,high,2016-07-21,true
2026-07-22,11.82,84.7,84.69945355191257,high,high,2016-07-22,true
2026-07-23,11.8,84.1,84.11397345823576,high,high,2016-07-25,true
2026-07-24,11.77,83.1,83.10573546625048,high,high,2016-07-25,true
2026-07-27,11.75,82.4,82.35753317720531,high,high,2016-07-27,true
2026-07-28,11.79,83.7,83.72365339578455,high,high,2016-07-28,true
2026-07-29,11.73,81.7,81.65495706479314,high,high,2016-07-29,true
2026-07-30,11.86,85.6,85.55815768930522,high,high,2016-08-01,true
2026-07-31,11.78,83.3,83.33983612953571,high,high,2016-08-01,true
2026-08-03,11.67,78.7,78.72755659640906,high,high,2016-08-03,true
2026-08-04,11.5,74.4,74.35597189695551,high,high,2016-08-04,true
2026-08-05,11.53,74.9,74.94145199063233,high,high,2016-08-05,true
2026-08-06,11.56,75.5,75.52693208430912,high,high,2016-08-08,true
2026-08-07,11.64,77.7,77.6824034334764,high,high,2016-08-08,true
2026-08-10,11.67,78.7,78.72755659640906,high,high,2016-08-10,true
2026-08-11,11.61,76.7,76.73692427790787,high,high,2016-08-11,true
2026-08-12,11.57,75.8,75.76112412177986,high,high,2016-08-12,true
2026-08-13,11.58,76,76.0343481654957,high,high,2016-08-15,true
2026-08-14,11.53,74.7,74.71712836519704,high,high,2016-08-15,true
2026-08-17,11.59,76.2,76.22950819672131,high,high,2016-08-17,true
2026-08-18,11.65,78,77.98594847775175,high,high,2016-08-18,true
2026-08-19,11.61,76.7,76.69789227166277,high,high,2016-08-19,true
2026-08-20,11.55,75.1,75.05854800936767,high,high,2016-08-22,true
2026-08-21,11.56,75.2,75.22434646898166,high,high,2016-08-22,true
2026-08-24,11.58,75.9,75.91725214676033,high,high,2016-08-24,true
2026-08-25,11.6,76.4,76.42466822794691,high,high,2016-08-25,true
2026-08-26,11.67,78.7,78.72755659640906,high,high,2016-08-26,true
2026-08-27,11.7,79.9,79.89851678376269,high,high,2016-08-29,true
2026-08-28,11.72,81.1,81.11587982832617,high,high,2016-08-29,true
2026-08-31,11.88,85.7,85.71428571428571,high,high,2016-08-31,true
2026-09-01,11.26,68.2,68.18891491022639,mid,high,2016-09-01,true
2026-09-02,11.19,66.2,66.19828259172522,mid,high,2016-09-02,true
2026-09-03,11.15,65.3,65.33957845433255,mid,high,2016-09-05,true
2026-09-04,11.18,65.9,65.93835349200155,mid,high,2016-09-05,true
2026-09-07,11.07,63.9,63.934426229508205,mid,high,2016-09-07,true
2026-09-08,11.07,63.9,63.934426229508205,mid,high,2016-09-08,true
2026-09-09,11.09,64.2,64.16861826697892,mid,high,2016-09-09,true
2026-09-10,11.11,64.7,64.6760343481655,mid,high,2016-09-12,true
2026-09-11,11.04,63.2,63.20717908700742,mid,mid,2016-09-12,true
2026-09-14,11.03,63,62.997658079625296,mid,mid,2016-09-14,true
2026-09-15,10.96,61.7,61.74863387978142,mid,mid,2016-09-19,true
2026-09-16,10.97,62,61.997658993367146,mid,mid,2016-09-19,true
2026-09-17,10.91,60.3,60.33541341653667,mid,mid,2016-09-19,true
2026-09-18,10.92,60.7,60.70175438596491,mid,mid,2016-09-19,true
2026-09-21,11.02,62.8,62.83151326053043,mid,mid,2016-09-21,true
2026-09-22,11.06,63.5,63.53354134165367,mid,mid,2016-09-22,true
2026-09-23,10.99,62.2,62.24648985959438,mid,mid,2016-09-23,true
2026-09-24,10.93,60.8,60.8424336973479,mid,mid,2016-09-26,true
2026-09-25,10.93,60.9,60.85769980506822,mid,mid,2016-09-26,true
2026-09-28,10.88,59.1,59.12636505460218,mid,mid,2016-09-28,true
2026-09-29,10.88,59.1,59.12636505460218,mid,mid,2016-09-29,true
2026-09-30,10.95,61.2,61.15444617784711,mid,mid,2016-09-30,true
