date,pe_ttm,percentile,exact,raw_band,band,window_start,full_window
2011-06-28,14.32,,,,,,false
2011-07-15,14.75,,,,,,false
2011-07-18,14.69,,,,,,false
2011-07-19,16.53,,,,,,false
2011-07-20,16.55,,,,,,false
2011-07-21,16.4,,,,,,false
2011-07-22,16.43,,,,,,false
2011-07-25,15.97,,,,,,false
2011-07-26,16.06,,,,,,false
2011-07-27,16.16,,,,,,false
2011-07-28,16.08,,,,,,false
2011-07-29,16.06,,,,,,false
2011-08-01,16.06,,,,,,false
2011-08-02,16.06,,,,,,false
2011-08-03,15.92,,,,,,false
2011-08-04,15.92,,,,,,false
2011-08-05,15.64,,,,,,false
2011-08-08,15.1,,,,,,false
2011-08-09,15.12,,,,,,false
2011-08-10,15.24,,,,,,false
2011-08-11,15.43,,,,,,false
2011-08-12,15.48,,,,,,false
2011-08-15,15.67,,,,,,false
2011-08-16,15.56,,,,,,false
2011-08-17,15.52,,,,,,false
2011-08-18,15.26,,,,,,false
2011-08-19,15.12,,,,,,false
2011-08-22,14.99,,,,,,false
2011-08-23,15.21,,,,,,false
2011-08-24,15.14,,,,,,false
2011-08-25,15.62,,,,,,false
2011-08-26,15.6,,,,,,false
2011-08-29,15.37,,,,,,false
2011-08-30,15.33,,,,,,false
2011-08-31,15.35,,,,,,false
2011-09-01,15.29,,,,,,false
2011-09-02,15.13,,,,,,false
2011-09-05,14.84,,,,,,false
2011-09-06,14.78,,,,,,false
2011-09-07,15.04,,,,,,false
2011-09-08,14.95,,,,,,false
2011-09-09,14.95,,,,,,false
2011-09-12,14.95,,,,,,false
2011-09-13,14.8,,,,,,false
2011-09-14,14.86,,,,,,false
2011-09-15,14.83,,,,,,false
2011-09-16,14.85,,,,,,false
2011-09-19,14.59,,,,,,false
2011-09-20,14.64,,,,,,false
2011-09-21,15.03,,,,,,false
2011-09-22,14.61,,,,,,false
2011-09-23,14.55,,,,,,false
2011-09-26,14.3,,,,,,false
2011-09-27,14.44,,,,,,false
2011-09-28,14.33,,,,,,false
2011-09-29,14.25,,,,,,false
2011-10-03,14.21,,,,,,false
2011-10-04,14.21,,,,,,false
2011-10-05,14.21,,,,,,false
2011-10-06,14.21,,,,,,false
2011-10-07,14.21,,,,,,false
2011-10-10,14.12,,,,,,false
2011-10-11,14.13,,,,,,false
2011-10-12,14.55,,,,,,false
2011-10-13,14.65,,,,,,false
2011-10-14,14.61,,,,,,false
2011-10-17,14.68,,,,,,false
2011-10-18,14.35,,,,,,false
2011-10-19,14.31,,,,,,false
2011-10-20,14.03,,,,,,false
2011-10-21,13.97,,,,,,false
2011-10-24,14.3,,,,,,false
2011-10-25,14.53,,,,,,false
2011-10-26,14.64,,,,,,false
2011-10-27,14.69,,,,,,false
2011-10-28,14.91,,,,,,false
2011-10-31,14.85,,,,,,false
2011-11-01,14.84,,,,,,false
2011-11-02,15.04,,,,,,false
2011-11-03,15.08,,,,,,false
2011-11-04,15.21,,,,,,false
2011-11-07,15.08,,,,,,false
2011-11-08,15.07,,,,,,false
2011-11-09,15.18,,,,,,false
2011-11-10,14.91,,,,,,false
2011-11-11,14.91,,,,,,false
2011-11-14,15.19,,,,,,false
2011-11-15,15.16,,,,,,false
2011-11-16,14.78,,,,,,false
2011-11-17,14.75,,,,,,false
2011-11-18,14.49,,,,,,false
2011-11-21,14.49,,,,,,false
2011-11-22,14.48,,,,,,false
2011-11-23,14.37,,,,,,false
2011-11-24,14.39,,,,,,false
2011-11-25,11.56,,,,,,false
2011-11-28,11.58,,,,,,false
2011-11-29,11.72,,,,,,false
2011-11-30,11.36,,,,,,false
2011-12-01,11.64,,,,,,false
2011-12-02,11.54,,,,,,false
2011-12-05,11.44,,,,,,false
2011-12-06,11.41,,,,,,false
2011-12-07,11.44,,,,,,false
2011-12-08,11.42,,,,,,false
2011-12-09,11.36,,,,,,false
2011-12-12,11.24,,,,,,false
2011-12-13,11.06,,,,,,false
2011-12-14,10.98,,,,,,false
2011-12-15,10.75,,,,,,false
2011-12-16,10.96,,,,,,false
2011-12-19,10.92,,,,,,false
2011-12-20,10.91,,,,,,false
2011-12-21,10.8,,,,,,false
2011-12-22,10.82,,,,,,false
2011-12-23,10.9,,,,,,false
2011-12-26,10.81,,,,,,false
2011-12-27,10.71,,,,,,false
2011-12-28,10.74,,,,,,false
2011-12-29,10.77,,,,,,false
2011-12-30,10.89,,,,,,false
2012-03-08,12.09,,,,,,false
2012-03-09,12.19,,,,,,false
2012-03-12,12.14,,,,,,false
2012-03-13,12.24,,,,,,false
2012-03-14,11.96,,,,,,false
2012-03-15,11.89,,,,,,false
2012-03-16,11.94,,,,,,false
2012-03-19,11.93,,,,,,false
2012-03-20,11.73,,,,,,false
2012-03-21,11.73,,,,,,false
2012-03-22,11.72,,,,,,false
2012-03-23,11.61,,,,,,false
2012-04-05,11.44,,,,,,false
2012-04-06,11.61,,,,,,false
2012-04-09,11.51,,,,,,false
2012-04-10,11.6,,,,,,false
2012-04-11,11.85,,,,,,false
2012-04-12,11.82,,,,,,false
2012-04-13,11.85,,,,,,false
2012-04-16,11.83,,,,,,false
2012-04-17,11.72,,,,,,false
2012-04-18,11.95,,,,,,false
2012-04-19,11.92,,,,,,false
2012-04-20,12.06,,,,,,false
2012-04-23,11.94,,,,,,false
2012-04-26,12.04,,,,,,false
2012-04-27,12.03,,,,,,false
2012-05-02,12.27,,,,,,false
2012-05-03,12.32,,,,,,false
2012-05-04,12.36,,,,,,false
2012-05-07,12.36,,,,,,false
2012-05-08,12.33,,,,,,false
2012-05-09,12.11,,,,,,false
2012-05-10,12.11,,,,,,false
2012-05-11,12.03,,,,,,false
2012-05-14,11.94,,,,,,false
2012-05-15,11.92,,,,,,false
2012-05-16,11.92,,,,,,false
2012-05-17,11.92,,,,,,false
2012-05-18,11.74,,,,,,false
2012-05-21,11.79,,,,,,false
2012-05-22,11.88,,,,,,false
2012-05-23,11.81,,,,,,false
2012-05-24,11.81,,,,,,false
2012-05-25,11.73,,,,,,false
2012-05-28,11.87,,,,,,false
2012-05-29,12,,,,,,false
2012-05-30,11.98,,,,,,false
2012-05-31,11.92,,,,,,false
2012-06-01,11.92,,,,,,false
2012-06-04,11.61,,,,,,false
2012-06-08,13.5,,,,,,false
2012-06-11,11.6,,,,,,false
2012-06-12,11.51,,,,,,false
2012-06-13,11.64,,,,,,false
2012-06-14,11.52,,,,,,false
2012-06-15,11.59,,,,,,false
2012-06-18,11.62,,,,,,false
2012-06-19,11.5,,,,,,false
2012-06-20,11.5,,,,,,false
2012-06-21,11.33,,,,,,false
2012-06-25,11.16,,,,,,false
2012-06-26,11.15,,,,,,false
2012-06-27,11.13,,,,,,false
2012-06-28,11.04,,,,,,false
2012-06-29,11.19,,,,,,false
2012-07-02,11.35,,,,,,false
2012-07-03,11.37,,,,,,false
2012-07-04,11.41,,,,,,false
2012-07-05,11.24,,,,,,false
2012-07-06,11.37,,,,,,false
2012-07-09,11.11,,,,,,false
2012-07-10,11.09,,,,,,false
2012-07-11,11.15,,,,,,false
2012-07-12,11.21,,,,,,false
2012-07-13,11.23,,,,,,false
2012-07-16,11.06,,,,,,false
2012-07-17,11.12,,,,,,false
2012-07-18,11.14,,,,,,false
2012-07-19,11.19,,,,,,false
2012-07-20,11.19,,,,,,false
2012-07-23,10.95,,,,,,false
2012-07-24,10.98,,,,,,false
2012-07-26,10.88,,,,,,false
2012-07-27,10.9,,,,,,false
2012-07-30,10.84,,,,,,false
2012-07-31,10.86,,,,,,false
2012-08-01,10.96,,,,,,false
2012-08-02,10.88,,,,,,false
2012-08-03,10.97,,,,,,false
2012-08-06,11.07,,,,,,false
2012-08-07,11.07,,,,,,false
2012-08-08,11.09,,,,,,false
2012-08-09,11.17,,,,,,false
2012-08-10,11.12,,,,,,false
2012-08-13,10.96,,,,,,false
2012-08-14,10.98,,,,,,false
2012-08-15,10.87,,,,,,false
2012-08-16,10.84,,,,,,false
2012-08-17,10.83,,,,,,false
2012-08-20,10.78,,,,,,false
2012-08-21,10.82,,,,,,false
2012-08-22,10.76,,,,,,false
2012-08-23,10.77,,,,,,false
2012-08-24,10.67,,,,,,false
2012-08-27,10.51,,,,,,false
2012-08-28,10.57,,,,,,false
2012-08-29,10.48,,,,,,false
2012-08-30,10.49,,,,,,false
2012-08-31,10.2,,,,,,false
2012-09-04,10.18,,,,,,false
2012-09-05,10.14,,,,,,false
2012-09-06,10.2,,,,,,false
2012-09-07,10.6,,,,,,false
2012-09-10,10.63,,,,,,false
2012-09-11,10.56,,,,,,false
2012-09-12,10.58,,,,,,false
2012-09-13,10.5,,,,,,false
2012-09-14,10.58,,,,,,false
2012-09-17,10.37,,,,,,false
2012-09-18,10.26,,,,,,false
2012-09-19,10.29,,,,,,false
2012-09-20,10.09,,,,,,false
2012-09-21,10.11,,,,,,false
2012-09-24,10.15,,,,,,false
2012-09-25,10.14,,,,,,false
2012-09-26,10.03,,,,,,false
2012-09-27,10.31,,,,,,false
2012-09-28,10.47,,,,,,false
2012-10-08,10.39,,,,,,false
2012-10-09,10.59,,,,,,false
2012-10-10,10.6,,,,,,false
2012-10-11,10.52,,,,,,false
2012-10-12,10.54,,,,,,false
2012-10-15,10.51,,,,,,false
2012-10-16,10.51,,,,,,false
2012-10-17,10.54,,,,,,false
2012-10-18,10.67,,,,,,false
2012-10-19,10.65,,,,,,false
2012-10-22,10.68,,,,,,false
2012-10-23,10.57,,,,,,false
2012-10-24,10.56,,,,,,false
2012-10-25,10.49,,,,,,false
2012-10-26,10.32,,,,,,false
2012-10-29,10.29,,,,,,false
2012-10-30,10.31,,,,,,false
2012-10-31,10.23,,,,,,false
2012-11-01,10.41,,,,,,false
2012-11-02,10.46,,,,,,false
2012-11-05,10.44,,,,,,false
2012-11-06,10.41,,,,,,false
2012-11-07,10.4,,,,,,false
2012-11-08,10.25,,,,,,false
2012-11-09,10.23,,,,,,false
2012-11-12,10.27,,,,,,false
2012-11-13,10.12,,,,,,false
2012-11-14,10.16,,,,,,false
2012-11-15,10.05,,,,,,false
2012-11-16,9.97,,,,,,false
2012-11-19,9.96,,,,,,false
2012-11-20,9.92,,,,,,false
2012-11-21,10.03,,,,,,false
2012-11-22,9.96,,,,,,false
2012-11-23,10.02,,,,,,false
2012-11-26,9.96,,,,,,false
2012-11-27,9.89,,,,,,false
2012-11-28,9.83,,,,,,false
2012-11-29,9.78,,,,,,false
2012-11-30,9.85,,,,,,false
2012-12-03,9.75,,,,,,false
2012-12-04,9.83,,,,,,false
2012-12-05,10.11,,,,,,false
2012-12-06,10.09,,,,,,false
2012-12-07,10.24,,,,,,false
2012-12-10,10.34,,,,,,false
2012-12-11,10.3,,,,,,false
2012-12-12,10.34,,,,,,false
2012-12-13,10.24,,,,,,false
2012-12-14,10.7,,,,,,false
2012-12-17,10.73,,,,,,false
2012-12-18,10.75,,,,,,false
2012-12-19,10.75,,,,,,false
2012-12-20,10.79,,,,,,false
2012-12-21,10.71,,,,,,false
2012-12-24,10.73,,,,,,false
2012-12-25,11.01,,,,,,false
2012-12-26,11.03,,,,,,false
2012-12-27,10.97,,,,,,false
2012-12-28,11.11,,,,,,false
2012-12-31,11.3,,,,,,false
2013-01-04,11.38,,,,,,false
2013-01-07,11.4,,,,,,false
2013-01-08,11.34,,,,,,false
2013-01-09,11.34,,,,,,false
2013-01-10,11.35,,,,,,false
2013-01-11,11.22,,,,,,false
2013-01-14,11.58,,,,,,false
2013-01-15,11.63,,,,,,false
2013-01-16,11.54,,,,,,false
2013-01-17,11.42,,,,,,false
2013-01-18,11.58,,,,,,false
2013-01-21,11.62,,,,,,false
2013-01-22,11.57,,,,,,false
2013-01-23,11.6,,,,,,false
2013-01-24,11.53,,,,,,false
2013-01-25,11.46,,,,,,false
2013-01-28,11.75,,,,,,false
2013-01-29,11.81,,,,,,false
2013-01-30,11.94,,,,,,false
2013-01-31,11.95,,,,,,false
2013-02-01,12.15,,,,,,false
2013-02-04,12.19,,,,,,false
2013-02-05,12.22,,,,,,false
2013-02-06,12.23,,,,,,false
2013-02-07,12.14,,,,,,false
2013-02-08,12.21,,,,,,false
2013-02-18,12.11,,,,,,false
2013-02-19,11.9,,,,,,false
2013-02-20,11.96,,,,,,false
2013-02-21,11.58,,,,,,false
2013-02-22,11.52,,,,,,false
2013-02-25,11.57,,,,,,false
2013-02-26,11.41,,,,,,false
2013-02-27,11.52,,,,,,false
2013-02-28,11.79,,,,,,false
2013-03-01,11.76,,,,,,false
2013-03-04,11.31,,,,,,false
2013-03-05,11.59,,,,,,false
2013-03-06,11.67,,,,,,false
2013-03-07,11.55,,,,,,false
2013-03-08,11.52,,,,,,false
2013-03-11,11.48,,,,,,false
2013-03-12,11.37,,,,,,false
2013-03-13,11.26,,,,,,false
2013-03-14,11.3,,,,,,false
2013-03-15,11.35,,,,,,false
2013-03-18,11.15,,,,,,false
2013-03-19,11.24,,,,,,false
2013-03-20,11.56,,,,,,false
2013-03-21,11.58,,,,,,false
2013-03-22,11.59,,,,,,false
2013-03-25,11.58,,,,,,false
2013-03-26,11.43,,,,,,false
2013-03-27,11.44,,,,,,false
2013-03-28,11.12,,,,,,false
2013-03-29,11.11,,,,,,false
2013-04-01,11.1,,,,,,false
2013-04-02,11.07,,,,,,false
2013-04-03,11.07,,,,,,false
2013-04-08,11.01,,,,,,false
2013-04-09,11.07,,,,,,false
2013-04-10,11.07,,,,,,false
2013-04-11,11.04,,,,,,false
2013-04-12,10.98,,,,,,false
2013-04-15,10.86,,,,,,false
2013-04-16,10.93,,,,,,false
2013-04-17,10.92,,,,,,false
2013-04-18,10.95,,,,,,false
2013-04-19,11.19,,,,,,false
2013-04-22,11.17,,,,,,false
2013-04-23,10.87,,,,,,false
2013-04-24,11.04,,,,,,false
2013-04-25,10.95,,,,,,false
2013-04-26,10.86,,,,,,false
2013-04-29,10.86,,,,,,false
2013-04-30,10.86,,,,,,false
2013-05-02,10.44,,,,,,false
2013-05-03,10.56,,,,,,false
2013-05-06,10.6,,,,,,false
2013-05-07,10.61,,,,,,false
2013-05-08,10.66,,,,,,false
2013-05-09,10.6,,,,,,false
2013-05-10,10.64,,,,,,false
2013-05-13,10.6,,,,,,false
2013-05-14,10.46,,,,,,false
2013-05-15,10.49,,,,,,false
2013-05-16,10.64,,,,,,false
2013-05-17,10.8,,,,,,false
2013-05-20,10.86,,,,,,false
2013-05-21,10.87,,,,,,false
2013-05-22,10.84,,,,,,false
2013-05-23,10.71,,,,,,false
2013-05-24,10.76,,,,,,false
2013-05-27,10.75,,,,,,false
2013-05-28,10.9,,,,,,false
2013-05-29,10.9,,,,,,false
2013-05-30,10.86,,,,,,false
2013-05-31,10.76,,,,,,false
2013-06-03,10.76,,,,,,false
2013-06-04,10.64,,,,,,false
2013-06-05,10.63,,,,,,false
2013-06-06,10.5,,,,,,false
2013-06-07,10.33,,,,,,false
2013-06-13,10.03,,,,,,false
2013-06-14,10.09,,,,,,false
2013-06-17,10.04,,,,,,false
2013-06-18,10.06,,,,,,false
2013-06-19,9.87,,,,,,false
2013-06-20,9.53,,,,,,false
2013-06-21,9.49,,,,,,false
2013-06-24,8.97,,,,,,false
2013-06-25,8.96,,,,,,false
2013-06-26,8.91,,,,,,false
2013-06-27,8.92,,,,,,false
2013-06-28,9.09,,,,,,false
2013-07-01,9.52,,,,,,false
2013-07-02,9.57,,,,,,false
2013-07-03,9.37,,,,,,false
2013-07-04,9.42,,,,,,false
2013-07-05,9.44,,,,,,false
2013-07-08,9.23,,,,,,false
2013-07-09,9.25,,,,,,false
2013-07-10,9.43,,,,,,false
2013-07-11,9.76,,,,,,false
2013-07-12,9.59,,,,,,false
2013-07-15,9.68,,,,,,false
2013-07-16,9.7,,,,,,false
2013-07-17,9.59,,,,,,false
2013-07-18,9.46,,,,,,false
2013-07-19,9.32,,,,,,false
2013-07-22,9.36,,,,,,false
2013-07-23,9.56,,,,,,false
2013-07-24,9.47,,,,,,false
2013-07-25,9.43,,,,,,false
2013-07-26,9.37,,,,,,false
2013-07-29,9.2,,,,,,false
2013-07-30,9.28,,,,,,false
2013-07-31,9.28,,,,,,false
2013-08-01,9.64,,,,,,false
2013-08-02,9.63,,,,,,false
2013-08-05,9.73,,,,,,false
2013-08-06,9.78,,,,,,false
2013-08-07,9.71,,,,,,false
2013-08-08,9.7,,,,,,false
2013-08-09,9.73,,,,,,false
2013-08-12,9.98,,,,,,false
2013-08-13,9.99,,,,,,false
2013-08-14,9.96,,,,,,false
2013-08-15,9.86,,,,,,false
2013-08-16,9.82,,,,,,false
2013-08-19,9.89,,,,,,false
2013-08-20,9.81,,,,,,false
2013-08-21,9.8,,,,,,false
2013-08-22,9.77,,,,,,false
2013-08-23,9.71,,,,,,false
2013-08-26,9.89,,,,,,false
2013-08-27,9.89,,,,,,false
2013-08-28,9.85,,,,,,false
2013-08-29,9.82,,,,,,false
2013-08-30,9.8,,,,,,false
2013-09-02,9.51,,,,,,false
2013-09-03,9.63,,,,,,false
2013-09-04,9.63,,,,,,false
2013-09-05,9.56,,,,,,false
2013-09-06,9.61,,,,,,false
2013-09-09,9.97,,,,,,false
2013-09-10,10.06,,,,,,false
2013-09-11,10.08,,,,,,false
2013-09-12,10.15,,,,,,false
2013-09-13,10.08,,,,,,false
2013-09-16,10.05,,,,,,false
2013-09-17,9.85,,,,,,false
2013-09-18,9.85,,,,,,false
2013-09-23,10.04,,,,,,false
2013-09-24,9.95,,,,,,false
2013-09-25,9.9,,,,,,false
2013-09-26,9.74,,,,,,false
2013-09-27,9.77,,,,,,false
2013-09-30,9.81,,,,,,false
2013-10-08,9.92,,,,,,false
2013-10-09,9.94,,,,,,false
2013-10-10,9.84,,,,,,false
2013-10-11,9.98,,,,,,false
2013-10-14,10.01,,,,,,false
2013-10-15,9.98,,,,,,false
2013-10-16,9.83,,,,,,false
2013-10-17,9.82,,,,,,false
2013-10-18,9.85,,,,,,false
2013-10-21,10,,,,,,false
2013-10-22,9.91,,,,,,false
2013-10-23,9.82,,,,,,false
2013-10-24,9.74,,,,,,false
2013-10-25,9.61,,,,,,false
2013-10-28,9.61,,,,,,false
2013-10-29,9.65,,,,,,false
2013-10-30,9.79,,,,,,false
2013-10-31,9.71,,,,,,false
2013-11-01,9.41,,,,,,false
2013-11-04,9.4,,,,,,false
2013-11-05,9.41,,,,,,false
2013-11-06,9.32,,,,,,false
2013-11-07,9.29,,,,,,false
2013-11-08,9.2,,,,,,false
2013-11-11,9.22,,,,,,false
2013-11-12,9.3,,,,,,false
2013-11-13,9.12,,,,,,false
2013-11-14,9.17,,,,,,false
2013-11-15,9.31,,,,,,false
2013-11-18,9.58,,,,,,false
2013-11-19,9.54,,,,,,false
2013-11-20,9.59,,,,,,false
2013-11-21,9.57,,,,,,false
2013-11-22,9.54,,,,,,false
2013-11-25,9.48,,,,,,false
2013-11-26,9.46,,,,,,false
2013-11-27,9.54,,,,,,false
2013-11-28,9.64,,,,,,false
2013-11-29,9.62,,,,,,false
2013-12-02,9.64,,,,,,false
2013-12-03,9.69,,,,,,false
2013-12-04,9.78,,,,,,false
2013-12-05,9.75,,,,,,false
2013-12-06,9.71,,,,,,false
2013-12-09,9.71,,,,,,false
2013-12-10,9.7,,,,,,false
2013-12-11,9.55,,,,,,false
2013-12-12,9.54,,,,,,false
2013-12-13,9.5,,,,,,false
2013-12-16,9.55,,,,,,false
2013-12-17,9.5,,,,,,false
2013-12-18,9.5,,,,,,false
2013-12-19,9.45,,,,,,false
2013-12-20,9.24,,,,,,false
2013-12-23,9.28,,,,,,false
2013-12-24,9.29,,,,,,false
2013-12-25,9.35,,,,,,false
2013-12-26,9.2,,,,,,false
2013-12-27,9.33,,,,,,false
2013-12-30,9.3,,,,,,false
2013-12-31,9.4,,,,,,false
2014-01-02,9.39,,,,,,false
2014-01-03,9.28,,,,,,false
2014-01-06,9.13,,,,,,false
2014-01-07,9.12,,,,,,false
2014-01-08,9.11,,,,,,false
2014-01-09,9.04,,,,,,false
2014-01-10,8.98,,,,,,false
2014-01-13,8.96,,,,,,false
2014-01-14,9.03,,,,,,false
2014-01-15,9.01,,,,,,false
2014-01-16,9,,,,,,false
2014-01-17,8.94,,,,,,false
2014-01-20,8.87,,,,,,false
2014-01-21,8.94,,,,,,false
2014-01-22,9.13,,,,,,false
2014-01-23,9.07,,,,,,false
2014-01-24,9.12,,,,,,false
2014-01-27,9,,,,,,false
2014-01-28,9.03,,,,,,false
2014-01-29,9.07,,,,,,false
2014-01-30,8.98,,,,,,false
2014-02-07,9,,,,,,false
2014-02-10,9.19,,,,,,false
2014-02-11,9.26,,,,,,false
2014-02-12,9.27,,,,,,false
2014-02-13,9.25,,,,,,false
2014-02-14,9.3,,,,,,false
2014-02-17,9.36,,,,,,false
2014-02-18,9.26,,,,,,false
2014-02-19,9.39,,,,,,false
2014-02-20,9.38,,,,,,false
2014-02-21,9.26,,,,,,false
2014-02-24,9.06,,,,,,false
2014-02-25,8.89,,,,,,false
2014-02-26,8.92,,,,,,false
2014-02-27,8.94,,,,,,false
2014-02-28,9,,,,,,false
2014-03-03,9.04,,,,,,false
2014-03-04,9.01,,,,,,false
2014-03-05,8.92,,,,,,false
2014-03-06,8.96,,,,,,false
2014-03-07,8.96,,,,,,false
2014-03-10,8.72,,,,,,false
2014-03-11,8.74,,,,,,false
2014-03-12,8.73,,,,,,false
2014-03-13,8.83,,,,,,false
2014-03-14,8.76,,,,,,false
2014-03-17,8.83,,,,,,false
2014-03-18,8.82,,,,,,false
2014-03-19,8.78,,,,,,false
2014-03-20,8.67,,,,,,false
2014-03-21,8.93,,,,,,false
2014-03-24,9,,,,,,false
2014-03-25,8.99,,,,,,false
2014-03-26,8.97,,,,,,false
2014-03-27,8.9,,,,,,false
2014-03-28,8.91,,,,,,false
2014-03-31,8.9,,,,,,false
2014-04-01,8.95,,,,,,false
2014-04-02,9.01,,,,,,false
2014-04-03,8.95,,,,,,false
2014-04-04,9.01,,,,,,false
2014-04-08,9.24,,,,,,false
2014-04-09,9.25,,,,,,false
2014-04-10,9.39,,,,,,false
2014-04-11,9.38,,,,,,false
2014-04-14,9.37,,,,,,false
2014-04-15,9.22,,,,,,false
2014-04-16,9.23,,,,,,false
2014-04-17,9.21,,,,,,false
2014-04-18,9.19,,,,,,false
2014-04-21,9.06,,,,,,false
2014-04-22,9.1,,,,,,false
2014-04-23,9.09,,,,,,false
2014-04-24,9.06,,,,,,false
2014-04-25,8.98,,,,,,false
2014-04-28,8.88,,,,,,false
2014-04-29,8.95,,,,,,false
2014-04-30,8.91,,,,,,false
2014-05-05,8.65,,,,,,false
2014-05-06,8.64,,,,,,false
2014-05-07,8.58,,,,,,false
2014-05-08,8.58,,,,,,false
2014-05-09,8.58,,,,,,false
2014-05-12,8.75,,,,,,false
2014-05-13,8.74,,,,,,false
2014-05-14,8.74,,,,,,false
2014-05-15,8.65,,,,,,false
2014-05-16,8.65,,,,,,false
2014-05-19,8.55,,,,,,false
2014-05-20,8.56,,,,,,false
2014-05-21,8.64,,,,,,false
2014-05-22,8.62,,,,,,false
2014-05-23,8.68,,,,,,false
2014-05-26,8.7,,,,,,false
2014-05-27,8.67,,,,,,false
2014-05-28,8.74,,,,,,false
2014-05-29,8.71,,,,,,false
2014-05-30,8.71,,,,,,false
2014-06-03,8.71,,,,,,false
2014-06-04,8.64,,,,,,false
2014-06-05,8.71,,,,,,false
2014-06-06,8.65,,,,,,false
2014-06-09,8.66,,,,,,false
2014-06-10,8.76,,,,,,false
2014-06-11,8.76,,,,,,false
2014-06-12,8.74,,,,,,false
2014-06-13,8.83,,,,,,false
2014-06-16,9.05,,,,,,false
2014-06-17,8.97,,,,,,false
2014-06-18,8.92,,,,,,false
2014-06-19,8.8,,,,,,false
2014-06-20,8.8,,,,,,false
2014-06-23,8.78,,,,,,false
2014-06-24,8.82,,,,,,false
2014-06-25,8.78,,,,,,false
2014-06-26,8.83,,,,,,false
2014-06-27,8.81,,,,,,false
2014-06-30,8.86,,,,,,false
2014-07-01,8.85,,,,,,false
2014-07-02,8.88,,,,,,false
2014-07-03,8.9,,,,,,false
2014-07-04,8.89,,,,,,false
2014-07-07,8.89,,,,,,false
2014-07-08,8.9,,,,,,false
2014-07-09,8.78,,,,,,false
2014-07-10,8.77,,,,,,false
2014-07-11,8.79,,,,,,false
2014-07-14,8.87,,,,,,false
2014-07-15,8.89,,,,,,false
2014-07-16,8.88,,,,,,false
2014-07-17,8.82,,,,,,false
2014-07-18,8.84,,,,,,false
2014-07-21,8.84,,,,,,false
2014-07-22,8.93,,,,,,false
2014-07-23,8.95,,,,,,false
2014-07-24,9.09,,,,,,false
2014-07-25,9.19,,,,,,false
2014-07-28,9.43,,,,,,false
2014-07-29,9.45,,,,,,false
2014-07-30,9.43,,,,,,false
2014-07-31,9.53,,,,,,false
2014-08-01,9.46,,,,,,false
2014-08-04,9.63,,,,,,false
2014-08-05,9.6,,,,,,false
2014-08-06,9.58,,,,,,false
2014-08-07,9.43,,,,,,false
2014-08-08,9.45,,,,,,false
2014-08-11,9.58,,,,,,false
2014-08-12,9.55,,,,,,false
2014-08-13,9.56,,,,,,false
2014-08-14,9.48,,,,,,false
2014-08-15,9.57,,,,,,false
2014-08-18,9.61,,,,,,false
2014-08-19,9.63,,,,,,false
2014-08-20,9.6,,,,,,false
2014-08-21,9.54,,,,,,false
2014-08-22,9.58,,,,,,false
2014-08-25,9.53,,,,,,false
2014-08-26,9.45,,,,,,false
2014-08-27,9.46,,,,,,false
2014-08-28,9.41,,,,,,false
2014-08-29,9.5,,,,,,false
2014-09-01,9.27,,,,,,false
2014-09-02,9.38,,,,,,false
2014-09-03,9.48,,,,,,false
2014-09-04,9.55,,,,,,false
2014-09-05,9.64,,,,,,false
2014-09-09,9.62,,,,,,false
2014-09-10,9.56,,,,,,false
2014-09-11,9.52,,,,,,false
2014-09-12,9.59,,,,,,false
2014-09-15,9.58,,,,,,false
2014-09-16,9.43,,,,,,false
2014-09-17,9.46,,,,,,false
2014-09-18,9.49,,,,,,false
2014-09-19,9.53,,,,,,false
2014-09-22,9.35,,,,,,false
2014-09-23,9.42,,,,,,false
2014-09-24,9.56,,,,,,false
2014-09-25,9.56,,,,,,false
2014-09-26,9.55,,,,,,false
2014-09-29,9.59,,,,,,false
2014-09-30,9.6,,,,,,false
2014-10-08,9.68,,,,,,false
2014-10-09,9.7,,,,,,false
2014-10-10,9.64,,,,,,false
2014-10-13,9.59,,,,,,false
2014-10-14,9.56,,,,,,false
2014-10-15,9.62,,,,,,false
2014-10-16,9.58,,,,,,false
2014-10-17,9.55,,,,,,false
2014-10-20,9.59,,,,,,false
2014-10-21,9.53,,,,,,false
2014-10-22,9.49,,,,,,false
2014-10-23,9.41,,,,,,false
2014-10-24,9.38,,,,,,false
2014-10-27,9.3,,,,,,false
2014-10-28,9.47,,,,,,false
2014-10-29,9.6,,,,,,false
2014-10-30,9.68,,,,,,false
2014-10-31,9.84,,,,,,false
2014-11-03,9.61,,,,,,false
2014-11-04,9.61,,,,,,false
2014-11-05,9.56,,,,,,false
2014-11-06,9.57,,,,,,false
2014-11-07,9.55,,,,,,false
2014-11-10,9.79,,,,,,false
2014-11-11,9.84,,,,,,false
2014-11-12,9.91,,,,,,false
2014-11-13,9.88,,,,,,false
2014-11-14,9.87,,,,,,false
2014-11-17,9.82,,,,,,false
2014-11-18,9.71,,,,,,false
2014-11-19,9.69,,,,,,false
2014-11-20,9.69,,,,,,false
2014-11-21,9.84,,,,,,false
2014-11-24,10.05,,,,,,false
2014-11-25,10.19,,,,,,false
2014-11-26,10.35,,,,,,false
2014-11-27,10.46,,,,,,false
2014-11-28,10.72,,,,,,false
2014-12-01,10.75,,,,,,false
2014-12-02,11.13,,,,,,false
2014-12-03,11.22,,,,,,false
2014-12-04,11.78,,,,,,false
2014-12-05,12.03,,,,,,false
2014-12-08,12.42,,,,,,false
2014-12-09,11.73,,,,,,false
2014-12-10,12.08,,,,,,false
2014-12-11,11.95,,,,,,false
2014-12-12,11.99,,,,,,false
2014-12-15,12.23,,,,,,false
2014-12-16,12.56,,,,,,false
2014-12-17,12.78,,,,,,false
2014-12-18,12.73,,,,,,false
2014-12-19,12.95,,,,,,false
2014-12-22,13.15,,,,,,false
2014-12-23,12.77,,,,,,false
2014-12-24,12.4,,,,,,false
2014-12-25,12.84,,,,,,false
2014-12-26,13.26,,,,,,false
2014-12-29,13.33,,,,,,false
2014-12-30,13.38,,,,,,false
2014-12-31,13.71,,,,,,false
2015-01-05,14.28,,,,,,false
2015-01-06,14.29,,,,,,false
2015-01-07,14.37,,,,,,false
2015-01-08,14.01,,,,,,false
2015-01-09,13.99,,,,,,false
2015-01-12,13.8,,,,,,false
2015-01-13,13.81,,,,,,false
2015-01-14,13.82,,,,,,false
2015-01-15,14.33,,,,,,false
2015-01-16,14.5,,,,,,false
2015-01-19,13.32,,,,,,false
2015-01-20,13.52,,,,,,false
2015-01-21,14.2,,,,,,false
2015-01-22,14.25,,,,,,false
2015-01-23,14.3,,,,,,false
2015-01-26,14.5,,,,,,false
2015-01-27,14.32,,,,,,false
2015-01-28,14.08,,,,,,false
2015-01-29,13.88,,,,,,false
2015-01-30,13.65,,,,,,false
2015-02-02,13.26,,,,,,false
2015-02-03,13.62,,,,,,false
2015-02-04,13.46,,,,,,false
2015-02-05,13.3,,,,,,false
2015-02-06,13.04,,,,,,false
2015-02-09,13.17,,,,,,false
2015-02-10,13.4,,,,,,false
2015-02-11,13.47,,,,,,false
2015-02-12,13.54,,,,,,false
2015-02-13,13.64,,,,,,false
2015-02-16,13.72,,,,,,false
2015-02-17,13.82,,,,,,false
2015-02-25,13.72,,,,,,false
2015-02-26,14.06,,,,,,false
2015-02-27,14.09,,,,,,false
2015-03-02,14.17,,,,,,false
2015-03-03,13.78,,,,,,false
2015-03-04,13.84,,,,,,false
2015-03-05,13.67,,,,,,false
2015-03-06,13.63,,,,,,false
2015-03-09,13.9,,,,,,false
2015-03-10,13.79,,,,,,false
2015-03-11,13.78,,,,,,false
2015-03-12,14.07,,,,,,false
2015-03-13,14.15,,,,,,false
2015-03-16,14.44,,,,,,false
2015-03-17,14.65,,,,,,false
2015-03-18,14.99,,,,,,false
2015-03-19,14.97,,,,,,false
2015-03-20,15.13,,,,,,false
2015-03-23,15.42,,,,,,false
2015-03-24,15.44,,,,,,false
2015-03-25,15.26,,,,,,false
2015-03-26,15.37,,,,,,false
2015-03-27,15.4,,,,,,false
2015-03-30,15.85,,,,,,false
2015-03-31,15.69,,,,,,false
2015-04-01,15.94,,,,,,false
2015-04-02,15.94,,,,,,false
2015-04-03,16.06,,,,,,false
2015-04-07,16.45,,,,,,false
2015-04-08,16.62,,,,,,false
2015-04-09,16.47,,,,,,false
2015-04-10,16.76,,,,,,false
2015-04-13,17.11,,,,,,false
2015-04-14,17.14,,,,,,false
2015-04-15,16.99,,,,,,false
2015-04-16,17.49,,,,,,false
2015-04-17,17.87,,,,,,false
2015-04-20,17.57,,,,,,false
2015-04-21,17.86,,,,,,false
2015-04-22,18.3,,,,,,false
2015-04-23,18.33,,,,,,false
2015-04-24,18.21,,,,,,false
2015-04-27,18.78,,,,,,false
2015-04-28,18.6,,,,,,false
2015-04-29,18.54,,,,,,false
2015-04-30,18.37,,,,,,false
2015-05-04,18.57,,,,,,false
2015-05-05,17.71,,,,,,false
2015-05-06,17.47,,,,,,false
2015-05-07,17.07,,,,,,false
2015-05-08,17.42,,,,,,false
2015-05-11,17.88,,,,,,false
2015-05-12,18.08,,,,,,false
2015-05-13,17.99,,,,,,false
2015-05-14,17.93,,,,,,false
2015-05-15,17.6,,,,,,false
2015-05-18,17.4,,,,,,false
2015-05-19,17.97,,,,,,false
2015-05-20,17.99,,,,,,false
2015-05-21,18.41,,,,,,false
2015-05-22,18.86,,,,,,false
2015-05-25,19.44,,,,,,false
2015-05-26,19.74,,,,,,false
2015-05-27,19.72,,,,,,false
2015-05-28,18.35,,,,,,false
2015-05-29,18.36,,,,,,false
2015-06-01,19.24,,,,,,false
2015-06-02,19.49,,,,,,false
2015-06-03,19.42,,,,,,false
2015-06-04,19.6,,,,,,false
2015-06-05,19.81,,,,,,false
2015-06-08,20.38,,,,,,false
2015-06-09,20.25,,,,,,false
2015-06-10,20.06,,,,,,false
2015-06-11,20,,,,,,false
2015-06-12,20.1,,,,,,false
2015-06-15,20.14,,,,,,false
2015-06-16,19.49,,,,,,false
2015-06-17,19.79,,,,,,false
2015-06-18,18.97,,,,,,false
2015-06-19,17.85,,,,,,false
2015-06-23,18.42,,,,,,false
2015-06-24,18.81,,,,,,false
2015-06-25,18.14,,,,,,false
2015-06-26,16.77,,,,,,false
2015-06-29,16.35,,,,,,false
2015-06-30,17.37,,,,,,false
2015-07-01,16.53,,,,,,false
2015-07-02,16.18,,,,,,false
2015-07-03,15.23,,,,,,false
2015-07-06,15.88,,,,,,false
2015-07-07,15.88,,,,,,false
2015-07-08,14.91,,,,,,false
2015-07-09,15.79,,,,,,false
2015-07-10,16.48,,,,,,false
2015-07-13,16.66,,,,,,false
2015-07-14,16.25,,,,,,false
2015-07-15,15.9,,,,,,false
2015-07-16,15.91,,,,,,false
2015-07-17,16.33,,,,,,false
2015-07-20,16.41,,,,,,false
2015-07-21,16.41,,,,,,false
2015-07-22,16.35,,,,,,false
2015-07-23,16.66,,,,,,false
2015-07-24,16.4,,,,,,false
2015-07-27,14.8,,,,,,false
2015-07-28,14.7,,,,,,false
2015-07-29,15.1,,,,,,false
2015-07-30,14.71,,,,,,false
2015-07-31,14.66,,,,,,false
2015-08-03,14.68,,,,,,false
2015-08-04,15.09,,,,,,false
2015-08-05,14.77,,,,,,false
2015-08-06,14.63,,,,,,false
2015-08-07,14.89,,,,,,false
2015-08-10,15.55,,,,,,false
2015-08-11,15.49,,,,,,false
2015-08-12,15.31,,,,,,false
2015-08-13,15.51,,,,,,false
2015-08-14,15.49,,,,,,false
2015-08-17,15.46,,,,,,false
2015-08-18,14.64,,,,,,false
2015-08-19,14.77,,,,,,false
2015-08-20,14.28,,,,,,false
2015-08-21,13.7,,,,,,false
2015-08-24,12.54,,,,,,false
2015-08-25,11.62,,,,,,false
2015-08-26,11.58,,,,,,false
2015-08-27,12.23,,,,,,false
2015-08-28,12.73,,,,,,false
2015-08-31,12.79,,,,,,false
2015-09-01,12.96,,,,,,false
2015-09-02,13.09,,,,,,false
2015-09-07,12.56,,,,,,false
2015-09-08,12.83,,,,,,false
2015-09-09,13.07,,,,,,false
2015-09-10,12.9,,,,,,false
2015-09-11,12.83,,,,,,false
2015-09-14,12.61,,,,,,false
2015-09-15,12.21,,,,,,false
2015-09-16,12.72,,,,,,false
2015-09-17,12.45,,,,,,false
2015-09-18,12.46,,,,,,false
2015-09-21,12.64,,,,,,false
2015-09-22,12.75,,,,,,false
2015-09-23,12.46,,,,,,false
2015-09-24,12.53,,,,,,false
2015-09-25,12.38,,,,,,false
2015-09-28,12.39,,,,,,false
2015-09-29,12.12,,,,,,false
2015-09-30,12.19,,,,,,false
2015-10-08,12.53,,,,,,false
2015-10-09,12.67,,,,,,false
2015-10-12,13.06,,,,,,false
2015-10-13,12.94,,,,,,false
2015-10-14,12.81,,,,,,false
2015-10-15,13.08,,,,,,false
2015-10-16,13.26,,,,,,false
2015-10-19,13.25,,,,,,false
2015-10-20,13.41,,,,,,false
2015-10-21,13.12,,,,,,false
2015-10-22,13.24,,,,,,false
2015-10-23,13.37,,,,,,false
2015-10-26,13.43,,,,,,false
2015-10-27,13.41,,,,,,false
2015-10-28,13.2,,,,,,false
2015-10-29,13.22,,,,,,false
2015-10-30,13.21,,,,,,false
2015-11-02,13.26,,,,,,false
2015-11-03,13.21,,,,,,false
2015-11-04,13.79,,,,,,false
2015-11-05,14.1,,,,,,false
2015-11-06,14.39,,,,,,false
2015-11-09,14.61,,,,,,false
2015-11-10,14.57,,,,,,false
2015-11-11,14.55,,,,,,false
2015-11-12,14.41,,,,,,false
2015-11-13,14.22,,,,,,false
2015-11-16,14.28,,,,,,false
2015-11-17,14.29,,,,,,false
2015-11-18,14.16,,,,,,false
2015-11-19,14.34,,,,,,false
2015-11-20,14.32,,,,,,false
2015-11-23,14.26,,,,,,false
2015-11-24,14.25,,,,,,false
2015-11-25,14.35,,,,,,false
2015-11-26,14.27,,,,,,false
2015-11-27,13.52,,,,,,false
2015-11-30,13.57,,,,,,false
2015-12-01,13.62,,,,,,false
2015-12-02,14.1,,,,,,false
2015-12-03,14.26,,,,,,false
2015-12-04,13.97,,,,,,false
2015-12-07,13.98,,,,,,false
2015-12-08,13.74,,,,,,false
2015-12-09,13.78,,,,,,false
2015-12-10,13.72,,,,,,false
2015-12-11,13.66,,,,,,false
2015-12-14,14.28,,,,,,false
2015-12-15,14.2,,,,,,false
2015-12-16,14.19,,,,,,false
2015-12-17,14.42,,,,,,false
2015-12-18,14.45,,,,,,false
2015-12-21,14.75,,,,,,false
2015-12-22,14.77,,,,,,false
2015-12-23,14.74,,,,,,false
2015-12-24,14.61,,,,,,false
2015-12-25,14.63,,,,,,false
2015-12-28,14.25,,,,,,false
2015-12-29,14.37,,,,,,false
2015-12-30,14.36,,,,,,false
2015-12-31,14.24,,,,,,false
2016-01-01,13.32,,,,,,false
2016-01-04,13.32,,,,,,false
2016-01-05,13.34,,,,,,false
2016-01-06,13.59,,,,,,false
2016-01-07,12.7,,,,,,false
2016-01-08,12.97,,,,,,false
2016-01-11,12.37,,,,,,false
2016-01-12,12.46,,,,,,false
2016-01-13,12.22,,,,,,false
2016-01-14,12.44,,,,,,false
2016-01-15,12.04,,,,,,false
2016-01-18,12.06,,,,,,false
2016-01-19,12.41,,,,,,false
2016-01-20,12.26,,,,,,false
2016-01-21,11.91,,,,,,false
2016-01-22,12.03,,,,,,false
2016-01-25,12.08,,,,,,false
2016-01-26,11.36,,,,,,false
2016-01-27,11.34,,,,,,false
2016-01-28,11.09,,,,,,false
2016-01-29,11.42,,,,,,false
2016-02-01,11.24,,,,,,false
2016-02-02,11.44,,,,,,false
2016-02-03,11.37,,,,,,false
2016-02-04,11.51,,,,,,false
2016-02-05,11.44,,,,,,false
2016-02-15,11.35,,,,,,false
2016-02-16,11.69,,,,,,false
2016-02-17,11.79,,,,,,false
2016-02-18,11.75,,,,,,false
2016-02-19,11.73,,,,,,false
2016-02-22,12,,,,,,false
2016-02-23,11.88,,,,,,false
2016-02-24,11.96,,,,,,false
2016-02-25,11.27,,,,,,false
2016-02-26,11.39,,,,,,false
2016-02-29,11.16,,,,,,false
2016-03-01,11.34,,,,,,false
2016-03-02,11.78,,,,,,false
2016-03-03,11.81,,,,,,false
2016-03-04,11.99,,,,,,false
2016-03-07,12.02,,,,,,false
2016-03-08,12.03,,,,,,false
2016-03-09,11.93,,,,,,false
2016-03-10,11.7,,,,,,false
2016-03-11,11.74,,,,,,false
2016-03-14,11.9,,,,,,false
2016-03-15,11.94,,,,,,false
2016-03-16,12.01,,,,,,false
2016-03-17,12.11,,,,,,false
2016-03-18,12.26,,,,,,false
2016-03-21,12.51,,,,,,false
2016-03-22,12.41,,,,,,false
2016-03-23,12.46,,,,,,false
2016-03-24,12.25,,,,,,false
2016-03-25,12.31,,,,,,false
2016-03-28,12.22,,,,,,false
2016-03-29,12.1,,,,,,false
2016-03-30,12.4,,,,,,false
2016-03-31,12.41,,,,,,false
2016-04-01,12.43,,,,,,false
2016-04-05,12.57,,,,,,false
2016-04-06,12.54,,,,,,false
2016-04-07,12.36,,,,,,false
2016-04-08,12.27,,,,,,false
2016-04-11,12.43,,,,,,false
2016-04-12,12.39,,,,,,false
2016-04-13,12.56,,,,,,false
2016-04-14,12.6,,,,,,false
2016-04-15,12.57,,,,,,false
2016-04-18,12.43,,,,,,false
2016-04-19,12.46,,,,,,false
2016-04-20,12.26,,,,,,false
2016-04-21,12.18,,,,,,false
2016-04-22,12.23,,,,,,false
2016-04-25,12.18,,,,,,false
2016-04-26,12.24,,,,,,false
2016-04-27,12.18,,,,,,false
2016-04-28,12.16,,,,,,false
2016-04-29,12.13,,,,,,false
2016-05-03,12.59,,,,,,false
2016-05-04,12.57,,,,,,false
2016-05-05,12.59,,,,,,false
2016-05-06,12.23,,,,,,false
2016-05-09,11.98,,,,,,false
2016-05-10,11.99,,,,,,false
2016-05-11,12.04,,,,,,false
2016-05-12,12.05,,,,,,false
2016-05-13,12,,,,,,false
2016-05-16,12.05,,,,,,false
2016-05-17,12.03,,,,,,false
2016-05-18,11.94,,,,,,false
2016-05-19,11.91,,,,,,false
2016-05-20,11.97,,,,,,false
2016-05-23,12,,,,,,false
2016-05-24,11.92,,,,,,false
2016-05-25,11.9,,,,,,false
2016-05-26,11.92,,,,,,false
2016-05-27,11.91,,,,,,false
2016-05-30,11.94,,,,,,false
2016-05-31,12.29,,,,,,false
2016-06-01,12.25,,,,,,false
2016-06-02,12.26,,,,,,false
2016-06-03,12.33,,,,,,false
2016-06-06,12.31,,,,,,false
2016-06-07,12.26,,,,,,false
2016-06-08,12.22,,,,,,false
2016-06-13,11.99,,,,,,false
2016-06-14,12.03,,,,,,false
2016-06-15,12.15,,,,,,false
2016-06-16,12.03,,,,,,false
2016-06-17,12.08,,,,,,false
2016-06-20,12.09,,,,,,false
2016-06-21,12.07,,,,,,false
2016-06-22,12.17,,,,,,false
2016-06-23,12.06,,,,,,false
2016-06-24,11.9,,,,,,false
2016-06-27,12.04,,,,,,false
2016-06-28,12.09,63.3,63.3304572907679,mid,mid,2011-06-28,false
2016-06-29,12.14,64.1,64.13793103448275,mid,mid,2011-06-28,false
2016-06-30,12.13,63.9,63.910422049956935,mid,mid,2011-06-28,false
2016-07-01,12.14,64.2,64.19965576592082,mid,mid,2011-06-28,false
2016-07-04,12.34,67.5,67.49785038693035,mid,mid,2011-06-28,false
2016-07-05,12.36,67.8,67.78350515463917,mid,mid,2011-06-28,false
2016-07-06,12.36,67.8,67.81115879828327,mid,mid,2011-06-28,false
2016-07-07,12.32,67.2,67.15265866209262,mid,mid,2011-06-28,false
2016-07-08,12.21,65,65.03856041131105,mid,mid,2011-06-28,false
2016-07-11,12.22,65.4,65.41095890410958,mid,mid,2011-06-28,false
2016-07-12,12.48,69.6,69.63216424294268,mid,mid,2011-06-28,false
2016-07-13,12.52,69.7,69.74358974358974,mid,mid,2011-06-28,false
2016-07-14,12.48,69.6,69.59863364645602,mid,mid,2011-06-28,false
2016-07-15,12.49,69.6,69.6245733788396,mid,mid,2011-06-28,false
2016-07-18,12.45,69,68.96845694799659,mid,mid,2011-06-28,false
2016-07-19,12.39,68,67.97274275979557,mid,mid,2011-06-28,false
2016-07-20,12.35,67.1,67.14893617021276,mid,mid,2011-06-28,false
2016-07-21,12.39,68,68.02721088435374,mid,mid,2011-06-28,false
2016-07-22,12.3,66.4,66.44010195412065,mid,mid,2011-06-28,false
2016-07-25,12.31,66.6,66.6383701188455,mid,mid,2011-06-28,false
2016-07-26,12.45,69.1,69.12637828668363,mid,mid,2011-06-28,false
2016-07-27,12.28,66.2,66.18644067796609,mid,mid,2011-06-28,false
2016-07-28,12.29,66.3,66.29974597798476,mid,mid,2011-06-28,false
2016-07-29,12.24,65.3,65.31302876480541,mid,mid,2011-06-28,false
2016-08-01,12.16,63.4,63.39814032121724,mid,mid,2011-06-28,false
2016-08-02,12.2,64,64.02027027027027,mid,mid,2011-06-28,false
2016-08-03,12.21,64.3,64.30379746835443,mid,mid,2011-06-28,false
2016-08-04,12.23,65.2,65.17706576728499,mid,mid,2011-06-28,false
2016-08-05,12.23,65.2,65.20640269587194,mid,mid,2011-06-28,false
2016-08-08,12.33,67.2,67.17171717171718,mid,mid,2011-06-28,false
2016-08-09,12.41,68.7,68.71320437342304,mid,mid,2011-06-28,false
2016-08-10,12.36,67.7,67.73109243697479,mid,mid,2011-06-28,false
2016-08-11,12.35,67.3,67.2544080604534,mid,mid,2011-06-28,false
2016-08-12,12.58,71.1,71.14093959731544,high,mid,2011-06-28,false
2016-08-15,12.93,72.8,72.75775356244762,high,mid,2011-06-28,false
2016-08-16,12.83,72.5,72.52931323283082,high,mid,2011-06-28,false
2016-08-17,12.81,72.3,72.30125523012553,high,mid,2011-06-28,false
2016-08-18,12.78,72.1,72.07357859531773,high,mid,2011-06-28,false
2016-08-19,12.8,72.2,72.18045112781954,high,mid,2011-06-28,false
2016-08-22,12.71,71.5,71.45242070116862,high,mid,2011-06-28,false
2016-08-23,12.73,71.7,71.72643869891576,high,mid,2011-06-28,false
2016-08-24,12.7,71.3,71.33333333333334,high,mid,2011-06-28,false
2016-08-25,12.62,71,71.02414654454621,high,mid,2011-06-28,false
2016-08-26,12.62,71,71.04825291181365,high,mid,2011-06-28,false
2016-08-29,12.62,71.1,71.07231920199501,high,mid,2011-06-28,false
2016-08-30,12.65,71.2,71.17940199335548,high,mid,2011-06-28,false
2016-08-31,12.7,71.5,71.45228215767635,high,mid,2011-06-28,false
2016-09-01,13.02,73.4,73.38308457711443,high,mid,2011-06-28,false
2016-09-02,13.62,76.7,76.71913835956919,high,mid,2011-06-28,false
2016-09-05,13.63,76.8,76.82119205298014,high,mid,2011-06-28,false
2016-09-06,13.69,77.2,77.1712158808933,high,mid,2011-06-28,false
2016-09-07,13.69,77.2,77.1900826446281,high,mid,2011-06-28,false
2016-09-08,13.68,77,77.04376548307185,high,high,2011-06-28,false
2016-09-09,13.6,76.2,76.23762376237624,high,high,2011-06-28,false
2016-09-12,13.39,75.2,75.18549051937346,high,high,2011-06-28,false
2016-09-13,13.37,75,75.04118616144976,high,high,2011-06-28,false
2016-09-14,13.28,74.4,74.40329218106996,high,high,2011-06-28,false
2016-09-19,13.36,74.9,74.91776315789474,high,high,2011-06-28,false
2016-09-20,13.34,74.9,74.85620377978636,high,high,2011-06-28,false
2016-09-21,13.37,75.1,75.1231527093596,high,high,2011-06-28,false
2016-09-22,13.46,75.7,75.71780147662018,high,high,2011-06-28,false
2016-09-23,13.41,75.5,75.49180327868854,high,high,2011-06-28,false
2016-09-26,13.2,73.3,73.3005733005733,high,high,2011-06-28,false
2016-09-27,13.28,74.1,74.14075286415712,high,high,2011-06-28,false
2016-09-28,13.23,73.5,73.50776778413737,high,high,2011-06-28,false
2016-09-29,13.28,74.2,74.18300653594771,high,high,2011-06-28,false
2016-09-30,13.31,74.3,74.28571428571429,high,high,2011-06-28,false
2016-10-10,13.47,75.9,75.93800978792822,high,high,2011-06-28,false
2016-10-11,13.51,76,76.03911980440098,high,high,2011-06-28,false
2016-10-12,13.49,75.9,75.8957654723127,high,high,2011-06-28,false
2016-10-13,13.49,75.9,75.91537835638731,high,high,2011-06-28,false
2016-10-14,13.51,76.1,76.09756097560975,high,high,2011-06-28,false
2016-10-17,13.41,75.3,75.30463038180342,high,high,2011-06-28,false
2016-10-18,13.58,76.5,76.46103896103897,high,high,2011-06-28,false
2016-10-19,13.57,76.4,76.39902676399026,high,high,2011-06-28,false
2016-10-20,13.58,76.5,76.49918962722853,high,high,2011-06-28,false
2016-10-21,13.63,77.1,77.08502024291498,high,high,2011-06-28,false
2016-10-24,13.79,78.6,78.55987055016182,high,high,2011-06-28,false
2016-10-25,13.78,78.3,78.33468067906225,high,high,2011-06-28,false
2016-10-26,13.72,77.9,77.94830371567045,high,high,2011-06-28,false
2016-10-27,13.69,77.5,77.4818401937046,high,high,2011-06-28,false
2016-10-28,13.68,77.3,77.25806451612904,high,high,2011-06-28,false
2016-10-31,13.66,77,77.03464947622885,high,high,2011-06-28,false
2016-11-01,13.45,74.8,74.7987117552335,high,high,2011-06-28,false
2016-11-02,13.35,73.8,73.77312952534191,high,high,2011-06-28,false
2016-11-03,13.47,75.2,75.16077170418006,high,high,2011-06-28,false
2016-11-04,13.43,74.7,74.69879518072288,high,high,2011-06-28,false
2016-11-07,13.44,74.7,74.71910112359551,high,high,2011-06-28,false
2016-11-08,13.5,75.5,75.46110665597435,high,high,2011-06-28,false
2016-11-09,13.42,74.4,74.43910256410257,high,high,2011-06-28,false
2016-11-10,13.56,75.9,75.90072057646117,high,high,2011-06-28,false
2016-11-11,13.66,77.2,77.2,high,high,2011-06-28,false
2016-11-14,13.72,78.2,78.17745803357315,high,high,2011-06-28,false
2016-11-15,13.71,77.8,77.79552715654951,high,high,2011-06-28,false
2016-11-16,13.71,77.8,77.81324820430966,high,high,2011-06-28,false
2016-11-17,13.72,78.2,78.22966507177034,high,high,2011-06-28,false
2016-11-18,13.65,76.7,76.73306772908367,high,high,2011-06-28,false
2016-11-21,13.76,78.3,78.343949044586,high,high,2011-06-28,false
2016-11-22,13.89,79.4,79.39538583929992,high,high,2011-06-28,false
2016-11-23,13.91,79.5,79.4912559618442,high,high,2011-06-28,false
2016-11-24,13.94,79.5,79.50754567116759,high,high,2011-06-28,false
2016-11-25,14.06,80.1,80.07936507936509,high,high,2011-06-28,false
2016-11-28,14.14,80.7,80.65027755749405,high,high,2011-06-28,false
2016-11-29,14.26,82.2,82.17115689381933,high,high,2011-06-28,false
2016-11-30,14.12,80.4,80.44338875692794,high,high,2011-06-28,false
2016-12-01,14.22,81.6,81.56645569620254,high,high,2011-06-28,false
2016-12-02,14.12,80.4,80.39525691699605,high,high,2011-06-28,false
2016-12-05,13.9,79,78.98894154818325,high,high,2011-06-28,false
2016-12-06,13.85,78.7,78.68981846882399,high,high,2011-06-28,false
2016-12-07,13.91,79.1,79.10094637223975,high,high,2011-06-28,false
2016-12-08,13.88,78.7,78.72340425531915,high,high,2011-06-28,false
2016-12-09,14,79.5,79.52755905511812,high,high,2011-06-28,false
2016-12-12,13.97,79.3,79.30763178599528,high,high,2011-06-28,false
2016-12-13,13.95,79.1,79.0880503144654,high,high,2011-06-28,false
2016-12-14,13.86,78.4,78.3974862529458,high,high,2011-06-28,false
2016-12-15,13.68,76.1,76.138147566719,high,high,2011-06-28,false
2016-12-16,13.69,76.4,76.3921568627451,high,high,2011-06-28,false
2016-12-19,13.64,75.4,75.39184952978056,high,high,2011-06-28,false
2016-12-20,13.57,74.5,74.47141738449491,high,high,2011-06-28,false
2016-12-21,13.71,76.8,76.76056338028168,high,high,2011-06-28,false
2016-12-22,13.73,77.2,77.24784988272087,high,high,2011-06-28,false
2016-12-23,13.63,75.2,75.15625,high,high,2011-06-28,false
2016-12-26,13.68,76,76.0343481654957,high,high,2011-06-28,false
2016-12-27,13.63,75.1,75.11700468018721,high,high,2011-06-28,false
2016-12-28,13.58,74.4,74.35697583787997,high,high,2011-06-28,false
2016-12-29,13.55,73.8,73.83177570093457,high,high,2011-06-28,false
2016-12-30,13.6,74.6,74.55252918287938,high,high,2011-06-28,false
2017-01-03,13.74,77.4,77.44945567651634,high,high,2011-06-28,false
2017-01-04,13.84,78.5,78.47707847707848,high,high,2011-06-28,false
2017-01-05,13.86,78.6,78.64906832298136,high,high,2011-06-28,false
2017-01-06,13.82,78.3,78.277734678045,high,high,2011-06-28,false
2017-01-09,13.88,78.8,78.83720930232559,high,high,2011-06-28,false
2017-01-10,13.85,78.5,78.46630518977537,high,high,2011-06-28,false
2017-01-11,13.76,77.2,77.24458204334366,high,high,2011-06-28,false
2017-01-12,13.7,76.1,76.10208816705337,high,high,2011-06-28,false
2017-01-13,13.73,77,76.97063369397218,high,high,2011-06-28,false
2017-01-16,13.77,77.3,77.29729729729729,high,high,2011-06-28,false
2017-01-17,13.79,77.9,77.85493827160494,high,high,2011-06-28,false
2017-01-18,13.84,78.4,78.41171935235158,high,high,2011-06-28,false
2017-01-19,13.79,77.8,77.8120184899846,high,high,2011-06-28,false
2017-01-20,13.87,78.8,78.75288683602771,high,high,2011-06-28,false
2017-01-23,13.9,79.2,79.23076923076923,high,high,2011-06-28,false
2017-01-24,13.94,79.5,79.47732513451191,high,high,2011-06-28,false
2017-01-25,13.98,79.9,79.87711213517666,high,high,2011-06-28,false
2017-01-26,14.01,80.1,80.12279355333844,high,high,2011-06-28,false
2017-02-03,13.92,79.2,79.21779141104295,high,high,2011-06-28,false
2017-02-06,13.95,79.5,79.46360153256705,high,high,2011-06-28,false
2017-02-07,13.92,79.2,79.17304747320061,high,high,2011-06-28,false
2017-02-08,13.97,79.7,79.72456006120888,high,high,2011-06-28,false
2017-02-09,14.03,80.3,80.27522935779817,high,high,2011-06-28,false
2017-02-10,14.1,80.8,80.82505729564554,high,high,2011-06-28,false
2017-02-13,14.18,81.5,81.45038167938932,high,high,2011-06-28,false
2017-02-14,14.18,81.5,81.46453089244852,high,high,2011-06-28,false
2017-02-15,14.16,81.3,81.25,high,high,2011-06-28,false
2017-02-16,14.21,82.1,82.1020563594821,high,high,2011-06-28,false
2017-02-17,14.12,80.8,80.82191780821918,high,high,2011-06-28,false
2017-02-20,14.31,83.7,83.72623574144487,high,high,2011-06-28,false
2017-02-21,14.35,84.3,84.34650455927051,high,high,2011-06-28,false
2017-02-22,14.38,84.7,84.66211085801064,high,high,2011-06-28,false
2017-02-23,14.31,83.6,83.61153262518968,high,high,2011-06-28,false
2017-02-24,14.31,83.6,83.62395754359363,high,high,2011-06-28,false
2017-02-27,14.21,81.8,81.81818181818183,high,high,2011-06-28,false
2017-02-28,14.24,82.1,82.05904617713853,high,high,2011-06-28,false
2017-03-01,14.26,82.6,82.60211800302571,high,high,2011-06-28,false
2017-03-02,14.17,80.8,80.80120937263794,high,high,2011-06-28,false
2017-03-03,14.12,80.3,80.2870090634441,high,high,2011-06-28,false
2017-03-06,14.14,80.5,80.45283018867924,high,high,2011-06-28,false
2017-03-07,14.18,81,80.99547511312217,high,high,2011-06-28,false
2017-03-08,14.16,80.6,80.63300678221552,high,high,2011-06-28,false
2017-03-09,14.07,79.4,79.36746987951807,high,high,2011-06-28,false
2017-03-10,14.06,79.2,79.23250564334086,high,high,2011-06-28,false
2017-03-13,14.18,81.1,81.05263157894737,high,high,2011-06-28,false
2017-03-14,14.18,81.1,81.06686701728025,high,high,2011-06-28,false
2017-03-15,14.2,81.3,81.30630630630631,high,high,2011-06-28,false
2017-03-16,14.27,82.8,82.82070517629407,high,high,2011-06-28,false
2017-03-17,14.13,80,79.98500749625187,high,high,2011-06-28,false
2017-03-20,14.18,81,80.97378277153558,high,high,2011-06-28,false
2017-03-21,14.24,82.1,82.11077844311377,high,high,2011-06-28,false
2017-03-22,14.16,80.3,80.32909498878085,high,high,2011-06-28,false
2017-03-23,14.19,81,81.01644245142003,high,high,2011-06-28,false
2017-03-24,14.3,83.6,83.56982823002241,high,high,2011-06-28,false
2017-03-27,14.27,82.8,82.83582089552239,high,high,2011-06-28,false
2017-03-28,14.23,81.8,81.80462341536166,high,high,2011-06-28,false
2017-03-29,14.22,81.7,81.74366616989568,high,high,2011-06-28,false
2017-03-30,14.14,79.7,79.67237527922562,high,high,2011-06-28,false
2017-03-31,14.22,81.8,81.77083333333334,high,high,2011-06-28,false
2017-04-05,14.41,85.2,85.20446096654275,high,high,2011-06-28,false
2017-04-06,14.45,85.5,85.51263001485884,high,high,2011-06-28,false
2017-04-07,14.48,85.6,85.59762435040832,high,high,2011-06-28,false
2017-04-10,14.44,85.3,85.31157270029674,high,high,2011-06-28,false
2017-04-11,14.49,85.8,85.76723498888065,high,high,2011-06-28,false
2017-04-12,14.44,85.3,85.25925925925925,high,high,2011-06-28,false
2017-04-13,14.45,85.4,85.4182087342709,high,high,2011-06-28,false
2017-04-14,14.34,83.9,83.94970414201184,high,high,2011-06-28,false
2017-04-17,14.31,83.4,83.44419807834443,high,high,2011-06-28,false
2017-04-18,14.23,81.3,81.31462333825702,high,high,2011-06-28,false
2017-04-19,14.13,78.8,78.81918819188192,high,high,2011-06-28,false
2017-04-20,14.18,80,80.01474926253688,high,high,2011-06-28,false
2017-04-21,14.22,81.2,81.20854826823877,high,high,2011-06-28,false
2017-04-24,14.12,78.5,78.4977908689249,high,high,2011-06-28,false
2017-04-25,14.12,78.5,78.51361295069904,high,high,2011-06-28,false
2017-04-26,14.14,79,78.97058823529412,high,high,2011-06-28,false
2017-04-27,14.17,79.5,79.50036737692872,high,high,2011-06-28,false
2017-04-28,14.13,78.6,78.63436123348018,high,high,2011-06-28,false
2017-05-02,13.64,71.1,71.09317681584739,high,high,2011-06-28,false
2017-05-03,13.58,70.1,70.08797653958945,high,high,2011-06-28,false
2017-05-04,13.56,69.6,69.59706959706959,mid,high,2011-06-28,false
2017-05-05,13.5,69,69.03367496339678,mid,high,2011-06-28,false
2017-05-08,13.44,68.3,68.25164594001463,mid,high,2011-06-28,false
2017-05-09,13.41,67.9,67.9093567251462,mid,high,2011-06-28,false
2017-05-10,13.36,67.1,67.12929145361578,mid,high,2011-06-28,false
2017-05-11,13.44,68.3,68.32116788321167,mid,high,2011-06-28,false
2017-05-12,13.56,69.7,69.73012399708242,mid,high,2011-06-28,false
2017-05-15,13.61,70.5,70.48104956268222,high,high,2011-06-28,false
2017-05-16,13.64,71.3,71.30371449380918,high,high,2011-06-28,false
2017-05-17,13.56,69.7,69.65065502183407,mid,high,2011-06-28,false
2017-05-18,13.52,69.2,69.23636363636363,mid,high,2011-06-28,false
2017-05-19,13.53,69.3,69.25872093023256,mid,high,2011-06-28,false
2017-05-22,13.57,69.9,69.93464052287581,mid,high,2011-06-28,false
2017-05-23,13.66,71.8,71.77068214804065,high,high,2011-06-28,false
2017-05-24,13.63,71.1,71.06598984771574,high,high,2011-06-28,false
2017-05-25,13.72,73.3,73.33333333333333,high,high,2011-06-28,false
2017-05-26,13.72,73.4,73.35264301230991,high,high,2011-06-28,false
2017-05-31,13.77,73.9,73.87843704775688,high,high,2011-06-28,false
2017-06-01,13.82,74.9,74.90961677512654,high,high,2011-06-28,false
2017-06-02,13.77,73.8,73.84393063583815,high,high,2011-06-28,false
2017-06-05,13.65,71.3,71.26353790613719,high,high,2011-06-28,false
2017-06-06,13.72,73.2,73.23232323232324,high,high,2011-06-28,false
2017-06-07,13.86,75.5,75.48666186012977,high,high,2011-06-28,false
2017-06-08,13.92,76.4,76.36887608069163,high,high,2011-06-28,false
2017-06-09,13.97,77,76.9618430525558,high,high,2011-06-28,false
2017-06-12,14.12,78.8,78.77697841726618,high,high,2011-06-28,false
2017-06-13,14.14,79.4,79.36736161035226,high,high,2011-06-28,false
2017-06-14,13.98,77,77.01149425287356,high,high,2011-06-28,false
2017-06-15,13.94,76.3,76.31012203876526,high,high,2011-06-28,false
2017-06-16,13.88,75.5,75.46628407460545,high,high,2011-06-28,false
2017-06-19,13.96,76.5,76.48745519713262,high,high,2011-06-28,false
2017-06-20,13.94,76.3,76.28939828080229,high,high,2011-06-28,false
2017-06-21,14.07,77.9,77.88117394416606,high,high,2011-06-28,false
2017-06-22,14.1,78.3,78.2546494992847,high,high,2011-06-28,false
2017-06-23,14.19,80.7,80.70050035739814,high,high,2011-06-28,false
2017-06-26,14.32,84.2,84.21428571428572,high,high,2011-06-28,false
2017-06-27,14.34,84.5,84.51106352605282,high,high,2011-06-28,false
2017-06-28,14.25,82.3,82.31098430813124,high,high,2011-06-28,false
2017-06-29,14.29,83.3,83.25017818959373,high,high,2011-06-28,false
2017-06-30,14.31,83.9,83.9031339031339,high,high,2011-06-28,false
2017-07-03,14.27,82.7,82.70462633451957,high,high,2011-06-28,false
2017-07-04,14.19,80.4,80.36984352773825,high,high,2011-06-28,false
2017-07-05,14.3,83.5,83.51101634683724,high,high,2011-06-28,false
2017-07-06,14.29,83.2,83.16761363636364,high,high,2011-06-28,false
2017-07-07,14.28,82.9,82.89567068843151,high,high,2011-06-28,false
2017-07-10,14.26,82.3,82.26950354609929,high,high,2011-06-28,false
2017-07-11,14.28,82.9,82.91991495393339,high,high,2011-06-28,false
2017-07-12,14.22,81.2,81.16147308781869,high,high,2011-06-28,false
2017-07-13,14.32,84.3,84.28874734607218,high,high,2011-06-28,false
2017-07-14,14.36,84.9,84.93635077793493,high,high,2011-06-28,false
2017-07-17,14.3,83.5,83.46289752650176,high,high,2011-06-28,false
2017-07-18,14.26,82.1,82.06214689265536,high,high,2011-06-28,false
2017-07-19,14.45,86.1,86.09738884968243,high,high,2011-06-28,false
2017-07-20,14.47,86.1,86.10719322990127,high,high,2011-06-28,false
2017-07-21,14.4,85.3,85.27131782945736,high,high,2011-06-28,false
2017-07-24,14.43,85.5,85.49295774647887,high,high,2011-06-28,false
2017-07-25,14.39,85.2,85.15130190007038,high,high,2011-06-28,false
2017-07-26,14.38,85,84.9507735583685,high,high,2011-06-28,false
2017-07-27,14.4,85.2,85.24244553759662,high,high,2011-06-28,false
2017-07-28,14.43,85.5,85.53370786516854,high,high,2011-06-28,false
2017-07-31,14.47,86.2,86.17543859649123,high,high,2011-06-28,false
2017-08-01,14.59,87.1,87.09677419354838,high,high,2011-06-28,false
2017-08-02,14.57,87,86.96566222845131,high,high,2011-06-28,false
2017-08-03,14.46,85.9,85.92436974789915,high,high,2011-06-28,false
2017-08-04,14.4,85,84.95451364590623,high,high,2011-06-28,false
2017-08-07,14.45,85.9,85.87412587412587,high,high,2011-06-28,false
2017-08-08,14.47,86.1,86.09364081062193,high,high,2011-06-28,false
2017-08-09,14.42,85.1,85.05586592178771,high,high,2011-06-28,false
2017-08-10,14.39,84.6,84.5778087927425,high,high,2011-06-28,false
2017-08-11,14.17,78.1,78.10320781032078,high,high,2011-06-28,false
2017-08-14,14.29,82.1,82.09059233449477,high,high,2011-06-28,false
2017-08-15,14.36,84,83.98328690807799,high,high,2011-06-28,false
2017-08-16,14.33,83.4,83.36812804453723,high,high,2011-06-28,false
2017-08-17,14.41,85,84.97913769123782,high,high,2011-06-28,false
2017-08-18,14.41,85,84.98957609451008,high,high,2011-06-28,false
2017-08-21,14.47,86.2,86.18055555555556,high,high,2011-06-28,false
2017-08-22,14.5,86.7,86.67591950034698,high,high,2011-06-28,false
2017-08-23,14.54,86.8,86.75450762829404,high,high,2011-06-28,false
2017-08-24,14.47,86.1,86.07068607068608,high,high,2011-06-28,false
2017-08-25,14.73,88.5,88.50415512465374,high,high,2011-06-28,false
2017-08-28,14.88,89.7,89.68858131487889,high,high,2011-06-28,false
2017-08-29,14.86,89.6,89.62655601659752,high,high,2011-06-28,false
2017-08-30,14.84,89.4,89.35729094678645,high,high,2011-06-28,false
2017-08-31,14.78,89,88.95027624309392,high,high,2011-06-28,false
2017-09-01,14.97,90.3,90.33816425120773,extreme,high,2011-06-28,false
2017-09-04,15.05,90.7,90.6896551724138,extreme,high,2011-06-28,false
2017-09-05,15.09,91,90.97174362508615,extreme,high,2011-06-28,false
2017-09-06,15.07,90.7,90.70247933884298,extreme,high,2011-06-28,false
2017-09-07,14.99,90.3,90.29593943565037,extreme,high,2011-06-28,false
2017-09-08,14.97,90.1,90.09628610729024,extreme,high,2011-06-28,false
2017-09-11,14.98,90.1,90.10309278350516,extreme,high,2011-06-28,false
2017-09-12,15.01,90.3,90.31593406593407,extreme,high,2011-06-28,false
2017-09-13,15.02,90.3,90.32258064516128,extreme,high,2011-06-28,false
2017-09-14,14.97,89.9,89.91769547325103,high,high,2011-06-28,false
2017-09-15,14.93,89.4,89.44482522275531,high,high,2011-06-28,false
2017-09-18,14.97,89.9,89.93150684931507,high,high,2011-06-28,false
2017-09-19,14.95,89.6,89.59616700889802,high,high,2011-06-28,false
2017-09-20,14.98,90,90.01367989056087,extreme,high,2011-06-28,false
2017-09-21,14.99,90.2,90.22556390977444,extreme,high,2011-06-28,false
2017-09-22,14.99,90.2,90.23224043715847,extreme,high,2011-06-28,false
2017-09-25,14.96,89.4,89.419795221843,high,high,2011-06-28,false
2017-09-26,14.96,89.4,89.42701227830833,high,high,2011-06-28,false
2017-09-27,14.95,89.3,89.29788684389911,high,high,2011-06-28,false
2017-09-28,14.95,89.3,89.30517711171662,high,high,2011-06-28,false
2017-09-29,14.98,89.9,89.92511912865895,high,high,2011-06-28,false
2017-10-09,15.12,91.4,91.36054421768708,extreme,high,2011-06-28,false
2017-10-10,15.15,91.6,91.57036029911625,extreme,high,2011-06-28,false
2017-10-11,15.21,91.9,91.91576086956522,extreme,high,2011-06-28,false
2017-10-12,15.22,91.9,91.92124915139172,extreme,high,2011-06-28,false
2017-10-13,15.23,92,91.99457259158751,extreme,high,2011-06-28,false
2017-10-16,15.23,92,92,extreme,high,2011-06-28,false
2017-10-17,15.21,91.7,91.73441734417345,extreme,high,2011-06-28,false
2017-10-18,15.34,92.4,92.41706161137441,extreme,high,2011-06-28,false
2017-10-19,15.33,92.4,92.35453315290934,extreme,high,2011-06-28,false
2017-10-20,15.3,92.2,92.15686274509804,extreme,high,2011-06-28,false
2017-10-23,15.3,92.2,92.16216216216216,extreme,high,2011-06-28,false
2017-10-24,15.4,92.7,92.70762997974342,extreme,high,2011-06-28,false
2017-10-25,15.43,92.8,92.84750337381917,extreme,high,2011-06-28,false
2017-10-26,15.46,93,92.98718813216453,extreme,high,2011-06-28,false
2017-10-27,15.55,93.4,93.39622641509435,extreme,high,2011-06-28,false
2017-10-30,15.53,93.3,93.26599326599326,extreme,high,2011-06-28,false
2017-10-31,15.51,93.1,93.13593539703902,extreme,high,2011-06-28,false
2017-11-01,14.99,89.2,89.24008069939475,high,high,2011-06-28,false
2017-11-02,14.99,89.2,89.24731182795699,high,high,2011-06-28,false
2017-11-03,14.99,89.3,89.25453324378778,high,high,2011-06-28,false
2017-11-06,15.06,89.7,89.66442953020135,high,high,2011-06-28,false
2017-11-07,15.18,90.8,90.81153588195842,extreme,high,2011-06-28,false
2017-11-08,15.16,90.7,90.68364611260054,extreme,high,2011-06-28,false
2017-11-09,15.22,91.2,91.22572002679169,extreme,high,2011-06-28,false
2017-11-10,15.27,91.6,91.63319946452476,extreme,high,2011-06-28,false
2017-11-13,15.34,92.1,92.10702341137123,extreme,high,2011-06-28,false
2017-11-14,15.24,91.4,91.37700534759358,extreme,high,2011-06-28,false
2017-11-15,15.13,90.2,90.18036072144288,extreme,high,2011-06-28,false
2017-11-16,15.17,90.5,90.4539385847797,extreme,high,2011-06-28,false
2017-11-17,15.25,91.4,91.39426284189459,extreme,high,2011-06-28,false
2017-11-20,15.33,92,92,extreme,high,2011-06-28,false
2017-11-21,15.52,93.3,93.2711525649567,extreme,high,2011-06-28,false
2017-11-22,15.62,93.7,93.6750998668442,extreme,high,2011-06-28,false
2017-11-23,15.21,90.7,90.68529607451762,extreme,high,2011-06-28,false
2017-11-24,15.21,90.7,90.69148936170212,extreme,high,2011-06-28,false
2017-11-27,15.03,88.6,88.57142857142857,high,high,2011-06-28,false
2017-11-28,15.03,88.6,88.57901726427623,high,high,2011-06-28,false
2017-11-29,15.03,88.6,88.58659588586596,high,high,2011-06-28,false
2017-11-30,14.9,86.3,86.27320954907162,high,high,2011-06-28,false
2017-12-01,14.88,86.1,86.14976805831677,high,high,2011-06-28,false
2017-12-04,14.93,86.6,86.6225165562914,high,high,2011-06-28,false
2017-12-05,15.02,88.4,88.35208471211119,high,high,2011-06-28,false
2017-12-06,14.93,86.6,86.57407407407408,high,high,2011-06-28,false
2017-12-07,14.78,85.2,85.19497686715135,high,high,2011-06-28,false
2017-12-08,14.85,85.7,85.7331571994716,high,high,2011-06-28,false
2017-12-11,15.22,90.9,90.89108910891089,extreme,high,2011-06-28,false
2017-12-12,15.03,88.6,88.58839050131925,high,high,2011-06-28,false
2017-12-13,15.14,89.8,89.8483849703362,high,high,2011-06-28,false
2017-12-14,15.06,88.8,88.80105401844533,high,high,2011-06-28,false
2017-12-15,14.91,86.2,86.17511520737328,high,high,2011-06-28,false
2017-12-18,14.93,86.4,86.38157894736842,high,high,2011-06-28,false
2017-12-19,15.09,89.2,89.21761998685076,high,high,2011-06-28,false
2017-12-20,15.08,89,89.02759526938239,high,high,2011-06-28,false
2017-12-21,15.18,90.3,90.28233749179252,extreme,high,2011-06-28,false
2017-12-22,15.15,89.9,89.89501312335958,high,high,2011-06-28,false
2017-12-25,15.1,89.2,89.24590163934425,high,high,2011-06-28,false
2017-12-26,15.18,90.3,90.30144167758847,extreme,high,2011-06-28,false
2017-12-27,15,87.6,87.62278978388997,high,high,2011-06-28,false
2017-12-28,15.11,89.2,89.20157068062828,high,high,2011-06-28,false
2017-12-29,15.18,90.3,90.32047089601046,extreme,high,2011-06-28,false
2018-01-02,15.37,92.4,92.3529411764706,extreme,high,2011-06-28,false
2018-01-03,15.45,92.7,92.74983670803397,extreme,high,2011-06-28,false
2018-01-04,15.54,93.4,93.40731070496084,extreme,high,2011-06-28,false
2018-01-05,15.58,93.6,93.60730593607306,extreme,high,2011-06-28,false
2018-01-08,15.66,93.9,93.8722294654498,extreme,high,2011-06-28,false
2018-01-09,15.72,94,94.00651465798046,extreme,high,2011-06-28,false
2018-01-10,15.82,94.1,94.07552083333334,extreme,high,2011-06-28,false
2018-01-11,15.83,94.1,94.0793754066363,extreme,high,2011-06-28,false
2018-01-12,15.88,94.3,94.2782834850455,extreme,high,2011-06-28,false
2018-01-15,15.9,94.3,94.34697855750487,extreme,high,2011-06-28,false
2018-01-16,16.01,94.7,94.74025974025973,extreme,high,2011-06-28,false
2018-01-17,16.04,94.7,94.74367293964958,extreme,high,2011-06-28,false
2018-01-18,16.18,95.3,95.26588845654993,extreme,high,2011-06-28,false
2018-01-19,16.26,95.3,95.33376539209333,extreme,high,2011-06-28,false
2018-01-22,16.39,95.5,95.53108808290155,extreme,high,2011-06-28,false
2018-01-23,16.64,96.3,96.31067961165049,extreme,high,2011-06-28,false
2018-01-24,16.68,96.4,96.44243208279431,extreme,extreme,2011-06-28,false
2018-01-25,16.61,96.1,96.12152553329024,extreme,extreme,2011-06-28,false
2018-01-26,16.67,96.4,96.38242894056847,extreme,extreme,2011-06-28,false
2018-01-29,16.47,95.7,95.73918657198193,extreme,extreme,2011-06-28,false
2018-01-30,16.25,94.9,94.9032258064516,extreme,extreme,2011-06-28,false
2018-01-31,16.32,95,94.97098646034816,extreme,extreme,2011-06-28,false
2018-02-01,16.29,94.9,94.90979381443299,extreme,extreme,2011-06-28,false
2018-02-02,16.42,95.5,95.49259497746297,extreme,extreme,2011-06-28,false
2018-02-05,16.52,95.8,95.81724581724582,extreme,extreme,2011-06-28,false
2018-02-06,16.05,94,93.95498392282958,extreme,extreme,2011-06-28,false
2018-02-07,15.63,92.5,92.48071979434447,extreme,extreme,2011-06-28,false
2018-02-08,15.37,90.8,90.81567116249197,extreme,extreme,2011-06-28,false
2018-02-09,14.73,82.1,82.09242618741976,high,extreme,2011-06-28,false
2018-02-12,14.84,83.2,83.19435535599743,high,extreme,2011-06-28,false
2018-02-13,15.01,86,86.02564102564104,high,extreme,2011-06-28,false
2018-02-14,15.1,87.5,87.50800768737989,high,extreme,2011-06-28,false
2018-02-22,15.44,91.2,91.22919334186939,extreme,extreme,2011-06-28,false
2018-02-23,15.52,91.9,91.87460012795906,extreme,extreme,2011-06-28,false
2018-02-26,15.69,92.8,92.77493606138107,extreme,extreme,2011-06-28,false
2018-02-27,15.45,91.2,91.18210862619809,extreme,extreme,2011-06-28,false
2018-02-28,15.3,89.9,89.91060025542784,high,extreme,2011-06-28,false
2018-03-01,15.37,90.6,90.61901723037651,extreme,extreme,2011-06-28,false
2018-03-02,15.26,89.5,89.54081632653062,high,extreme,2011-06-28,false
2018-03-05,15.26,89.5,89.54748247291269,high,extreme,2011-06-28,false
2018-03-06,15.42,90.8,90.828025477707,extreme,extreme,2011-06-28,false
2018-03-07,15.33,90.1,90.07001909611712,extreme,extreme,2011-06-28,false
2018-03-08,15.43,91,90.96692111959288,extreme,extreme,2011-06-28,false
2018-03-09,15.52,91.9,91.86268277177369,extreme,extreme,2011-06-28,false
2018-03-12,15.57,92.2,92.18551461245235,extreme,extreme,2011-06-28,false
2018-03-13,15.47,91.2,91.23809523809524,extreme,extreme,2011-06-28,false
2018-03-14,15.4,90.5,90.48223350253807,extreme,extreme,2011-06-28,false
2018-03-15,15.46,91.2,91.1857958148383,extreme,extreme,2011-06-28,false
2018-03-16,15.31,89.5,89.48035487959443,high,extreme,2011-06-28,false
2018-03-19,15.36,89.9,89.93033565547816,high,extreme,2011-06-28,false
2018-03-20,15.41,90.4,90.44303797468355,extreme,extreme,2011-06-28,false
2018-03-21,15.35,89.8,89.81657179000632,high,extreme,2011-06-28,false
2018-03-22,15.23,88.4,88.4323640960809,high,extreme,2011-06-28,false
2018-03-23,14.84,82,81.99620972836387,high,extreme,2011-06-28,false
2018-03-26,14.68,80.4,80.42929292929293,high,extreme,2011-06-28,false
2018-03-27,14.78,81.5,81.51419558359622,high,extreme,2011-06-28,false
2018-03-28,14.55,79.2,79.19293820933166,high,extreme,2011-06-28,false
2018-03-29,14.75,81,81.0333963453056,high,high,2011-06-28,false
2018-03-30,14.75,81,81.04534005037783,high,high,2011-06-28,false
2018-04-02,14.68,80.3,80.3020767778477,high,high,2011-06-28,false
2018-04-03,14.57,79.2,79.18238993710692,high,high,2011-06-28,false
2018-04-04,14.54,78.8,78.75549968573225,high,high,2011-06-28,false
2018-04-09,14.54,78.8,78.76884422110552,high,high,2011-06-28,false
2018-04-10,14.83,81.8,81.7953546767106,high,high,2011-06-28,false
2018-04-11,14.9,82.7,82.68506900878295,high,high,2011-06-28,false
2018-04-12,14.75,81,81.00313479623824,high,high,2011-06-28,false
2018-04-13,14.65,79.9,79.88721804511279,high,high,2011-06-28,false
2018-04-16,14.39,76.2,76.20538509705698,high,high,2011-06-28,false
2018-04-17,14.19,70.8,70.83854818523155,high,high,2011-06-28,false
2018-04-18,14.28,73.5,73.48342714196373,high,high,2011-06-28,false
2018-04-19,14.44,77.2,77.1875,high,high,2011-06-28,false
2018-04-20,14.26,72.8,72.76702061211743,high,high,2011-06-28,false
2018-04-23,14.28,73.5,73.47066167290886,high,high,2011-06-28,false
2018-04-24,14.56,78.9,78.91453524641298,high,high,2011-06-28,false
2018-04-25,14.48,78,77.9925187032419,high,high,2011-06-28,false
2018-04-26,14.27,72.9,72.89719626168224,high,high,2011-06-28,false
2018-04-27,14.32,74.8,74.78206724782068,high,high,2011-06-28,false
2018-05-02,13.37,57.4,57.43621655258245,mid,high,2011-06-28,false
2018-05-03,13.46,58.5,58.51990049751243,mid,high,2011-06-28,false
2018-05-04,13.4,57.6,57.61342448725917,mid,high,2011-06-28,false
2018-05-07,13.6,60.5,60.49689440993789,mid,high,2011-06-28,false
2018-05-08,13.73,63.4,63.43885785226567,mid,mid,2011-06-28,false
2018-05-09,13.71,62.7,62.71712158808933,mid,mid,2011-06-28,false
2018-05-10,13.79,64.5,64.47613143211407,mid,mid,2011-06-28,false
2018-05-11,13.74,63.6,63.56877323420075,mid,mid,2011-06-28,false
2018-05-14,13.84,65.1,65.07739938080496,mid,mid,2011-06-28,false
2018-05-15,13.89,65.8,65.77970297029702,mid,mid,2011-06-28,false
2018-05-16,13.76,63.6,63.63636363636363,mid,mid,2011-06-28,false
2018-05-17,13.68,61.9,61.86650185414091,mid,mid,2011-06-28,false
2018-05-18,13.87,65.5,65.47251389746758,mid,mid,2011-06-28,false
2018-05-21,13.91,66.2,66.17283950617285,mid,mid,2011-06-28,false
2018-05-22,13.86,65.3,65.33004318322023,mid,mid,2011-06-28,false
2018-05-23,13.65,61.2,61.159062885326755,mid,mid,2011-06-28,false
2018-05-24,13.56,59.3,59.33456561922365,mid,mid,2011-06-28,false
2018-05-25,13.5,58.6,58.55911330049261,mid,mid,2011-06-28,false
2018-05-28,13.53,59,58.95384615384616,mid,mid,2011-06-28,false
2018-05-29,13.43,57.6,57.564575645756456,mid,mid,2011-06-28,false
2018-05-30,13.13,54.8,54.824830977258756,mid,mid,2011-06-28,false
2018-05-31,13.38,56.9,56.87960687960688,mid,mid,2011-06-28,false
2018-06-01,13.29,55.9,55.86249232658073,mid,mid,2011-06-28,false
2018-06-04,13.4,57.1,57.11656441717792,mid,mid,2011-06-28,false
2018-06-05,13.48,58.3,58.3077866339669,mid,mid,2011-06-28,false
2018-06-06,13.46,58.1,58.08823529411765,mid,mid,2011-06-28,false
2018-06-07,13.45,57.9,57.86895284751991,mid,mid,2011-06-28,false
2018-06-08,13.27,55.5,55.5079559363525,mid,mid,2011-06-28,false
2018-06-11,13.51,58.9,58.89908256880734,mid,mid,2011-06-28,false
2018-06-12,13.63,61,61.002444987775064,mid,mid,2011-06-28,false
2018-06-13,13.5,58.7,58.70494807574832,mid,mid,2011-06-28,false
2018-06-14,13.47,58.2,58.24175824175825,mid,mid,2011-06-28,false
2018-06-15,13.42,57.3,57.29103111653448,mid,mid,2011-06-28,false
2018-06-18,13.42,57.3,57.3170731707317,mid,mid,2011-06-28,false
2018-06-19,13.01,53.9,53.93053016453382,mid,mid,2011-06-28,false
2018-06-20,13.04,54.1,54.08038976857491,mid,mid,2011-06-28,false
2018-06-21,12.89,53.5,53.49969567863664,mid,mid,2011-06-28,false
2018-06-22,12.93,53.6,53.64963503649635,mid,mid,2011-06-28,false
2018-06-25,12.76,52.8,52.76595744680851,mid,mid,2011-06-28,false
2018-06-26,12.65,52.1,52.12636695018226,mid,mid,2011-06-28,false
2018-06-27,12.45,50.3,50.27322404371585,mid,mid,2011-06-28,false
2018-06-28,12.34,48.5,48.54368932038835,mid,mid,2011-06-28,false
2018-06-29,12.53,51.1,51.06124924196482,mid,mid,2011-06-28,false
2018-07-02,12.16,45.5,45.515151515151516,mid,mid,2011-06-28,false
2018-07-03,12.15,45.4,45.366444579043005,mid,mid,2011-06-28,false
2018-07-04,12.02,43,43.03874092009685,mid,mid,2011-06-28,false
2018-07-05,11.88,40.4,40.35087719298245,mid,mid,2011-06-28,false
2018-07-06,11.94,41.9,41.89842805320435,mid,mid,2011-06-28,false
2018-07-09,12.27,47.9,47.854984894259815,mid,mid,2011-06-28,false
2018-07-10,12.3,48.1,48.128019323671495,mid,mid,2011-06-28,false
2018-07-11,12.09,44.5,44.538322269161135,mid,mid,2011-06-28,false
2018-07-12,12.34,48.8,48.79372738238842,mid,mid,2011-06-28,false
2018-07-13,12.31,48.3,48.342374924653406,mid,mid,2011-06-28,false
2018-07-16,12.23,47,47.04819277108434,mid,mid,2011-06-28,false
2018-07-17,12.09,44.5,44.49127031908489,mid,mid,2011-06-28,false
2018-07-18,12.04,43.7,43.682310469314075,mid,mid,2011-06-28,false
2018-07-19,12.02,42.9,42.93445580276609,mid,mid,2011-06-28,false
2018-07-20,12.27,48,47.956730769230774,mid,mid,2011-06-28,false
2018-07-23,12.41,50.2,50.210210210210214,mid,mid,2011-06-28,false
2018-07-24,12.6,52.3,52.280912364945976,mid,mid,2011-06-28,false
2018-07-25,12.58,52.1,52.069586082783445,mid,mid,2011-06-28,false
2018-07-26,12.46,51,51.019184652278184,mid,mid,2011-06-28,false
2018-07-27,12.42,50.2,50.20970641102457,mid,mid,2011-06-28,false
2018-07-30,12.41,50.1,50.11976047904192,mid,mid,2011-06-28,false
2018-07-31,12.44,50.5,50.50867743865949,mid,mid,2011-06-28,false
2018-08-01,12.2,45.9,45.933014354066984,mid,mid,2011-06-28,false
2018-08-02,11.96,41.8,41.84100418410041,mid,mid,2011-06-28,false
2018-08-03,11.81,39.4,39.42652329749104,mid,mid,2011-06-28,false
2018-08-06,11.68,38,37.97014925373134,mid,mid,2011-06-28,false
2018-08-07,12.01,42.7,42.66109785202864,mid,mid,2011-06-28,false
2018-08-08,11.84,39.6,39.59451401311866,mid,mid,2011-06-28,false
2018-08-09,12.09,44.5,44.517282479141834,mid,mid,2011-06-28,false
2018-08-10,12.09,44.6,44.550327575938056,mid,mid,2011-06-28,false
2018-08-13,12.02,42.9,42.857142857142854,mid,mid,2011-06-28,false
2018-08-14,11.99,42.3,42.29625223081499,mid,mid,2011-06-28,false
2018-08-15,11.73,38.5,38.466111771700355,mid,mid,2011-06-28,false
2018-08-16,11.66,37.7,37.73024361259655,mid,mid,2011-06-28,false
2018-08-17,11.52,35.9,35.926365795724465,mid,mid,2011-06-28,false
2018-08-20,11.67,37.9,37.86350148367952,mid,mid,2011-06-28,false
2018-08-21,11.84,39.7,39.679715302491104,mid,mid,2011-06-28,false
2018-08-22,11.77,38.9,38.885595732068765,mid,mid,2011-06-28,false
2018-08-23,11.8,39.2,39.21800947867299,mid,mid,2011-06-28,false
2018-08-24,11.83,39.7,39.668442865600944,mid,mid,2011-06-28,false
2018-08-27,12.09,44.9,44.91124260355029,mid,mid,2011-06-28,false
2018-08-28,12.06,44.2,44.234180958013006,mid,mid,2011-06-28,false
2018-08-29,12.03,43.6,43.61702127659575,mid,mid,2011-06-28,false
2018-08-30,11.9,40.4,40.401653868871826,mid,mid,2011-06-28,false
2018-08-31,11.87,39.9,39.90554899645809,mid,mid,2011-06-28,false
2018-09-03,11.74,38.5,38.525073746312685,mid,mid,2011-06-28,false
2018-09-04,11.88,40.2,40.153301886792455,mid,mid,2011-06-28,false
2018-09-05,11.66,37.5,37.536829699469656,mid,mid,2011-06-28,false
2018-09-06,11.58,36.6,36.57243816254417,mid,mid,2011-06-28,false
2018-09-07,11.62,37.3,37.316068275456146,mid,mid,2011-06-28,false
2018-09-10,11.48,35.1,35.05882352941177,mid,mid,2011-06-28,false
2018-09-11,11.46,35,34.97942386831276,mid,mid,2011-06-28,false
2018-09-12,11.4,34.1,34.13631022326675,mid,mid,2011-06-28,false
2018-09-13,11.53,35.8,35.819142689371695,mid,mid,2011-06-28,false
2018-09-14,11.55,36,36.032863849765256,mid,mid,2011-06-28,false
2018-09-17,11.43,34.5,34.54545454545455,mid,mid,2011-06-28,false
2018-09-18,11.64,37.7,37.74912075029309,mid,mid,2011-06-28,false
2018-09-19,11.79,39.4,39.42589338019918,mid,mid,2011-06-28,false
2018-09-20,11.79,39.5,39.46135831381733,mid,mid,2011-06-28,false
2018-09-21,12.14,46.2,46.225863077823284,mid,mid,2011-06-28,false
2018-09-25,12.04,44.4,44.44444444444444,mid,mid,2011-06-28,false
2018-09-26,12.17,46.7,46.69783752191701,mid,mid,2011-06-28,false
2018-09-27,12.14,46.3,46.26168224299065,mid,mid,2011-06-28,false
2018-09-28,12.26,48.8,48.80326911850554,mid,mid,2011-06-28,false
2018-10-08,11.75,38.9,38.85647607934656,mid,mid,2011-06-28,false
2018-10-09,11.76,39,38.95043731778426,mid,mid,2011-06-28,false
2018-10-10,11.76,39,38.98601398601399,mid,mid,2011-06-28,false
2018-10-11,11.22,32.1,32.14909726266744,mid,mid,2011-06-28,false
2018-10-12,11.39,33.8,33.81839348079162,mid,mid,2011-06-28,false
2018-10-15,11.22,32.2,32.16986620127981,mid,mid,2011-06-28,false
2018-10-16,11.16,31.6,31.569767441860463,mid,mid,2011-06-28,false
2018-10-17,11.23,32.3,32.30679837303893,mid,mid,2011-06-28,false
2018-10-18,10.92,28.9,28.9198606271777,low,mid,2011-06-28,false
2018-10-19,11.22,32.3,32.26929773650609,mid,mid,2011-06-28,false
2018-10-22,11.67,38.1,38.05104408352668,mid,mid,2011-06-28,false
2018-10-23,11.37,33.9,33.85507246376812,mid,mid,2011-06-28,false
2018-10-24,11.39,34.1,34.06720741599073,mid,mid,2011-06-28,false
2018-10-25,11.41,34.4,34.394904458598724,mid,mid,2011-06-28,false
2018-10-26,11.37,33.9,33.85416666666667,mid,mid,2011-06-28,false
2018-10-29,11.07,30.4,30.42220936957779,mid,mid,2011-06-28,false
2018-10-30,11.17,31.7,31.676300578034684,mid,mid,2011-06-28,false
2018-10-31,11.31,32.9,32.92894280762565,mid,mid,2011-06-28,false
2018-11-01,11.17,31.7,31.69745958429561,mid,mid,2011-06-28,false
2018-11-02,11.51,35.8,35.77611079053664,mid,mid,2011-06-28,false
2018-11-05,11.41,34.6,34.602076124567475,mid,mid,2011-06-28,false
2018-11-06,11.36,33.7,33.65994236311239,mid,mid,2011-06-28,false
2018-11-07,11.28,32.7,32.71889400921659,mid,mid,2011-06-28,false
2018-11-08,11.26,32.6,32.64248704663213,mid,mid,2011-06-28,false
2018-11-09,11.07,30.3,30.322209436133484,mid,mid,2011-06-28,false
2018-11-12,11.18,31.7,31.684876365727426,mid,mid,2011-06-28,false
2018-11-13,11.27,32.8,32.816091954022994,mid,mid,2011-06-28,false
2018-11-14,11.14,31.1,31.074095347501434,mid,mid,2011-06-28,false
2018-11-15,11.27,32.9,32.89322617680826,mid,mid,2011-06-28,false
2018-11-16,11.3,33.1,33.10384394721744,mid,mid,2011-06-28,false
2018-11-19,11.43,35.3,35.26376146788991,mid,mid,2011-06-28,false
2018-11-20,11.19,31.9,31.919770773638966,mid,mid,2011-06-28,false
2018-11-21,11.2,32,31.958762886597935,mid,mid,2011-06-28,false
2018-11-22,11.17,31.6,31.597023468803663,mid,mid,2011-06-28,false
2018-11-23,10.94,28.6,28.604118993135014,low,mid,2011-06-28,false
2018-11-26,10.92,28.5,28.530588907947397,low,mid,2011-06-28,false
2018-11-27,10.9,28.3,28.285714285714285,low,mid,2011-06-28,false
2018-11-28,11.03,29.6,29.58309537407196,low,mid,2011-06-28,false
2018-11-29,10.9,28.3,28.31050228310502,low,mid,2011-06-28,false
2018-11-30,11.01,29.5,29.54934398174558,low,mid,2011-06-28,false
2018-12-03,11.3,33.5,33.46636259977195,mid,mid,2011-06-28,false
2018-12-04,11.32,33.6,33.61823361823362,mid,mid,2011-06-28,false
2018-12-05,11.27,33.2,33.2004555808656,mid,mid,2011-06-28,false
2018-12-06,11.05,29.8,29.823562891291978,low,mid,2011-06-28,false
2018-12-07,11.06,30,29.977246871444823,low,mid,2011-06-28,false
2018-12-10,10.96,29,28.9937464468448,low,mid,2011-06-28,false
2018-12-11,11,29.4,29.375,low,mid,2011-06-28,false
2018-12-12,11.05,29.9,29.926178307779672,low,mid,2011-06-28,false
2018-12-13,11.2,32.4,32.406356413166854,mid,mid,2011-06-28,false
2018-12-14,11.05,29.9,29.948950652297217,low,mid,2011-06-28,false
2018-12-17,11.19,32.4,32.36961451247166,mid,mid,2011-06-28,false
2018-12-18,11.08,30.6,30.59490084985836,mid,mid,2011-06-28,false
2018-12-19,10.96,28.9,28.935447338618346,low,mid,2011-06-28,false
2018-12-20,10.88,27.7,27.7306168647425,low,mid,2011-06-28,false
2018-12-21,10.77,26.4,26.414027149321267,low,mid,2011-06-28,false
2018-12-24,10.81,26.7,26.738270209157715,low,mid,2011-06-28,false
2018-12-25,10.72,25.6,25.593220338983052,low,mid,2011-06-28,false
2018-12-26,10.69,25.3,25.296442687747035,low,mid,2011-06-28,false
2018-12-27,10.64,25,25,low,mid,2011-06-28,false
2018-12-28,10.71,25.6,25.606316976875355,low,mid,2011-06-28,false
2019-01-02,10.56,24.1,24.06989853438557,low,mid,2011-06-28,false
2019-01-03,10.55,23.9,23.887323943661972,low,mid,2011-06-28,false
2019-01-04,10.78,26.7,26.745495495495497,low,mid,2011-06-28,false
2019-01-07,10.83,27.2,27.236916150815983,low,mid,2011-06-28,false
2019-01-08,10.81,27.1,27.052868391451067,low,mid,2011-06-28,false
2019-01-09,10.91,28.7,28.667790893760543,low,mid,2011-06-28,false
2019-01-10,10.86,27.9,27.86516853932584,low,mid,2011-06-28,false
2019-01-11,10.93,29,29.028635597978663,low,mid,2011-06-28,false
2019-01-14,10.84,27.4,27.441077441077443,low,mid,2011-06-28,false
2019-01-15,11.01,30.2,30.173864273696015,mid,mid,2011-06-28,false
2019-01-16,11.02,30.2,30.213004484304935,mid,mid,2011-06-28,false
2019-01-17,10.97,29.7,29.69187675070028,low,mid,2011-06-28,false
2019-01-18,11.16,32.5,32.53079507278835,mid,mid,2011-06-28,false
2019-01-21,11.23,33.8,33.799664241745944,mid,mid,2011-06-28,false
2019-01-22,11.08,31.4,31.3758389261745,mid,mid,2011-06-28,false
2019-01-23,11.08,31.4,31.41419787590833,mid,mid,2011-06-28,false
2019-01-24,11.13,32.1,32.122905027932966,mid,mid,2011-06-28,false
2019-01-25,11.22,33.8,33.78001116694584,mid,mid,2011-06-28,false
2019-01-28,11.22,33.8,33.816964285714285,mid,mid,2011-06-28,false
2019-01-29,11.26,34.4,34.355828220858896,mid,mid,2011-06-28,false
2019-01-30,11.18,32.9,32.94314381270903,mid,mid,2011-06-28,false
2019-01-31,11.3,34.9,34.930362116991645,mid,mid,2011-06-28,false
2019-02-01,11.43,37.1,37.1380846325167,mid,mid,2011-06-28,false
2019-02-11,11.59,39.5,39.510294936004456,mid,mid,2011-06-28,false
2019-02-12,11.67,40.6,40.60066740823137,mid,mid,2011-06-28,false
2019-02-13,11.89,43.4,43.357420789327406,mid,mid,2011-06-28,false
2019-02-14,11.89,43.4,43.388888888888886,mid,mid,2011-06-28,false
2019-02-15,11.68,40.6,40.64408661854525,mid,mid,2011-06-28,false
2019-02-18,12.02,46.3,46.281908990011104,mid,mid,2011-06-28,false
2019-02-19,12,45.9,45.92346089850249,mid,mid,2011-06-28,false
2019-02-20,12.05,47.3,47.28381374722838,mid,mid,2011-06-28,false
2019-02-21,12,45.9,45.927977839335185,mid,mid,2011-06-28,false
2019-02-22,12.22,50.4,50.3875968992248,mid,mid,2011-06-28,false
2019-02-25,12.91,57.7,57.71997786386276,mid,mid,2011-06-28,false
2019-02-26,12.78,57.1,57.13495575221239,mid,mid,2011-06-28,false
2019-02-27,12.8,57.3,57.26920950801547,mid,mid,2011-06-28,false
2019-02-28,12.74,56.8,56.795580110497234,mid,mid,2011-06-28,false
2019-03-01,13.01,58.2,58.19988956377692,mid,mid,2011-06-28,false
2019-03-04,13.15,58.8,58.774834437086085,mid,mid,2011-06-28,false
2019-03-05,13.21,59.1,59.07335907335908,mid,mid,2011-06-28,false
2019-03-06,13.34,60.3,60.253583241455345,mid,mid,2011-06-28,false
2019-03-07,13.22,59.1,59.11845730027549,mid,mid,2011-06-28,false
2019-03-08,12.69,56.2,56.167400881057276,mid,mid,2011-06-28,false
2019-03-11,12.92,57.7,57.67749036873968,mid,mid,2011-06-28,false
2019-03-12,13.01,58.1,58.140814081408145,mid,mid,2011-06-28,false
2019-03-13,12.88,57.4,57.44914788345245,mid,mid,2011-06-28,false
2019-03-14,12.79,57,56.97802197802198,mid,mid,2011-06-28,false
2019-03-15,12.92,57.7,57.71554091158704,mid,mid,2011-06-28,false
2019-03-18,13.26,59.7,59.659714599341385,mid,mid,2011-06-28,false
2019-03-19,13.21,59.1,59.133296763576524,mid,mid,2011-06-28,false
2019-03-20,13.19,58.8,58.82675438596491,mid,mid,2011-06-28,false
2019-03-21,13.19,58.8,58.84931506849315,mid,mid,2011-06-28,false
2019-03-22,13.18,58.8,58.762322015334064,mid,mid,2011-06-28,false
2019-03-25,12.87,57.3,57.25232621784346,mid,mid,2011-06-28,false
2019-03-26,12.74,56.3,56.3457330415755,mid,mid,2011-06-28,false
2019-03-27,12.86,57.2,57.2443958447239,mid,mid,2011-06-28,false
2019-03-28,12.79,56.8,56.775956284153004,mid,mid,2011-06-28,false
2019-03-29,13.25,59.6,59.58492626979792,mid,mid,2011-06-28,false
2019-04-01,13.57,64.1,64.13755458515283,mid,mid,2011-06-28,false
2019-04-02,13.55,63.6,63.61156573922532,mid,mid,2011-06-28,false
2019-04-03,13.71,66.8,66.79389312977099,mid,mid,2011-06-28,false
2019-04-04,13.85,69.2,69.15531335149863,mid,mid,2011-06-28,false
2019-04-05,13.85,69.2,69.17211328976035,mid,mid,2011-06-28,false
2019-04-08,13.84,69,68.97114861186718,mid,mid,2011-06-28,false
2019-04-09,13.86,69.4,69.42328618063112,mid,mid,2011-06-28,false
2019-04-10,13.86,69.4,69.43991299619358,mid,mid,2011-06-28,false
2019-04-11,13.61,64.5,64.45652173913044,mid,mid,2011-06-28,false
2019-04-12,13.6,64.4,64.3671917436176,mid,mid,2011-06-28,false
2019-04-15,13.56,63.6,63.62649294245385,mid,mid,2011-06-28,false
2019-04-16,13.91,70.3,70.26587086272383,high,mid,2011-06-28,false
2019-04-17,13.93,70.4,70.44468546637745,high,mid,2011-06-28,false
2019-04-18,13.88,69.8,69.7560975609756,mid,mid,2011-06-28,false
2019-04-19,13.99,71.3,71.34344528710726,high,mid,2011-06-28,false
2019-04-22,13.71,66.5,66.54033567948024,mid,mid,2011-06-28,false
2019-04-23,13.68,65.9,65.85497835497836,mid,mid,2011-06-28,false
2019-04-24,13.7,66.2,66.19794483504597,mid,mid,2011-06-28,false
2019-04-25,13.43,61.4,61.35135135135135,mid,mid,2011-06-28,false
2019-04-26,13.26,59.3,59.26526202052944,mid,mid,2011-06-28,false
2019-04-29,13.28,59.5,59.50323974082073,mid,mid,2011-06-28,false
2019-04-30,13.32,59.8,59.84889368591473,mid,mid,2011-06-28,false
2019-05-01,13.32,59.9,59.8705501618123,mid,mid,2011-06-28,false
2019-05-02,13.32,59.9,59.892183288409704,mid,mid,2011-06-28,false
2019-05-03,13.32,59.9,59.91379310344828,mid,mid,2011-06-28,false
2019-05-06,13.17,58,57.996768982229405,mid,mid,2011-06-28,false
2019-05-07,13.27,59.2,59.20344456404736,mid,mid,2011-06-28,false
2019-05-08,13.09,57.7,57.66541151156536,mid,mid,2011-06-28,false
2019-05-09,12.86,56.4,56.39784946236559,mid,mid,2011-06-28,false
2019-05-10,13.26,59.2,59.16174099946265,mid,mid,2011-06-28,false
2019-05-13,13.07,57.5,57.5187969924812,mid,mid,2011-06-28,false
2019-05-14,12.99,57.1,57.058507783145465,mid,mid,2011-06-28,false
2019-05-15,13.25,58.9,58.851931330472105,mid,mid,2011-06-28,false
2019-05-16,13.31,59.7,59.73190348525469,mid,mid,2011-06-28,false
2019-05-17,13.01,57.2,57.18113612004287,mid,mid,2011-06-28,false
2019-05-20,12.95,56.8,56.82913765399036,mid,mid,2011-06-28,false
2019-05-21,13.09,57.7,57.70877944325482,mid,mid,2011-06-28,false
2019-05-22,13.04,57.4,57.356875334403426,mid,mid,2011-06-28,false
2019-05-23,12.85,56,56.0427807486631,mid,mid,2011-06-28,false
2019-05-24,12.87,56.2,56.226616782469264,mid,mid,2011-06-28,false
2019-05-27,13,57,56.99786324786324,mid,mid,2011-06-28,false
2019-05-28,13.12,57.9,57.87506673785371,mid,mid,2011-06-28,false
2019-05-29,13.1,57.8,57.79082177161152,mid,mid,2011-06-28,false
2019-05-30,13.04,57.4,57.38666666666666,mid,mid,2011-06-28,false
2019-05-31,12.99,56.9,56.876332622601275,mid,mid,2011-06-28,false
2019-06-03,12.99,56.9,56.89930740543421,mid,mid,2011-06-28,false
2019-06-04,12.89,56.2,56.176783812566555,mid,mid,2011-06-28,false
2019-06-05,12.89,56.2,56.20010643959553,mid,mid,2011-06-28,false
2019-06-06,12.78,55.2,55.159574468085104,mid,mid,2011-06-28,false
2019-06-07,12.78,55.2,55.183413078149925,mid,mid,2011-06-28,false
2019-06-10,12.91,56.4,56.37619553666312,mid,mid,2011-06-28,false
2019-06-11,13.23,59,59.0015932023367,mid,mid,2011-06-28,false
2019-06-12,13.13,58.1,58.12101910828026,mid,mid,2011-06-28,false
2019-06-13,13.11,57.9,57.931034482758626,mid,mid,2011-06-28,false
2019-06-14,13.02,57.3,57.26405090137858,mid,mid,2011-06-28,false
2019-06-17,13.25,59.3,59.30047694753577,mid,mid,2011-06-28,false
2019-06-18,13.27,59.8,59.79872881355932,mid,mid,2011-06-28,false
2019-06-19,13.4,61.5,61.514028586553735,mid,mid,2011-06-28,false
2019-06-20,13.76,68.3,68.25396825396825,mid,mid,2011-06-28,false
2019-06-21,13.8,69,69.01110523532522,mid,mid,2011-06-28,false
2019-06-24,13.83,69.3,69.29175475687104,mid,mid,2011-06-28,false
2019-06-25,13.71,67.2,67.19492868462757,mid,mid,2011-06-28,false
2019-06-26,13.68,66.4,66.42027455121436,mid,mid,2011-06-28,false
2019-06-27,13.79,68.9,68.91820580474935,mid,mid,2011-06-28,false
2019-06-28,13.72,67.7,67.66877637130801,mid,mid,2011-06-28,false
2019-07-01,14.06,72.5,72.53558249868213,high,mid,2011-06-28,false
2019-07-02,14.06,72.6,72.55005268703898,high,mid,2011-06-28,false
2019-07-03,13.9,70.7,70.72143233280674,high,mid,2011-06-28,false
2019-07-04,13.84,69.5,69.52631578947368,mid,mid,2011-06-28,false
2019-07-05,13.88,70.4,70.43661230931089,high,mid,2011-06-28,false
2019-07-08,13.57,64,64.03785488958991,mid,mid,2011-06-28,false
2019-07-09,13.53,63.3,63.26852338413032,mid,mid,2011-06-28,false
2019-07-10,13.49,62.6,62.55252100840336,mid,mid,2011-06-28,false
2019-07-11,13.49,62.6,62.57217847769029,mid,mid,2011-06-28,false
2019-07-12,13.57,64.1,64.11332633788038,mid,mid,2011-06-28,false
2019-07-15,13.61,64.7,64.70896696381752,mid,mid,2011-06-28,false
2019-07-16,13.56,63.7,63.731656184486376,mid,mid,2011-06-28,false
2019-07-17,13.55,63.4,63.38397066526977,mid,mid,2011-06-28,false
2019-07-18,13.43,61.5,61.518324607329845,mid,mid,2011-06-28,false
2019-07-19,13.56,63.8,63.788592360020935,mid,mid,2011-06-28,false
2019-07-22,13.47,62.2,62.186192468619254,mid,mid,2011-06-28,false
2019-07-23,13.5,62.7,62.72869837950863,mid,mid,2011-06-28,false
2019-07-24,13.6,64.7,64.68129571577848,mid,mid,2011-06-28,false
2019-07-25,13.69,66.6,66.63185378590079,mid,mid,2011-06-28,false
2019-07-26,13.72,67.7,67.74530271398747,mid,mid,2011-06-28,false
2019-07-29,13.7,66.8,66.77099634846114,mid,mid,2011-06-28,false
2019-07-30,13.75,68.1,68.09176225234619,mid,mid,2011-06-28,false
2019-07-31,13.65,65.7,65.65919749869724,mid,mid,2011-06-28,false
2019-08-01,13.53,63,63.020833333333336,mid,mid,2011-06-28,false
2019-08-02,13.34,59.8,59.81259760541384,mid,mid,2011-06-28,false
2019-08-05,13.09,56.8,56.81581685744017,mid,mid,2011-06-28,false
2019-08-06,12.95,55.6,55.590223608944356,mid,mid,2011-06-28,false
2019-08-07,12.89,55,55.04158004158004,mid,mid,2011-06-28,false
2019-08-08,13.05,56.5,56.467532467532465,mid,mid,2011-06-28,false
2019-08-09,12.95,55.6,55.60747663551402,mid,mid,2011-06-28,false
2019-08-12,13.16,57.3,57.343020238713024,mid,mid,2011-06-28,false
2019-08-13,13.06,56.5,56.53526970954357,mid,mid,2011-06-28,false
2019-08-14,13.12,57.1,57.128045619491964,mid,mid,2011-06-28,false
2019-08-15,13.16,57.4,57.409326424870464,mid,mid,2011-06-28,false
2019-08-16,13.19,57.7,57.69031589849819,mid,mid,2011-06-28,false
2019-08-19,13.46,61.9,61.904761904761905,mid,mid,2011-06-28,false
2019-08-20,13.44,61.6,61.56233833419555,mid,mid,2011-06-28,false
2019-08-21,13.43,61.4,61.37538779731128,mid,mid,2011-06-28,false
2019-08-22,13.45,61.7,61.70542635658914,mid,mid,2011-06-28,false
2019-08-23,13.53,63.3,63.32644628099173,mid,mid,2011-06-28,false
2019-08-26,13.35,59.9,59.93804852865255,mid,mid,2011-06-28,false
2019-08-27,13.53,63.4,63.36429308565531,mid,mid,2011-06-28,false
2019-08-28,13.48,62.2,62.248581743166575,mid,mid,2011-06-28,false
2019-08-29,13.45,61.6,61.649484536082475,mid,mid,2011-06-28,false
2019-08-30,13.47,62.2,62.18444100978877,mid,mid,2011-06-28,false
2019-09-02,12.75,53.1,53.14109165808445,mid,mid,2011-06-28,false
2019-09-03,12.78,53.5,53.52547606793618,mid,mid,2011-06-28,false
2019-09-04,12.89,54.6,54.629629629629626,mid,mid,2011-06-28,false
2019-09-05,13.01,55.8,55.78406169665809,mid,mid,2011-06-28,false
2019-09-06,13.08,56.4,56.42343268242549,mid,mid,2011-06-28,false
2019-09-09,13.15,57.1,57.11350796096559,mid,mid,2011-06-28,false
2019-09-10,13.12,56.9,56.87885010266941,mid,mid,2011-06-28,false
2019-09-11,13.04,56,56.02873268342739,mid,mid,2011-06-28,false
2019-09-12,13.16,57.3,57.282051282051285,mid,mid,2011-06-28,false
2019-09-13,13.16,57.3,57.30394669400307,mid,mid,2011-06-28,false
2019-09-16,13.13,57,56.9672131147541,mid,mid,2011-06-28,false
2019-09-17,12.92,54.7,54.68509984639017,mid,mid,2011-06-28,false
2019-09-18,12.96,55.1,55.117707267144326,mid,mid,2011-06-28,false
2019-09-19,13.01,55.7,55.65217391304348,mid,mid,2011-06-28,false
2019-09-20,13.05,56.1,56.0838445807771,mid,mid,2011-06-28,false
2019-09-23,12.91,54.5,54.471129279509455,mid,mid,2011-06-28,false
2019-09-24,12.94,54.8,54.80081716036772,mid,mid,2011-06-28,false
2019-09-25,12.83,53.6,53.649821337417045,mid,mid,2011-06-28,false
2019-09-26,12.75,52.7,52.704081632653065,mid,mid,2011-06-28,false
2019-09-27,12.77,52.8,52.83018867924528,mid,mid,2011-06-28,false
2019-09-30,12.66,51.9,51.93679918450561,mid,mid,2011-06-28,false
2019-10-01,12.66,52,51.96128374936322,mid,mid,2011-06-28,false
2019-10-02,12.66,52,51.985743380855396,mid,mid,2011-06-28,false
2019-10-03,12.66,52,52.01017811704835,mid,mid,2011-06-28,false
2019-10-04,12.66,52,52.03458799593083,mid,mid,2011-06-28,false
2019-10-07,12.66,52.1,52.058973055414334,mid,mid,2011-06-28,false
2019-10-08,12.71,52.4,52.38821138211382,mid,mid,2011-06-28,false
2019-10-09,12.74,52.7,52.71711528694769,mid,mid,2011-06-28,false
2019-10-10,12.83,53.9,53.90862944162437,mid,mid,2011-06-28,false
2019-10-11,12.96,55.4,55.403348554033485,mid,mid,2011-06-28,false
2019-10-14,13.1,57,56.99797160243407,mid,mid,2011-06-28,false
2019-10-15,13.05,56.4,56.41155600608211,mid,mid,2011-06-28,false
2019-10-16,13,55.6,55.62310030395137,mid,mid,2011-06-28,false
2019-10-17,13.01,55.9,55.949367088607595,mid,mid,2011-06-28,false
2019-10-18,12.85,53.9,53.89676113360324,mid,mid,2011-06-28,false
2019-10-21,12.9,54.5,54.47647951441578,mid,mid,2011-06-28,false
2019-10-22,12.95,55.2,55.20728008088979,mid,mid,2011-06-28,false
2019-10-23,12.89,54.4,54.37089439110662,mid,mid,2011-06-28,false
2019-10-24,12.89,54.4,54.39393939393939,mid,mid,2011-06-28,false
2019-10-25,12.97,55.5,55.47703180212014,mid,mid,2011-06-28,false
2019-10-28,13.06,56.7,56.71039354187689,mid,mid,2011-06-28,false
2019-10-29,12.99,55.6,55.62279374684821,mid,mid,2011-06-28,false
2019-10-30,12.95,55.2,55.19153225806451,mid,mid,2011-06-28,false
2019-10-31,12.92,54.7,54.7103274559194,mid,mid,2011-06-28,false
2019-11-01,12.8,53.2,53.17220543806647,mid,mid,2011-06-28,false
2019-11-04,12.88,54,53.95067941620534,mid,mid,2011-06-28,false
2019-11-05,12.96,55.4,55.43259557344064,mid,mid,2011-06-28,false
2019-11-06,12.91,54.6,54.55002513826043,mid,mid,2011-06-28,false
2019-11-07,12.91,54.6,54.57286432160804,mid,mid,2011-06-28,false
2019-11-08,12.85,53.6,53.591160220994475,mid,mid,2011-06-28,false
2019-11-11,12.63,51,51.00401606425703,mid,mid,2011-06-28,false
2019-11-12,12.64,51.1,51.078775715002514,mid,mid,2011-06-28,false
2019-11-13,12.61,50.8,50.80240722166499,mid,mid,2011-06-28,false
2019-11-14,12.62,51,50.97744360902256,mid,mid,2011-06-28,false
2019-11-15,12.54,50.1,50.1002004008016,mid,mid,2011-06-28,false
2019-11-18,12.62,51,51.02653980971458,mid,mid,2011-06-28,false
2019-11-19,12.73,52.2,52.152152152152155,mid,mid,2011-06-28,false
2019-11-20,12.62,51,51.02551275637819,mid,mid,2011-06-28,false
2019-11-21,12.57,50.3,50.349999999999994,mid,mid,2011-06-28,false
2019-11-22,12.46,49.5,49.47526236881559,mid,mid,2011-06-28,false
2019-11-25,12.56,50.2,50.1998001998002,mid,mid,2011-06-28,false
2019-11-26,12.61,50.8,50.82376435346979,mid,mid,2011-06-28,false
2019-11-27,12.56,50.2,50.199600798403196,mid,mid,2011-06-28,false
2019-11-28,12.51,49.6,49.62593516209476,mid,mid,2011-06-28,false
2019-11-29,12.4,48.2,48.20538384845464,mid,mid,2011-06-28,false
2019-12-02,12.42,48.6,48.629795714997506,mid,mid,2011-06-28,false
2019-12-03,12.46,49.5,49.452191235059765,mid,mid,2011-06-28,false
2019-12-04,12.43,48.8,48.78048780487805,mid,mid,2011-06-28,false
2019-12-05,12.53,50,49.950248756218905,mid,mid,2011-06-28,false
2019-12-06,12.59,50.8,50.77076081551467,mid,mid,2011-06-28,false
2019-12-09,12.58,50.6,50.64612326043738,mid,mid,2011-06-28,false
2019-12-10,12.58,50.7,50.670640834575266,mid,mid,2011-06-28,false
2019-12-11,12.6,50.9,50.943396226415096,mid,mid,2011-06-28,false
2019-12-12,12.57,50.5,50.47146401985112,mid,mid,2011-06-28,false
2019-12-13,12.82,53.7,53.720238095238095,mid,mid,2011-06-28,false
2019-12-16,13.07,57.6,57.56073376301438,mid,mid,2011-06-28,false
2019-12-17,13.24,59.6,59.5639246778989,mid,mid,2011-06-28,false
2019-12-18,13.22,59.4,59.385834571570086,mid,mid,2011-06-28,false
2019-12-19,13.2,59.1,59.059405940594054,mid,mid,2011-06-28,false
2019-12-20,13.17,58.7,58.73330034636318,mid,mid,2011-06-28,false
2019-12-23,13,56.3,56.33036597428289,mid,mid,2011-06-28,false
2019-12-24,13.07,57.5,57.48887790410282,mid,mid,2011-06-28,false
2019-12-25,13.06,57.3,57.31225296442688,mid,mid,2011-06-28,false
2019-12-26,13.18,58.9,58.864197530864196,mid,mid,2011-06-28,false
2019-12-27,13.17,58.8,58.785784797630804,mid,mid,2011-06-28,false
2019-12-30,13.35,61.5,61.51948692649235,mid,mid,2011-06-28,false
2019-12-31,13.39,62,61.98224852071006,mid,mid,2011-06-28,false
2020-01-01,13.39,62,62.00098570724495,mid,mid,2011-06-28,false
2020-01-02,13.55,65.2,65.22167487684729,mid,mid,2011-06-28,false
2020-01-03,13.53,65,64.99261447562778,mid,mid,2011-06-28,false
2020-01-06,13.5,64.4,64.37007874015748,mid,mid,2011-06-28,false
2020-01-07,13.59,66.3,66.2567634038367,mid,mid,2011-06-28,false
2020-01-08,13.43,62.8,62.7826941986234,mid,mid,2011-06-28,false
2020-01-09,13.57,66,65.995085995086,mid,mid,2011-06-28,false
2020-01-10,13.57,66,66.01178781925344,mid,mid,2011-06-28,false
2020-01-13,13.68,68.2,68.23760432007855,mid,mid,2011-06-28,false
2020-01-14,13.64,67.4,67.36997055937192,mid,mid,2011-06-28,false
2020-01-15,13.56,65.5,65.5223148602256,mid,mid,2011-06-28,false
2020-01-16,13.49,63.9,63.87254901960784,mid,mid,2011-06-28,false
2020-01-17,13.5,64.2,64.23321901028908,mid,mid,2011-06-28,false
2020-01-20,13.59,66.3,66.307541625857,mid,mid,2011-06-28,false
2020-01-21,13.38,61.5,61.47821830641214,mid,mid,2011-06-28,false
2020-01-22,13.44,62.8,62.769080234833666,mid,mid,2011-06-28,false
2020-01-23,13.07,57,56.96821515892421,mid,mid,2011-06-28,false
2020-01-24,13.07,57,56.98924731182796,mid,mid,2011-06-28,false
2020-01-27,13.07,57,57.01025891548608,mid,mid,2011-06-28,false
2020-01-28,13.07,57,57.03125,mid,mid,2011-06-28,false
2020-01-29,13.07,57.1,57.05222059541239,mid,mid,2011-06-28,false
2020-01-30,13.07,57.1,57.073170731707314,mid,mid,2011-06-28,false
2020-01-31,13.07,57.1,57.09410043881034,mid,mid,2011-06-28,false
2020-02-03,12.06,41.9,41.86159844054581,mid,mid,2011-06-28,false
2020-02-04,12.34,46.4,46.37116415002435,mid,mid,2011-06-28,false
2020-02-05,12.48,48.6,48.63680623174294,mid,mid,2011-06-28,false
2020-02-06,12.69,51.2,51.240875912408754,mid,mid,2011-06-28,false
2020-02-07,12.69,51.3,51.264591439688715,mid,mid,2011-06-28,false
2020-02-10,12.73,51.8,51.77442877977637,mid,mid,2011-06-28,false
2020-02-11,12.84,53.3,53.2555879494655,mid,mid,2011-06-28,false
2020-02-12,12.93,54.7,54.68674113647401,mid,mid,2011-06-28,false
2020-02-13,12.86,53.5,53.49514563106796,mid,mid,2011-06-28,false
2020-02-14,12.93,54.7,54.73071324599709,mid,mid,2011-06-28,false
2020-02-17,13.22,59.4,59.35984481086324,mid,mid,2011-06-28,false
2020-02-18,13.15,58.2,58.21619001454192,mid,mid,2011-06-28,false
2020-02-19,13.14,58,58.04263565891473,mid,mid,2011-06-28,false
2020-02-20,13.41,62.4,62.42130750605327,mid,mid,2011-06-28,false
2020-02-21,13.43,62.9,62.923523717328166,mid,mid,2011-06-28,false
2020-02-24,13.38,61.8,61.780358006773106,mid,mid,2011-06-28,false
2020-02-25,13.32,60.9,60.928433268858804,mid,mid,2011-06-28,false
2020-02-26,13.19,58.8,58.772353794103424,mid,mid,2011-06-28,false
2020-02-27,13.21,59.1,59.130434782608695,mid,mid,2011-06-28,false
2020-02-28,12.76,51.8,51.81071945919845,mid,mid,2011-06-28,false
2020-03-02,13.15,58.1,58.108108108108105,mid,mid,2011-06-28,false
2020-03-03,13.22,59.4,59.382537385431746,mid,mid,2011-06-28,false
2020-03-04,13.29,60.5,60.511089681774344,mid,mid,2011-06-28,false
2020-03-05,13.57,66.5,66.50602409638554,mid,mid,2011-06-28,false
2020-03-06,13.37,61.7,61.70520231213873,mid,mid,2011-06-28,false
2020-03-09,12.95,54.8,54.79056331246991,mid,mid,2011-06-28,false
2020-03-10,13.2,58.9,58.854667949951875,mid,mid,2011-06-28,false
2020-03-11,13.05,56.2,56.22895622895623,mid,mid,2011-06-28,false
2020-03-12,12.82,52.5,52.45192307692308,mid,mid,2011-06-28,false
2020-03-13,12.65,50.2,50.2162421912542,mid,mid,2011-06-28,false
2020-03-16,12.19,43.2,43.22766570605187,mid,mid,2011-06-28,false
2020-03-17,12.12,42.2,42.15074411905905,mid,mid,2011-06-28,false
2020-03-18,11.89,37.6,37.57197696737044,mid,mid,2011-06-28,false
2020-03-19,11.74,35.8,35.827338129496404,mid,mid,2011-06-28,false
2020-03-20,11.94,38.9,38.878235858101625,mid,mid,2011-06-28,false
2020-03-23,11.56,33.4,33.397220891231434,mid,mid,2011-06-28,false
2020-03-24,11.86,37.2,37.16475095785441,mid,mid,2011-06-28,false
2020-03-25,12.15,42.8,42.84346577309718,mid,mid,2011-06-28,false
2020-03-26,12.08,41.6,41.578947368421055,mid,mid,2011-06-28,false
2020-03-27,12.12,42.3,42.32424677187948,mid,mid,2011-06-28,false
2020-03-30,12.02,40.2,40.24856596558317,mid,mid,2011-06-28,false
2020-03-31,12.06,41.4,41.37601528905876,mid,mid,2011-06-28,false
2020-04-01,12,39.9,39.875835721107926,mid,mid,2011-06-28,false
2020-04-02,12.2,43.7,43.67541766109785,mid,mid,2011-06-28,false
2020-04-03,12.13,42.5,42.50954198473282,mid,mid,2011-06-28,false
2020-04-06,12.13,42.5,42.53695755841679,mid,mid,2011-06-28,false
2020-04-07,12.38,46.7,46.663489037178266,mid,mid,2011-06-28,false
2020-04-08,12.32,45.8,45.831348261076705,mid,mid,2011-06-28,false
2020-04-09,12.36,46.6,46.57142857142857,mid,mid,2011-06-28,false
2020-04-10,12.27,45.3,45.26415992384579,mid,mid,2011-06-28,false
2020-04-13,12.23,44.5,44.5290199809705,mid,mid,2011-06-28,false
2020-04-14,12.44,47.8,47.83642415596766,mid,mid,2011-06-28,false
2020-04-15,12.36,46.6,46.625475285171106,mid,mid,2011-06-28,false
2020-04-16,12.38,46.8,46.79334916864608,mid,mid,2011-06-28,false
2020-04-17,12.5,48.7,48.670465337132,mid,mid,2011-06-28,false
2020-04-20,12.53,49,49.02705268153773,mid,mid,2011-06-28,false
2020-04-21,12.4,47.1,47.106261859582546,mid,mid,2011-06-28,false
2020-04-22,12.48,48.6,48.601232811759125,mid,mid,2011-06-28,false
2020-04-23,12.46,48.4,48.43601895734597,mid,mid,2011-06-28,false
2020-04-24,12.35,46.1,46.13927048792042,mid,mid,2011-06-28,false
2020-04-27,12.42,47.5,47.53787878787879,mid,mid,2011-06-28,false
2020-04-28,12.48,48.7,48.69853289162329,mid,mid,2011-06-28,false
2020-04-29,12.53,49.2,49.195837275307476,mid,mid,2011-06-28,false
2020-04-30,12.68,51.3,51.34751773049645,mid,mid,2011-06-28,false
2020-05-01,12.68,51.4,51.37051039697542,mid,mid,2011-06-28,false
2020-05-04,12.68,51.4,51.39348134152102,mid,mid,2011-06-28,false
2020-05-05,12.68,51.4,51.41643059490085,mid,mid,2011-06-28,false
2020-05-06,12.95,55.6,55.59226050023596,mid,mid,2011-06-28,false
2020-05-07,12.9,54.5,54.52830188679245,mid,mid,2011-06-28,false
2020-05-08,13.02,56.7,56.67138142385667,mid,mid,2011-06-28,false
2020-05-11,13.01,56.6,56.550424128180964,mid,mid,2011-06-28,false
2020-05-12,13,56.2,56.19406500235515,mid,mid,2011-06-28,false
2020-05-13,13.02,56.7,56.73258003766478,mid,mid,2011-06-28,false
2020-05-14,12.89,54.3,54.30588235294118,mid,mid,2011-06-28,false
2020-05-15,12.85,53.6,53.62182502351834,mid,mid,2011-06-28,false
2020-05-18,12.88,54,53.97273154677951,mid,mid,2011-06-28,false
2020-05-19,12.99,56.1,56.06203007518798,mid,mid,2011-06-28,false
2020-05-20,12.92,54.9,54.90840770314702,mid,mid,2011-06-28,false
2020-05-21,12.85,53.6,53.568075117370896,mid,mid,2011-06-28,false
2020-05-22,12.58,49.6,49.64805255748475,mid,mid,2011-06-28,false
2020-05-25,12.59,49.8,49.812382739212005,mid,mid,2011-06-28,false
2020-05-26,12.71,51.6,51.57055789967182,mid,mid,2011-06-28,false
2020-05-27,12.64,50.5,50.51546391752577,mid,mid,2011-06-28,false
2020-05-28,12.68,51.2,51.194379391100696,mid,mid,2011-06-28,false
2020-05-29,12.69,51.4,51.357677902621724,mid,mid,2011-06-28,false
2020-06-01,13.01,56.8,56.80861020121666,mid,mid,2011-06-28,false
2020-06-02,13.04,57.2,57.24976613657624,mid,mid,2011-06-28,false
2020-06-03,13.05,57.5,57.45675549322114,mid,mid,2011-06-28,false
2020-06-04,12.98,55.9,55.93457943925234,mid,mid,2011-06-28,false
2020-06-05,13.04,57.3,57.26296123306865,mid,mid,2011-06-28,false
2020-06-08,13.09,58.5,58.496732026143796,mid,mid,2011-06-28,false
2020-06-09,13.17,59.6,59.636024265048995,mid,mid,2011-06-28,false
2020-06-10,13.14,59,59.001865671641795,mid,mid,2011-06-28,false
2020-06-11,12.99,56.1,56.08391608391609,mid,mid,2011-06-28,false
2020-06-12,13,56.3,56.29077353215284,mid,mid,2011-06-28,false
2020-06-15,13.01,56.7,56.73032137866792,mid,mid,2011-06-28,false
2020-06-16,13.19,60,60.009310986964614,mid,mid,2011-06-28,false
2020-06-17,13.19,60,60.02791996277338,mid,mid,2011-06-28,false
2020-06-18,13.26,61.4,61.395348837209305,mid,mid,2011-06-28,false
2020-06-19,13.42,64,63.970246397024646,mid,mid,2011-06-28,false
2020-06-22,13.42,64,63.986988847583646,mid,mid,2011-06-28,false
2020-06-23,13.47,65.3,65.30422666047374,mid,mid,2011-06-28,false
2020-06-24,13.53,66.6,66.62024141132777,mid,mid,2011-06-28,false
2020-06-25,13.53,66.6,66.63573085846868,mid,mid,2011-06-28,false
2020-06-26,13.53,66.7,66.65120593692022,mid,mid,2011-06-28,false
2020-06-29,13.45,64.7,64.67315716272601,mid,mid,2011-06-28,false
2020-06-30,13.57,67.8,67.79425393883226,mid,mid,2011-06-28,false
2020-07-01,13.82,72.8,72.8114867994442,high,mid,2011-06-28,false
2020-07-02,14.12,76.7,76.66666666666667,high,mid,2011-06-28,false
2020-07-03,14.42,82.7,82.69319759370661,high,mid,2011-06-28,false
2020-07-06,15.26,91.9,91.85938945420907,extreme,mid,2011-06-28,false
2020-07-07,15.34,92.5,92.46417013407304,extreme,mid,2011-06-28,false
2020-07-08,15.56,94.3,94.26987060998152,extreme,mid,2011-06-28,false
2020-07-09,15.76,94.8,94.82678983833718,extreme,mid,2011-06-28,false
2020-07-10,15.41,92.9,92.93628808864266,extreme,extreme,2011-06-28,false
2020-07-13,15.69,94.7,94.73927088140286,extreme,extreme,2011-06-28,false
2020-07-14,15.55,94.1,94.0959409594096,extreme,extreme,2011-06-28,false
2020-07-15,15.33,92.1,92.11618257261411,extreme,extreme,2011-06-28,false
2020-07-16,14.62,84.5,84.47004608294931,high,extreme,2011-06-28,false
2020-07-17,14.7,85.2,85.2141870105942,high,extreme,2011-06-28,false
2020-07-20,15.12,89.9,89.87108655616943,high,extreme,2011-06-28,false
2020-07-21,15.14,90.1,90.10584445467096,extreme,extreme,2011-06-28,false
2020-07-22,15.21,90.9,90.89236430542779,extreme,extreme,2011-06-28,false
2020-07-23,15.17,90.3,90.29885057471265,extreme,extreme,2011-06-28,false
2020-07-24,14.56,83.8,83.82352941176471,high,extreme,2011-06-28,false
2020-07-27,14.64,84.5,84.51998162609094,high,extreme,2011-06-28,false
2020-07-28,14.76,85.5,85.53719008264463,high,extreme,2011-06-28,false
2020-07-29,15.09,89.4,89.3529141808169,high,extreme,2011-06-28,false
2020-07-30,15.02,88.5,88.4862385321101,high,extreme,2011-06-28,false
2020-07-31,15.12,89.8,89.77533241632278,high,extreme,2011-06-28,false
2020-08-03,15.35,92.4,92.3923006416132,extreme,extreme,2011-06-28,false
2020-08-04,15.38,92.7,92.67063673843336,extreme,extreme,2011-06-28,false
2020-08-05,15.37,92.6,92.62820512820514,extreme,extreme,2011-06-28,false
2020-08-06,15.34,92.2,92.17391304347827,extreme,extreme,2011-06-28,false
2020-08-07,15.18,90.4,90.39341262580055,extreme,extreme,2011-06-28,false
2020-08-10,15.27,91.5,91.49519890260632,extreme,extreme,2011-06-28,false
2020-08-11,15.14,89.8,89.80804387568556,high,extreme,2011-06-28,false
2020-08-12,15.05,88.5,88.53357697578804,high,extreme,2011-06-28,false
2020-08-13,15.01,88,87.99086757990867,high,extreme,2011-06-28,false
2020-08-14,15.24,91.1,91.14559561843907,extreme,extreme,2011-06-28,false
2020-08-17,15.61,94.4,94.38868613138686,extreme,extreme,2011-06-28,false
2020-08-18,15.61,94.4,94.39124487004104,extreme,extreme,2011-06-28,false
2020-08-19,15.4,92.8,92.75296262534184,extreme,extreme,2011-06-28,false
2020-08-20,15.19,90.3,90.250569476082,extreme,extreme,2011-06-28,false
2020-08-21,15.31,91.7,91.66666666666666,extreme,extreme,2011-06-28,false
2020-08-24,15.39,92.6,92.58079198907602,extreme,extreme,2011-06-28,false
2020-08-25,15.39,92.6,92.58416742493175,extreme,extreme,2011-06-28,false
2020-08-26,15.23,90.8,90.76853115052297,extreme,extreme,2011-06-28,false
2020-08-27,15.31,91.6,91.5909090909091,extreme,extreme,2011-06-28,false
2020-08-28,15.64,94.6,94.59336665152203,extreme,extreme,2011-06-28,false
2020-08-31,15.54,93.9,93.91462306993643,extreme,extreme,2011-06-28,false
2020-09-01,16.08,96,96.00544711756696,extreme,extreme,2011-06-28,false
2020-09-02,16.09,96,96.00725952813067,extreme,extreme,2011-06-28,false
2020-09-03,16.01,95.6,95.55555555555556,extreme,extreme,2011-06-28,false
2020-09-04,15.85,95,94.96826835902085,extreme,extreme,2011-06-28,false
2020-09-07,15.52,93.6,93.61123697326687,extreme,extreme,2011-06-28,false
2020-09-08,15.61,94.2,94.20289855072464,extreme,extreme,2011-06-28,false
2020-09-09,15.28,90.9,90.90086011770032,extreme,extreme,2011-06-28,false
2020-09-10,15.29,91,90.9502262443439,extreme,extreme,2011-06-28,false
2020-09-11,15.43,92.8,92.76345545002262,extreme,extreme,2011-06-28,false
2020-09-14,15.49,93.3,93.26401446654612,extreme,extreme,2011-06-28,false
2020-09-15,15.59,94,94.03524627202891,extreme,extreme,2011-06-28,false
2020-09-16,15.5,93.2,93.22493224932249,extreme,extreme,2011-06-28,false
2020-09-17,15.41,92.4,92.37020316027088,extreme,extreme,2011-06-28,false
2020-09-18,15.75,94.7,94.7202166064982,extreme,extreme,2011-06-28,false
2020-09-21,15.6,94,94.04600811907984,extreme,extreme,2011-06-28,false
2020-09-22,15.44,92.7,92.65103697024347,extreme,extreme,2011-06-28,false
2020-09-23,15.48,93,92.96980621901757,extreme,extreme,2011-06-28,false
2020-09-24,15.22,89.7,89.72972972972974,high,extreme,2011-06-28,false
2020-09-25,15.23,90,89.95947771274201,high,extreme,2011-06-28,false
2020-09-28,15.28,90.5,90.5040504050405,extreme,extreme,2011-06-28,false
2020-09-29,15.3,90.7,90.73324336482231,extreme,extreme,2011-06-28,false
2020-09-30,15.29,90.6,90.55755395683454,extreme,extreme,2011-06-28,false
2020-10-01,15.29,90.6,90.56179775280899,extreme,extreme,2011-06-28,false
2020-10-02,15.29,90.6,90.56603773584906,extreme,extreme,2011-06-28,false
2020-10-05,15.29,90.6,90.57027391109116,extreme,extreme,2011-06-28,false
2020-10-06,15.29,90.6,90.57450628366249,extreme,extreme,2011-06-28,false
2020-10-07,15.29,90.6,90.57873485868102,extreme,extreme,2011-06-28,false
2020-10-08,15.29,90.6,90.5829596412556,extreme,extreme,2011-06-28,false
2020-10-09,15.56,93.9,93.85925593904079,extreme,extreme,2011-06-28,false
2020-10-12,16.01,95.6,95.60931899641577,extreme,extreme,2011-06-28,false
2020-10-13,16.05,95.7,95.70085087326467,extreme,extreme,2011-06-28,false
2020-10-14,15.96,95.4,95.38943598925694,extreme,extreme,2011-06-28,false
2020-10-15,15.94,95.3,95.34675615212528,extreme,extreme,2011-06-28,false
2020-10-16,15.95,95.3,95.34883720930233,extreme,extreme,2011-06-28,false
2020-10-19,15.85,94.8,94.81448368350469,extreme,extreme,2011-06-28,false
2020-10-20,15.95,95.4,95.35299374441466,extreme,extreme,2011-06-28,false
2020-10-21,15.97,95.4,95.44439481911567,extreme,extreme,2011-06-28,false
2020-10-22,15.91,95,95,extreme,extreme,2011-06-28,false
2020-10-23,15.72,94.3,94.33288710397144,extreme,extreme,2011-06-28,false
2020-10-26,15.62,93.9,93.8893844781445,extreme,extreme,2011-06-28,false
2020-10-27,15.66,94.1,94.07044137316095,extreme,extreme,2011-06-28,false
2020-10-28,15.77,94.4,94.42959001782532,extreme,extreme,2011-06-28,false
2020-10-29,15.85,94.7,94.69933184855233,extreme,extreme,2011-06-28,false
2020-10-30,15.61,93.6,93.63312555654497,extreme,extreme,2011-06-28,false
2020-11-02,15.31,90.3,90.29817534490432,extreme,extreme,2011-06-28,false
2020-11-03,15.49,92.5,92.48220640569394,extreme,extreme,2011-06-28,false
2020-11-04,15.57,93.3,93.28590484659848,extreme,extreme,2011-06-28,false
2020-11-05,15.78,94.4,94.39999999999999,extreme,extreme,2011-06-28,false
2020-11-06,15.76,94.3,94.31363838294091,extreme,extreme,2011-06-28,false
2020-11-09,16.06,96,95.95914742451154,extreme,extreme,2011-06-28,false
2020-11-10,15.98,95.4,95.42831779849091,extreme,extreme,2011-06-28,false
2020-11-11,15.86,94.6,94.63176574977817,extreme,extreme,2011-06-28,false
2020-11-12,15.85,94.6,94.58980044345898,extreme,extreme,2011-06-28,false
2020-11-13,15.68,93.8,93.79432624113475,extreme,extreme,2011-06-28,false
2020-11-16,15.83,94.4,94.37306158617635,extreme,extreme,2011-06-28,false
2020-11-17,15.8,94.2,94.24269264836138,extreme,extreme,2011-06-28,false
2020-11-18,15.8,94.2,94.24524125719344,extreme,extreme,2011-06-28,false
2020-11-19,15.91,95,94.95575221238937,extreme,extreme,2011-06-28,false
2020-11-20,15.95,95.3,95.26758071649712,extreme,extreme,2011-06-28,false
2020-11-23,16.14,96.1,96.10963748894783,extreme,extreme,2011-06-28,false
2020-11-24,16.05,95.7,95.66946531153336,extreme,extreme,2011-06-28,false
2020-11-25,15.86,94.5,94.47879858657244,extreme,extreme,2011-06-28,false
2020-11-26,15.89,94.6,94.61368653421633,extreme,extreme,2011-06-28,false
2020-11-27,16.12,96.1,96.07237422771404,extreme,extreme,2011-06-28,false
2020-11-30,16.04,95.5,95.50066166740186,extreme,extreme,2011-06-28,false
2020-12-01,16.35,96.6,96.60493827160494,extreme,extreme,2011-06-28,false
2020-12-02,16.33,96.5,96.47421771705598,extreme,extreme,2011-06-28,false
2020-12-03,16.3,96.3,96.34361233480176,extreme,extreme,2011-06-28,false
2020-12-04,16.33,96.5,96.47732276530164,extreme,extreme,2011-06-28,false
2020-12-07,16.18,96.1,96.08274647887323,extreme,extreme,2011-06-28,false
2020-12-08,16.15,95.9,95.90849098108227,extreme,extreme,2011-06-28,false
2020-12-09,15.96,94.9,94.89885664028144,extreme,extreme,2011-06-28,false
2020-12-10,15.95,94.8,94.81318681318682,extreme,extreme,2011-06-28,false
2020-12-11,15.83,93.7,93.7170474516696,extreme,extreme,2011-06-28,false
2020-12-14,16.5,97.1,97.10144927536231,extreme,extreme,2011-06-28,false
2020-12-15,16.51,97.1,97.1027216856892,extreme,extreme,2011-06-28,false
2020-12-16,16.54,97.2,97.23562966213251,extreme,extreme,2011-06-28,false
2020-12-17,16.71,97.6,97.58771929824562,extreme,extreme,2011-06-28,false
2020-12-18,16.65,97.4,97.36957474791758,extreme,extreme,2011-06-28,false
2020-12-21,16.79,97.7,97.67747589833479,extreme,extreme,2011-06-28,false
2020-12-22,16.52,97,96.97766097240473,extreme,extreme,2011-06-28,false
2020-12-23,16.64,97.3,97.28546409807356,extreme,extreme,2011-06-28,false
2020-12-24,16.62,97.2,97.19912472647702,extreme,extreme,2011-06-28,false
2020-12-25,16.76,97.6,97.59405074365705,extreme,extreme,2011-06-28,false
2020-12-28,16.82,97.7,97.68255356362047,extreme,extreme,2011-06-28,false
2020-12-29,16.74,97.5,97.46503496503497,extreme,extreme,2011-06-28,false
2020-12-30,16.94,97.7,97.68457841852337,extreme,extreme,2011-06-28,false
2020-12-31,17.25,97.9,97.86026200873363,extreme,extreme,2011-06-28,false
2021-01-01,17.25,97.9,97.86119598428634,extreme,extreme,2011-06-28,false
2021-01-04,17.41,97.9,97.94938917975567,extreme,extreme,2011-06-28,false
2021-01-05,17.7,98.2,98.16833842128216,extreme,extreme,2011-06-28,false
2021-01-06,17.88,98.4,98.38709677419355,extreme,extreme,2011-06-28,false
2021-01-07,18.17,98.6,98.64923747276688,extreme,extreme,2011-06-28,false
2021-01-08,18.12,98.6,98.56271777003485,extreme,extreme,2011-06-28,false
2021-01-11,17.95,98.3,98.34566826295168,extreme,extreme,2011-06-28,false
2021-01-12,18.41,99,98.9556135770235,extreme,extreme,2011-06-28,false
2021-01-13,18.38,98.9,98.86907351022184,extreme,extreme,2011-06-28,false
2021-01-14,18.08,98.4,98.43478260869564,extreme,extreme,2011-06-28,false
2021-01-15,18.04,98.3,98.34854411125598,extreme,extreme,2011-06-28,false
2021-01-18,18.18,98.6,98.56646394439618,extreme,extreme,2011-06-28,false
2021-01-19,17.95,98.1,98.13287016934433,extreme,extreme,2011-06-28,false
2021-01-20,18.06,98.3,98.30729166666666,extreme,extreme,2011-06-28,false
2021-01-21,18.33,98.7,98.69848156182212,extreme,extreme,2011-06-28,false
2021-01-22,18.31,98.6,98.61231569817866,extreme,extreme,2011-06-28,false
2021-01-25,18.5,99,99.00303424360641,extreme,extreme,2011-06-28,false
2021-01-26,18.17,98.4,98.39688041594454,extreme,extreme,2011-06-28,false
2021-01-27,18.21,98.5,98.48419229103507,extreme,extreme,2011-06-28,false
2021-01-28,17.77,97.5,97.53246753246754,extreme,extreme,2011-06-28,false
2021-01-29,17.72,97.5,97.49026395499783,extreme,extreme,2011-06-28,false
2021-02-01,17.9,97.8,97.75086505190312,extreme,extreme,2011-06-28,false
2021-02-02,18.14,98.3,98.27064418504106,extreme,extreme,2011-06-28,false
2021-02-03,18.08,98.1,98.14174589455489,extreme,extreme,2011-06-28,false
2021-02-04,18.05,98,97.96976241900649,extreme,extreme,2011-06-28,false
2021-02-05,18.09,98.1,98.1433506044905,extreme,extreme,2011-06-28,false
2021-02-08,18.32,98.6,98.57574449719465,extreme,extreme,2011-06-28,false
2021-02-09,18.7,99.1,99.137187230371,extreme,extreme,2011-06-28,false
2021-02-10,19.09,99.3,99.3100474342389,extreme,extreme,2011-06-28,false
2021-02-11,19.09,99.3,99.3103448275862,extreme,extreme,2011-06-28,false
2021-02-12,19.09,99.3,99.3106419646704,extreme,extreme,2011-06-28,false
2021-02-15,19.09,99.3,99.31093884582258,extreme,extreme,2011-06-28,false
2021-02-16,19.09,99.3,99.31123547137322,extreme,extreme,2011-06-28,false
2021-02-17,19.09,99.3,99.31153184165233,extreme,extreme,2011-06-28,false
2021-02-18,18.97,99.1,99.05376344086021,extreme,extreme,2011-06-28,false
2021-02-19,19,99.1,99.05417024935511,extreme,extreme,2011-06-28,false
2021-02-22,18.48,98.6,98.58186506231199,extreme,extreme,2011-06-28,false
2021-02-23,18.4,98.4,98.41065292096219,extreme,extreme,2011-06-28,false
2021-02-24,17.94,97.1,97.12322885358523,extreme,extreme,2011-06-28,false
2021-02-25,18.06,97.5,97.46781115879828,extreme,extreme,2011-06-28,false
2021-02-26,17.63,96.6,96.56799656799657,extreme,extreme,2011-06-28,false
2021-03-01,17.86,96.8,96.82675814751286,extreme,extreme,2011-06-28,false
2021-03-02,17.62,96.5,96.4852121731676,extreme,extreme,2011-06-28,false
2021-03-03,17.95,97.2,97.17223650385604,extreme,extreme,2011-06-28,false
2021-03-04,17.45,96.2,96.23126338329764,extreme,extreme,2011-06-28,false
2021-03-05,17.44,96.2,96.19006849315068,extreme,extreme,2011-06-28,false
2021-03-08,16.89,95.7,95.67821994009414,extreme,extreme,2011-06-28,false
2021-03-09,16.55,94.9,94.91017964071857,extreme,extreme,2011-06-28,false
2021-03-10,16.62,95,95.0406156477127,extreme,extreme,2011-06-28,false
2021-03-11,17.01,95.8,95.76923076923077,extreme,extreme,2011-06-28,false
2021-03-12,17.08,95.8,95.81375480563862,extreme,extreme,2011-06-28,false
2021-03-15,16.76,95.4,95.43125533731853,extreme,extreme,2011-06-28,false
2021-03-16,16.91,95.6,95.60392658984208,extreme,extreme,2011-06-28,false
2021-03-17,16.95,95.6,95.64846416382252,extreme,extreme,2011-06-28,false
2021-03-18,17.08,95.8,95.82089552238806,extreme,extreme,2011-06-28,false
2021-03-19,16.65,94.9,94.92753623188406,extreme,extreme,2011-06-28,false
2021-03-22,16.8,95.4,95.3983809118023,extreme,extreme,2011-06-28,false
2021-03-23,16.66,95,94.97444633730835,extreme,extreme,2011-06-28,false
2021-03-24,16.42,93.9,93.91230310770541,extreme,extreme,2011-06-28,false
2021-03-25,16.41,93.8,93.82978723404256,extreme,extreme,2011-06-28,false
2021-03-26,16.73,95.1,95.10846448319865,extreme,extreme,2011-06-28,false
2021-03-29,16.79,95.4,95.3656462585034,extreme,extreme,2011-06-28,false
2021-03-30,16.94,95.6,95.58011049723757,extreme,extreme,2011-06-28,false
2021-03-31,16.82,95.4,95.41206457094307,extreme,extreme,2011-06-28,false
2021-04-01,16.98,95.6,95.62632696390658,extreme,extreme,2011-06-28,false
2021-04-02,17.13,95.9,95.88285229202037,extreme,extreme,2011-06-28,false
2021-04-05,17.13,95.9,95.8845990666101,extreme,extreme,2011-06-28,false
2021-04-06,17.07,95.7,95.67430025445293,extreme,extreme,2011-06-28,false
2021-04-07,16.97,95.5,95.46417973717676,extreme,extreme,2011-06-28,false
2021-04-08,17,95.6,95.55084745762711,extreme,extreme,2011-06-28,false
2021-04-09,16.76,94.9,94.91740787801778,extreme,extreme,2011-06-28,false
2021-04-12,16.52,93.9,93.86113463166808,extreme,extreme,2011-06-28,false
2021-04-13,16.49,93.7,93.65213711383834,extreme,extreme,2011-06-28,false
2021-04-14,16.6,94.1,94.07783417935703,extreme,extreme,2011-06-28,false
2021-04-15,16.5,93.7,93.65750528541226,extreme,extreme,2011-06-28,false
2021-04-16,16.57,94,94.04057480980558,extreme,extreme,2011-06-28,false
2021-04-19,16.92,95.3,95.26827207435572,extreme,extreme,2011-06-28,false
2021-04-20,16.9,95.2,95.1858108108108,extreme,extreme,2011-06-28,false
2021-04-21,16.93,95.3,95.27226677923174,extreme,extreme,2011-06-28,false
2021-04-22,16.9,95.1,95.14767932489451,extreme,extreme,2011-06-28,false
2021-04-23,17.02,95.6,95.61366512020246,extreme,extreme,2011-06-28,false
2021-04-26,16.83,95,94.98313659359191,extreme,extreme,2011-06-28,false
2021-04-27,16.87,95,94.98525073746312,extreme,extreme,2011-06-28,false
2021-04-28,16.96,95.4,95.3664700926706,extreme,extreme,2011-06-28,false
2021-04-29,17.09,95.8,95.78947368421052,extreme,extreme,2011-06-28,false
2021-04-30,16.93,95.2,95.15993265993265,extreme,extreme,2011-06-28,false
2021-05-03,16.93,95.2,95.16196886832141,extreme,extreme,2011-06-28,false
2021-05-04,16.93,95.2,95.16400336417156,extreme,extreme,2011-06-28,false
2021-05-05,16.93,95.2,95.16603614964271,extreme,extreme,2011-06-28,false
2021-05-06,14.74,78,78.02521008403362,high,extreme,2011-06-28,false
2021-05-07,14.59,76.9,76.85846283074339,high,extreme,2011-06-28,false
2021-05-10,14.6,76.9,76.86817800167927,high,extreme,2011-06-28,false
2021-05-11,14.69,77.8,77.75912715065044,high,extreme,2011-06-28,false
2021-05-12,14.76,78.4,78.35570469798657,high,high,2011-06-28,false
2021-05-13,14.62,77,77.02306079664571,high,high,2011-06-28,false
2021-05-14,14.94,79.9,79.88264878457669,high,high,2011-06-28,false
2021-05-17,15.12,82.4,82.44658567239213,high,high,2011-06-28,false
2021-05-18,15.14,82.7,82.74706867671692,high,high,2011-06-28,false
2021-05-19,15.08,81.8,81.7915445793219,high,high,2011-06-28,false
2021-05-20,15.11,82.2,82.17573221757321,high,high,2011-06-28,false
2021-05-21,14.96,80.1,80.09201171058135,high,high,2011-06-28,false
2021-05-24,15.02,81.1,81.06187290969899,high,high,2011-06-28,false
2021-05-25,15.47,87.2,87.21270371918094,high,high,2011-06-28,false
2021-05-26,15.48,87.3,87.3015873015873,high,high,2011-06-28,false
2021-05-27,15.52,87.8,87.80793319415449,high,high,2011-06-28,false
2021-05-28,15.48,87.3,87.27045075125208,high,high,2011-06-28,false
2021-05-31,15.49,87.4,87.44263662911973,high,high,2011-06-28,false
2021-06-01,15.5,87.5,87.48957464553794,high,high,2011-06-28,false
2021-06-02,15.37,86,85.95248020008337,high,high,2011-06-28,false
2021-06-03,15.22,83.6,83.58333333333333,high,high,2011-06-28,false
2021-06-04,15.28,84.4,84.38150770512286,high,high,2011-06-28,false
2021-06-07,15.28,84.4,84.38800999167361,high,high,2011-06-28,false
2021-06-08,15.15,82.5,82.52184769038702,high,high,2011-06-28,false
2021-06-09,15.18,82.9,82.9450915141431,high,high,2011-06-28,false
2021-06-10,15.26,84.2,84.15800415800416,high,high,2011-06-28,false
2021-06-11,15.14,82.3,82.33582709891937,high,high,2011-06-28,false
2021-06-14,15.7,89.2,89.19817199833818,high,high,2011-06-28,false
2021-06-15,15.55,88.1,88.0813953488372,high,high,2011-06-28,false
2021-06-16,15.33,85.3,85.30510585305106,high,high,2011-06-28,false
2021-06-17,15.36,85.6,85.64315352697095,high,high,2011-06-28,false
2021-06-18,15.33,85.3,85.27581916217338,high,high,2011-06-28,false
2021-06-21,15.3,84.8,84.78441127694859,high,high,2011-06-28,false
2021-06-22,15.4,86.2,86.24119353501865,high,high,2011-06-28,false
2021-06-23,15.42,86.5,86.45401822700912,high,high,2011-06-28,false
2021-06-24,15.45,86.8,86.83229813664596,high,high,2011-06-28,false
2021-06-25,15.69,89.2,89.19701986754967,high,high,2011-06-28,false
2021-06-28,15.71,89.2,89.24286305337195,high,high,2011-06-28,true
2021-06-29,15.53,87.8,87.79478692594125,high,high,2011-07-15,true
2021-06-30,15.62,88.7,88.70967741935483,high,high,2011-07-15,true
2021-07-01,15.63,88.8,88.75568416701117,high,high,2011-07-15,true
2021-07-02,15.22,83,83.01652892561984,high,high,2011-07-15,true
2021-07-05,15.24,83.4,83.39529120198264,high,high,2011-07-15,true
2021-07-06,15.23,83.2,83.23699421965318,high,high,2011-07-15,true
2021-07-07,15.36,85.4,85.39001238134544,high,high,2011-07-15,true
2021-07-08,15.21,82.7,82.67326732673267,high,high,2011-07-15,true
2021-07-09,15.15,81.8,81.81443298969072,high,high,2011-07-15,true
2021-07-12,15.29,84.3,84.29513602638087,high,high,2011-07-15,true
2021-07-13,15.32,84.7,84.71363823650597,high,high,2011-07-15,true
2021-07-14,15.12,81.2,81.21911037891269,high,high,2011-07-15,true
2021-07-15,15.3,84.5,84.47920955125566,high,high,2011-07-15,true
2021-07-16,15.14,81.6,81.55619596541787,high,high,2011-07-18,true
2021-07-19,15.17,81.9,81.88554960889255,high,high,2011-07-19,true
2021-07-20,15.15,81.7,81.7208727871552,high,high,2011-07-20,true
2021-07-21,15.24,83.4,83.36764100452861,high,high,2011-07-21,true
2021-07-22,15.28,83.9,83.9440098806093,high,high,2011-07-22,true
2021-07-23,15.13,81.3,81.26801152737752,high,high,2011-07-25,true
2021-07-26,14.67,76,76.03952243721696,high,high,2011-07-26,true
2021-07-27,14.2,69.6,69.57595718402635,mid,high,2011-07-27,true
2021-07-28,14.21,69.9,69.90531082750103,mid,high,2011-07-28,true
2021-07-29,14.43,73.7,73.73404693289419,high,high,2011-07-29,true
2021-07-30,14.32,72.3,72.3342939481268,high,high,2011-08-01,true
2021-08-02,14.67,76.2,76.24536846438865,high,high,2011-08-02,true
2021-08-03,14.65,76.2,76.16303005351996,high,high,2011-08-03,true
2021-08-04,14.76,77.2,77.15109098394402,high,high,2011-08-04,true
2021-08-05,14.67,76.3,76.3277068752573,high,high,2011-08-05,true
2021-08-06,14.6,75.5,75.54549197200494,high,high,2011-08-08,true
2021-08-09,14.78,77.6,77.6039522437217,high,high,2011-08-09,true
2021-08-10,14.95,79.1,79.08604363935777,high,high,2011-08-10,true
2021-08-11,14.89,78.3,78.34499794153973,high,high,2011-08-11,true
2021-08-12,14.78,77.6,77.64512144915602,high,high,2011-08-12,true
2021-08-13,14.71,76.8,76.780568135035,high,high,2011-08-15,true
2021-08-16,14.72,76.8,76.82173734046933,high,high,2011-08-16,true
2021-08-17,14.42,73.7,73.69287772745986,high,high,2011-08-17,true
2021-08-18,14.59,75.5,75.54549197200494,high,high,2011-08-18,true
2021-08-19,14.48,74.6,74.63976945244957,high,high,2011-08-19,true
2021-08-20,14.23,70.3,70.27583367641004,high,high,2011-08-22,true
2021-08-23,14.42,73.8,73.77521613832853,high,high,2011-08-23,true
2021-08-24,14.57,75.5,75.54549197200494,high,high,2011-08-24,true
2021-08-25,14.6,75.8,75.83367641004529,high,high,2011-08-25,true
2021-08-26,14.34,72.7,72.66364759160147,high,high,2011-08-26,true
2021-08-27,14.41,73.7,73.65170852202553,high,high,2011-08-29,true
2021-08-30,14.38,73.2,73.1576780568135,high,high,2011-08-30,true
2021-08-31,14.39,73.4,73.40469328941951,high,high,2011-08-31,true
2021-09-01,13.85,65.2,65.21202140798682,mid,high,2011-09-01,true
2021-09-02,13.85,65.3,65.25319061342117,mid,high,2011-09-02,true
2021-09-03,13.79,64.4,64.42980650473446,mid,high,2011-09-05,true
2021-09-06,14.03,67.4,67.39398929600658,mid,high,2011-09-06,true
2021-09-07,14.19,69.6,69.61712638946068,mid,high,2011-09-07,true
2021-09-08,14.15,68.8,68.79374228077398,mid,high,2011-09-08,true
2021-09-09,14.17,69.2,69.164265129683,mid,high,2011-09-09,true
2021-09-10,14.26,71.2,71.22272540139976,high,high,2011-09-12,true
2021-09-13,14.25,70.9,70.93454096335941,high,high,2011-09-13,true
2021-09-14,14.06,67.6,67.6410045286126,mid,high,2011-09-14,true
2021-09-15,13.93,66.5,66.48826677645121,mid,high,2011-09-15,true
2021-09-16,13.78,64.1,64.14162206669411,mid,high,2011-09-16,true
2021-09-17,13.88,66,65.95306710580486,mid,high,2011-09-19,true
2021-09-20,13.88,66,65.99423631123919,mid,high,2011-09-20,true
2021-09-21,13.88,66,66.03540551667353,mid,high,2011-09-21,true
2021-09-22,13.83,64.9,64.88266776451215,mid,high,2011-09-22,true
2021-09-23,13.9,66.4,66.36475916014821,mid,high,2011-09-23,true
2021-09-24,13.87,65.7,65.74722107863317,mid,high,2011-09-26,true
2021-09-27,13.95,67.1,67.0646356525319,mid,high,2011-09-27,true
2021-09-28,14,67.6,67.59983532317825,mid,high,2011-09-28,true
2021-09-29,13.84,65.2,65.17085220255248,mid,high,2011-09-29,true
2021-09-30,13.89,66.3,66.28242074927954,mid,high,2011-10-03,true
2021-10-01,13.89,66.3,66.2962962962963,mid,high,2011-10-03,true
2021-10-04,13.89,66.3,66.33744855967079,mid,high,2011-10-04,true
2021-10-05,13.89,66.4,66.37860082304526,mid,high,2011-10-05,true
2021-10-06,13.89,66.4,66.41975308641975,mid,high,2011-10-06,true
2021-10-07,13.89,66.5,66.46090534979425,mid,high,2011-10-07,true
2021-10-08,14.06,68.4,68.35390946502058,mid,high,2011-10-10,true
2021-10-11,14.08,68.6,68.559670781893,mid,high,2011-10-11,true
2021-10-12,13.93,67.1,67.07818930041152,mid,high,2011-10-12,true
2021-10-13,14.05,68.1,68.14814814814815,mid,high,2011-10-13,true
2021-10-14,13.97,67.7,67.65432098765433,mid,high,2011-10-14,true
2021-10-15,14.04,68.2,68.18930041152264,mid,high,2011-10-17,true
2021-10-18,13.9,66.7,66.70781893004116,mid,high,2011-10-18,true
2021-10-19,14.02,68.1,68.10699588477365,mid,high,2011-10-19,true
2021-10-20,13.98,67.9,67.86008230452674,mid,high,2011-10-20,true
2021-10-21,14.04,68.3,68.3127572016461,mid,high,2011-10-21,true
2021-10-22,14.09,68.9,68.88888888888889,mid,high,2011-10-24,true
2021-10-25,14.16,70,70,high,high,2011-10-25,true
2021-10-26,14.11,69.1,69.09465020576133,mid,high,2011-10-26,true
2021-10-27,13.94,67.3,67.32510288065843,mid,high,2011-10-27,true
2021-10-28,13.81,64.6,64.60905349794238,mid,high,2011-10-28,true
2021-10-29,13.91,67,66.95473251028807,mid,high,2011-10-31,true
2021-11-01,13.72,63.4,63.37448559670782,mid,high,2011-11-01,true
2021-11-02,13.57,60.2,60.24691358024692,mid,high,2011-11-02,true
2021-11-03,13.52,58.8,58.806584362139915,mid,high,2011-11-03,true
2021-11-04,13.64,61.6,61.56378600823045,mid,high,2011-11-04,true
2021-11-05,13.55,59.5,59.465020576131685,mid,mid,2011-11-07,true
2021-11-08,13.56,59.9,59.876543209876544,mid,mid,2011-11-08,true
2021-11-09,13.56,59.9,59.91769547325103,mid,mid,2011-11-09,true
2021-11-10,13.48,58,58.0246913580247,mid,mid,2011-11-10,true
2021-11-11,13.68,62.5,62.510288065843625,mid,mid,2011-11-11,true
2021-11-12,13.64,61.8,61.76954732510288,mid,mid,2011-11-14,true
2021-11-15,13.63,61.5,61.52263374485597,mid,mid,2011-11-15,true
2021-11-16,13.64,61.9,61.85185185185185,mid,mid,2011-11-16,true
2021-11-17,13.65,62.1,62.098765432098766,mid,mid,2011-11-17,true
2021-11-18,13.54,59.3,59.34156378600824,mid,mid,2011-11-18,true
2021-11-19,13.69,63,62.96296296296296,mid,mid,2011-11-21,true
2021-11-22,13.74,64.2,64.23868312757202,mid,mid,2011-11-22,true
2021-11-23,13.76,64.5,64.48559670781893,mid,mid,2011-11-23,true
2021-11-24,13.78,64.9,64.85596707818931,mid,mid,2011-11-24,true
2021-11-25,13.72,64,63.991769547325106,mid,mid,2011-11-25,true
2021-11-26,13.62,61.2,61.23456790123457,mid,mid,2011-11-28,true
2021-11-29,13.59,60.7,60.74074074074074,mid,mid,2011-11-29,true
2021-11-30,13.55,59.5,59.465020576131685,mid,mid,2011-11-30,true
2021-12-01,13.59,60.7,60.74074074074074,mid,mid,2011-12-01,true
2021-12-02,13.63,61.6,61.56378600823045,mid,mid,2011-12-02,true
2021-12-03,13.75,64.3,64.32098765432099,mid,mid,2011-12-05,true
2021-12-06,13.73,64.1,64.07407407407408,mid,mid,2011-12-06,true
2021-12-07,13.8,65.3,65.30864197530865,mid,mid,2011-12-07,true
2021-12-08,13.99,68.8,68.80658436213992,mid,mid,2011-12-08,true
2021-12-09,14.21,72,71.97530864197532,high,mid,2011-12-09,true
2021-12-10,14.14,70.6,70.61728395061728,high,mid,2011-12-12,true
2021-12-13,15.22,83.9,83.86831275720165,high,mid,2011-12-13,true
2021-12-14,15.11,82.1,82.09876543209876,high,mid,2011-12-14,true
2021-12-15,14.99,80.9,80.90534979423867,high,mid,2011-12-15,true
2021-12-16,15.09,81.9,81.85185185185185,high,mid,2011-12-16,true
2021-12-17,14.87,79.4,79.38271604938272,high,high,2011-12-19,true
2021-12-20,14.67,77.9,77.90123456790124,high,high,2011-12-20,true
2021-12-21,14.78,79.1,79.05349794238683,high,high,2011-12-21,true
2021-12-22,14.77,78.8,78.80658436213992,high,high,2011-12-22,true
2021-12-23,14.88,79.5,79.46502057613168,high,high,2011-12-23,true
2021-12-24,14.81,79.1,79.05349794238683,high,high,2011-12-26,true
2021-12-27,14.8,79,79.01234567901234,high,high,2011-12-27,true
2021-12-28,14.88,79.5,79.46502057613168,high,high,2011-12-28,true
2021-12-29,14.67,77.7,77.65432098765433,high,high,2011-12-29,true
2021-12-30,14.77,78.6,78.64197530864197,high,high,2011-12-30,true
2021-12-31,14.82,79,79.01234567901234,high,high,2012-03-08,true
2022-01-03,14.82,79,79.02097902097903,high,high,2012-03-08,true
2022-01-04,14.76,78.4,78.37171052631578,high,high,2012-03-08,true
2022-01-05,14.64,77.1,77.14755445951499,high,high,2012-03-08,true
2022-01-06,14.5,76.1,76.08874281018899,high,high,2012-03-08,true
2022-01-07,14.54,76.2,76.2217659137577,high,high,2012-03-08,true
2022-01-10,14.59,76.7,76.68308702791461,high,high,2012-03-08,true
2022-01-11,14.45,75.5,75.46163315551908,high,high,2012-03-08,true
2022-01-12,14.59,76.7,76.70221493027071,high,high,2012-03-08,true
2022-01-13,14.39,74.4,74.37474374743748,high,high,2012-03-08,true
2022-01-14,14.25,71.8,71.80327868852459,high,high,2012-03-08,true
2022-01-17,14.35,73.8,73.82220401474805,high,high,2012-03-08,true
2022-01-18,14.5,76,76.04422604422605,high,high,2012-03-08,true
2022-01-19,14.42,74.9,74.90790012279983,high,high,2012-03-08,true
2022-01-20,14.53,76.1,76.06382978723404,high,high,2012-03-08,true
2022-01-21,14.39,74.3,74.31492842535788,high,high,2012-03-08,true
2022-01-24,14.41,74.7,74.65249386753884,high,high,2012-03-08,true
2022-01-25,14.09,68.7,68.6554965263588,mid,high,2012-03-08,true
2022-01-26,14.19,70.6,70.58823529411765,high,high,2012-03-08,true
2022-01-27,13.94,67,66.96610861576153,mid,high,2012-03-08,true
2022-01-28,13.76,63.3,63.26530612244898,mid,high,2012-03-08,true
2022-01-31,13.76,63.3,63.28029375764994,mid,high,2012-03-08,true
2022-02-01,13.76,63.3,63.2952691680261,mid,high,2012-03-08,true
2022-02-02,13.76,63.3,63.31023236852833,mid,high,2012-03-08,true
2022-02-03,13.76,63.3,63.325183374083124,mid,mid,2012-03-08,true
2022-02-04,13.76,63.3,63.34012219959266,mid,mid,2012-03-08,true
2022-02-07,14,67.8,67.79315960912052,mid,mid,2012-03-08,true
2022-02-08,13.97,67.4,67.3992673992674,mid,mid,2012-03-08,true
2022-02-09,14.08,68.6,68.63303498779494,mid,mid,2012-03-08,true
2022-02-10,14.06,68.4,68.4017893452623,mid,mid,2012-03-08,true
2022-02-11,13.99,67.6,67.64227642276423,mid,mid,2012-03-08,true
2022-02-14,13.84,64.7,64.68915075172694,mid,mid,2012-03-08,true
2022-02-15,13.95,67.1,67.05930138099106,mid,mid,2012-03-08,true
2022-02-16,14.01,67.9,67.8846934632562,mid,mid,2012-03-08,true
2022-02-17,14.03,68,68.01948051948052,mid,mid,2012-03-08,true
2022-02-18,14.1,69,69.00608519269777,mid,mid,2012-03-08,true
2022-02-21,14.05,68.1,68.1265206812652,mid,mid,2012-03-08,true
2022-02-22,13.89,65.9,65.8694770976895,mid,mid,2012-03-08,true
2022-02-23,14.01,67.8,67.82820097244733,mid,mid,2012-03-08,true
2022-02-24,13.75,62.6,62.575941676792226,mid,mid,2012-03-08,true
2022-02-25,13.85,64.8,64.77732793522267,mid,mid,2012-03-08,true
2022-02-28,13.88,65.5,65.52003237555645,mid,mid,2012-03-08,true
2022-03-01,13.99,67.6,67.59708737864078,mid,mid,2012-03-08,true
2022-03-02,13.89,65.9,65.8714112414072,mid,mid,2012-03-08,true
2022-03-03,13.83,64.1,64.10670978172999,mid,mid,2012-03-08,true
2022-03-04,13.67,60.4,60.4040404040404,mid,mid,2012-03-08,true
2022-03-07,13.28,52.6,52.58481421647819,mid,mid,2012-03-08,true
2022-03-08,13.03,48.3,48.324586192975374,mid,mid,2012-03-08,true
2022-03-09,12.9,46,46.02341542188131,mid,mid,2012-03-09,true
2022-03-10,13.08,49.5,49.495357287040775,mid,mid,2012-03-12,true
2022-03-11,13.12,50,50,mid,mid,2012-03-12,true
2022-03-14,12.75,43.8,43.84335890189745,mid,mid,2012-03-14,true
2022-03-15,12.18,35.6,35.60758982640291,mid,mid,2012-03-15,true
2022-03-16,12.64,42.3,42.30924505450142,mid,mid,2012-03-16,true
2022-03-17,12.86,45.3,45.25635849818329,mid,mid,2012-03-19,true
2022-03-18,12.95,46.9,46.93301049233253,mid,mid,2012-03-19,true
2022-03-21,12.92,46.3,46.306015341138476,mid,mid,2012-03-21,true
2022-03-22,12.93,46.5,46.46750100928543,mid,mid,2012-03-22,true
2022-03-23,12.98,47.2,47.19418651594671,mid,mid,2012-03-23,true
2022-03-24,12.91,46,45.98304400484457,mid,mid,2012-04-05,true
2022-03-25,12.71,43.1,43.09927360774818,mid,mid,2012-04-05,true
2022-03-28,12.67,42.5,42.476805163372326,mid,mid,2012-04-05,true
2022-03-29,12.64,42.1,42.05645161290323,mid,mid,2012-04-05,true
2022-03-30,12.96,47.1,47.118097541313986,mid,mid,2012-04-05,true
2022-03-31,12.9,45.8,45.80983078162772,mid,mid,2012-04-05,true
2022-04-01,13.05,48.9,48.85219492549335,mid,mid,2012-04-05,true
2022-04-04,13.05,48.9,48.87278582930757,mid,mid,2012-04-05,true
2022-04-05,13.05,48.9,48.89336016096579,mid,mid,2012-04-05,true
2022-04-06,13.04,48.6,48.57142857142857,mid,mid,2012-04-06,true
2022-04-07,12.89,45.5,45.513078470824944,mid,mid,2012-04-09,true
2022-04-08,12.96,47.1,47.06355591311343,mid,mid,2012-04-09,true
2022-04-11,12.61,41.4,41.3682092555332,mid,mid,2012-04-11,true
2022-04-12,12.82,44.3,44.26559356136821,mid,mid,2012-04-12,true
2022-04-13,12.73,43.1,43.138832997987926,mid,mid,2012-04-13,true
2022-04-14,12.88,45.1,45.11066398390342,mid,mid,2012-04-16,true
2022-04-15,12.87,45,44.97184231697506,mid,mid,2012-04-16,true
2022-04-18,12.78,43.7,43.74245472837022,mid,mid,2012-04-18,true
2022-04-19,12.72,42.8,42.776659959758554,mid,mid,2012-04-19,true
2022-04-20,12.53,40,39.95975855130784,mid,mid,2012-04-20,true
2022-04-21,12.32,36.9,36.861167002012074,mid,mid,2012-04-23,true
2022-04-22,12.38,37.8,37.77152051488334,mid,mid,2012-04-23,true
2022-04-25,11.83,29.6,29.565567176186647,low,mid,2012-04-26,true
2022-04-26,11.75,28.8,28.82991556091677,low,mid,2012-04-26,true
2022-04-27,12.03,32.5,32.52915158825895,mid,mid,2012-04-27,true
2022-04-28,12.13,34,34.016887816646566,mid,mid,2012-05-02,true
2022-04-29,12.39,38,37.98231511254019,mid,mid,2012-05-02,true
2022-05-02,12.39,38,38.00723182000804,mid,mid,2012-05-02,true
2022-05-03,12.39,38,38.00723182000804,mid,mid,2012-05-03,true
2022-05-04,12.39,38,38.00723182000804,mid,mid,2012-05-04,true
2022-05-05,12.16,34.5,34.51185214945761,mid,mid,2012-05-07,true
2022-05-06,11.88,30,29.95983935742972,low,mid,2012-05-07,true
2022-05-09,11.8,29.3,29.329047810365612,low,mid,2012-05-09,true
2022-05-10,11.9,30.4,30.37364403374849,mid,mid,2012-05-10,true
2022-05-11,12.04,32.8,32.82442748091603,mid,mid,2012-05-11,true
2022-05-12,12,31.9,31.940538368822818,mid,mid,2012-05-14,true
2022-05-13,12.1,33.7,33.69477911646586,mid,mid,2012-05-14,true
2022-05-16,12,31.9,31.900361591000404,mid,mid,2012-05-16,true
2022-05-17,12.13,34.1,34.06990759341101,mid,mid,2012-05-17,true
2022-05-18,12.08,33.3,33.266372036962636,mid,mid,2012-05-18,true
2022-05-19,12.1,33.6,33.6279630373644,mid,mid,2012-05-21,true
2022-05-20,12.32,36.9,36.907630522088354,mid,mid,2012-05-21,true
2022-05-23,12.26,36.2,36.1992768179992,mid,mid,2012-05-23,true
2022-05-24,12.01,31.8,31.779831257533147,mid,mid,2012-05-24,true
2022-05-25,12.08,33.1,33.145841703495385,mid,mid,2012-05-25,true
2022-05-26,12.11,33.6,33.6279630373644,mid,mid,2012-05-28,true
2022-05-27,12.14,34.2,34.21686746987952,mid,mid,2012-05-28,true
2022-05-30,12.21,35.2,35.15468059461631,mid,mid,2012-05-30,true
2022-05-31,12.39,38,38.00723182000804,mid,mid,2012-05-31,true
2022-06-01,12.35,37.2,37.203696263559664,mid,mid,2012-06-01,true
2022-06-02,12.36,37.4,37.44475693049417,mid,mid,2012-06-04,true
2022-06-03,12.36,37.5,37.46987951807229,mid,mid,2012-06-04,true
2022-06-06,12.54,40.2,40.200803212851405,mid,mid,2012-06-08,true
2022-06-07,12.58,40.8,40.82697711762344,mid,mid,2012-06-08,true
2022-06-08,12.69,42.6,42.57624398073837,mid,mid,2012-06-08,true
2022-06-09,12.59,41,41.01123595505618,mid,mid,2012-06-11,true
2022-06-10,12.77,43.7,43.682310469314075,mid,mid,2012-06-11,true
2022-06-13,12.75,43.5,43.45906902086678,mid,mid,2012-06-13,true
2022-06-14,12.88,45.3,45.30497592295345,mid,mid,2012-06-14,true
2022-06-15,13.03,48.4,48.43499197431782,mid,mid,2012-06-15,true
2022-06-16,12.92,46.3,46.30818619582664,mid,mid,2012-06-18,true
2022-06-17,13.07,49.7,49.69915764139591,mid,mid,2012-06-18,true
2022-06-20,13.1,50.1,50.08025682182986,mid,mid,2012-06-20,true
2022-06-21,13.09,50,49.95987158908507,mid,mid,2012-06-21,true
2022-06-22,12.92,46.2,46.18780096308186,mid,mid,2012-06-25,true
2022-06-23,13.13,50.5,50.461291616526275,mid,mid,2012-06-25,true
2022-06-24,13.26,52.6,52.64635124298316,mid,mid,2012-06-25,true
2022-06-27,13.39,54.4,54.35218612113919,mid,mid,2012-06-27,true
2022-06-28,13.5,56.8,56.75892498997192,mid,mid,2012-06-28,true
2022-06-29,13.33,53.4,53.42960288808665,mid,mid,2012-06-29,true
2022-06-30,13.49,56.4,56.438026474127554,mid,mid,2012-07-02,true
2022-07-01,13.44,55.4,55.41299117882919,mid,mid,2012-07-02,true
2022-07-04,13.49,56.4,56.438026474127554,mid,mid,2012-07-04,true
2022-07-05,13.48,56.2,56.157240272763744,mid,mid,2012-07-05,true
2022-07-06,13.28,52.7,52.667468912956274,mid,mid,2012-07-06,true
2022-07-07,13.32,53.2,53.18892900120337,mid,mid,2012-07-09,true
2022-07-08,13.29,52.7,52.72654370489174,mid,mid,2012-07-09,true
2022-07-11,13.07,49.1,49.137585238668265,mid,mid,2012-07-11,true
2022-07-12,12.95,46.3,46.32972322503009,mid,mid,2012-07-12,true
2022-07-13,12.95,46.3,46.32972322503009,mid,mid,2012-07-13,true
2022-07-14,12.93,45.8,45.808263136783,mid,mid,2012-07-16,true
2022-07-15,12.71,41.9,41.940657578187654,mid,mid,2012-07-16,true
2022-07-18,12.85,44,43.9630966706779,mid,mid,2012-07-18,true
2022-07-19,12.8,43.2,43.24107501002808,mid,mid,2012-07-19,true
2022-07-20,12.86,44.1,44.12354592860008,mid,mid,2012-07-20,true
2022-07-21,12.71,41.8,41.797031688728445,mid,mid,2012-07-23,true
2022-07-22,12.71,41.8,41.820368885324775,mid,mid,2012-07-23,true
2022-07-25,12.65,40.7,40.67388688327316,mid,mid,2012-07-26,true
2022-07-26,12.75,42.5,42.46190858059342,mid,mid,2012-07-26,true
2022-07-27,12.68,41.2,41.178829190056135,mid,mid,2012-07-27,true
2022-07-28,12.68,41.2,41.178829190056135,mid,mid,2012-07-30,true
2022-07-29,12.51,38.4,38.35671342685371,mid,mid,2012-07-30,true
2022-08-01,12.56,39,39.01363271852446,mid,mid,2012-08-01,true
2022-08-02,12.33,35.3,35.32477947072975,mid,mid,2012-08-02,true
2022-08-03,12.22,33.7,33.72093023255814,mid,mid,2012-08-03,true
2022-08-04,12.32,35.2,35.20449077786688,mid,mid,2012-08-06,true
2022-08-05,12.46,37.9,37.91583166332666,mid,mid,2012-08-06,true
2022-08-08,12.45,37.5,37.48997594226143,mid,mid,2012-08-08,true
2022-08-09,12.47,37.9,37.89093825180433,mid,mid,2012-08-09,true
2022-08-10,12.35,35.5,35.525260625501204,mid,mid,2012-08-10,true
2022-08-11,12.59,39.7,39.6551724137931,mid,mid,2012-08-13,true
2022-08-12,12.59,39.7,39.67935871743487,mid,mid,2012-08-13,true
2022-08-15,12.57,39.1,39.13392141138733,mid,mid,2012-08-15,true
2022-08-16,12.53,38.5,38.492381716118686,mid,mid,2012-08-16,true
2022-08-17,12.64,40.4,40.417000801924615,mid,mid,2012-08-17,true
2022-08-18,12.53,38.5,38.452285485164396,mid,mid,2012-08-20,true
2022-08-19,12.46,37.6,37.635270541082164,mid,mid,2012-08-20,true
2022-08-22,12.55,38.6,38.61267040898155,mid,mid,2012-08-22,true
2022-08-23,12.49,37.9,37.85084202085004,mid,mid,2012-08-23,true
2022-08-24,12.29,34.2,34.242181234963915,mid,mid,2012-08-24,true
2022-08-25,12.4,36.2,36.206896551724135,mid,mid,2012-08-27,true
2022-08-26,12.37,35.5,35.51102204408817,mid,mid,2012-08-27,true
2022-08-29,12.33,34.7,34.723336006415394,mid,mid,2012-08-29,true
2022-08-30,12.3,34.2,34.202085004009625,mid,mid,2012-08-30,true
2022-08-31,12.31,34.4,34.36246992782678,mid,mid,2012-08-31,true
2022-09-01,12.02,29.4,29.3504410585405,low,mid,2012-09-04,true
2022-09-02,11.96,28.4,28.37675350701403,low,mid,2012-09-04,true
2022-09-05,11.96,28.4,28.37675350701403,low,mid,2012-09-05,true
2022-09-06,12.06,30.3,30.26052104208417,mid,mid,2012-09-06,true
2022-09-07,12.06,30.3,30.26052104208417,mid,mid,2012-09-07,true
2022-09-08,12.02,29.3,29.298597194388776,low,mid,2012-09-10,true
2022-09-09,12.18,32.3,32.25160256410257,mid,mid,2012-09-10,true
2022-09-12,12.18,32.2,32.2244488977956,mid,mid,2012-09-12,true
2022-09-13,12.22,32.9,32.945891783567134,mid,mid,2012-09-13,true
2022-09-14,12.1,30.8,30.821643286573146,mid,mid,2012-09-14,true
2022-09-15,12.01,28.8,28.817635270541082,low,mid,2012-09-17,true
2022-09-16,11.73,25.7,25.68108974358974,low,mid,2012-09-17,true
2022-09-19,11.72,25.5,25.490981963927855,low,mid,2012-09-19,true
2022-09-20,11.72,25.5,25.490981963927855,low,mid,2012-09-20,true
2022-09-21,11.66,25.1,25.090180360721444,low,mid,2012-09-21,true
2022-09-22,11.58,24.6,24.609218436873746,low,mid,2012-09-24,true
2022-09-23,11.56,24.2,24.23878205128205,low,mid,2012-09-24,true
2022-09-26,11.49,23.6,23.647294589178355,low,mid,2012-09-26,true
2022-09-27,11.63,24.9,24.929859719438877,low,mid,2012-09-27,true
2022-09-28,11.48,23.6,23.567134268537075,low,low,2012-09-28,true
2022-09-29,11.48,23.6,23.567134268537075,low,low,2012-10-08,true
2022-09-30,11.43,23.2,23.23717948717949,low,low,2012-10-08,true
2022-10-03,11.43,23.3,23.267921505806967,low,low,2012-10-08,true
2022-10-04,11.43,23.3,23.2986389111289,low,low,2012-10-08,true
2022-10-05,11.43,23.3,23.329331732693078,low,low,2012-10-08,true
2022-10-06,11.43,23.4,23.36,low,low,2012-10-08,true
2022-10-07,11.43,23.4,23.390643742503,low,low,2012-10-08,true
2022-10-10,11.2,20.9,20.919999999999998,low,low,2012-10-10,true
2022-10-11,11.21,20.9,20.919999999999998,low,low,2012-10-11,true
2022-10-12,11.35,22.3,22.28,low,low,2012-10-12,true
2022-10-13,11.25,21.3,21.32,low,low,2012-10-15,true
2022-10-14,11.48,23.8,23.750499800079968,low,low,2012-10-15,true
2022-10-17,11.48,23.7,23.72,low,low,2012-10-17,true
2022-10-18,11.45,23.4,23.400000000000002,low,low,2012-10-18,true
2022-10-19,11.28,21.5,21.52,low,low,2012-10-19,true
2022-10-20,11.24,21.1,21.12,low,low,2012-10-22,true
2022-10-21,11.21,20.7,20.67173130747701,low,low,2012-10-22,true
2022-10-24,10.91,18.2,18.16,low,low,2012-10-24,true
2022-10-25,10.88,17.9,17.919999999999998,low,low,2012-10-25,true
2022-10-26,10.95,18.5,18.48,low,low,2012-10-26,true
2022-10-27,10.88,17.9,17.88,low,low,2012-10-29,true
2022-10-28,10.65,16.4,16.39344262295082,low,low,2012-10-29,true
2022-10-31,10.52,15.8,15.840000000000002,low,low,2012-10-31,true
2022-11-01,10.8,17.2,17.2,low,low,2012-11-01,true
2022-11-02,10.92,18.2,18.240000000000002,low,low,2012-11-02,true
2022-11-03,10.84,17.4,17.36,low,low,2012-11-05,true
2022-11-04,11.17,20.3,20.271891243502598,low,low,2012-11-05,true
2022-11-07,11.2,20.6,20.560000000000002,low,low,2012-11-07,true
2022-11-08,11.13,19.8,19.8,low,low,2012-11-08,true
2022-11-09,11.04,19,18.96,low,low,2012-11-09,true
2022-11-10,10.97,18.5,18.48,low,low,2012-11-12,true
2022-11-11,11.26,21.3,21.311475409836063,low,low,2012-11-12,true
2022-11-14,11.27,21.4,21.44,low,low,2012-11-14,true
2022-11-15,11.46,23.5,23.48,low,low,2012-11-15,true
2022-11-16,11.38,22.4,22.400000000000002,low,low,2012-11-16,true
2022-11-17,11.33,21.8,21.759999999999998,low,low,2012-11-19,true
2022-11-18,11.29,21.4,21.43142742902839,low,low,2012-11-19,true
2022-11-21,11.2,20.3,20.32,low,low,2012-11-21,true
2022-11-22,11.23,20.8,20.76,low,low,2012-11-22,true
2022-11-23,11.26,21.1,21.08,low,low,2012-11-23,true
2022-11-24,11.22,20.6,20.599999999999998,low,low,2012-11-26,true
2022-11-25,11.3,21.6,21.631347461015594,low,low,2012-11-26,true
2022-11-28,11.18,19.8,19.84,low,low,2012-11-28,true
2022-11-29,11.5,23.8,23.76,low,low,2012-11-29,true
2022-11-30,11.51,23.8,23.84,low,low,2012-11-30,true
2022-12-01,11.61,24.9,24.88,low,low,2012-12-03,true
2022-12-02,11.54,24.1,24.110355857656938,low,low,2012-12-03,true
2022-12-05,11.78,26.3,26.32,low,low,2012-12-05,true
2022-12-06,11.84,26.8,26.840000000000003,low,low,2012-12-06,true
2022-12-07,11.79,26.4,26.44,low,low,2012-12-07,true
2022-12-08,11.8,26.5,26.52,low,low,2012-12-10,true
2022-12-09,11.9,27.5,27.46901239504198,low,low,2012-12-10,true
2022-12-12,11.79,26.4,26.36,low,low,2012-12-12,true
2022-12-13,11.78,26.1,26.119999999999997,low,low,2012-12-13,true
2022-12-14,11.81,26.6,26.6,low,low,2012-12-14,true
2022-12-15,11.79,26.3,26.32,low,low,2012-12-17,true
2022-12-16,11.81,26.6,26.629348260695725,low,low,2012-12-17,true
2022-12-19,11.62,24.6,24.6,low,low,2012-12-19,true
2022-12-20,11.45,22.8,22.759999999999998,low,low,2012-12-20,true
2022-12-21,11.45,22.8,22.759999999999998,low,low,2012-12-21,true
2022-12-22,11.47,22.9,22.88,low,low,2012-12-24,true
2022-12-23,11.45,22.8,22.750899640143942,low,low,2012-12-24,true
2022-12-26,11.48,23.1,23.119999999999997,low,low,2012-12-26,true
2022-12-27,11.62,24.6,24.6,low,low,2012-12-27,true
2022-12-28,11.59,24.3,24.32,low,low,2012-12-28,true
2022-12-29,11.53,23.5,23.48,low,low,2012-12-31,true
2022-12-30,11.58,24.2,24.19032387045182,low,low,2012-12-31,true
2023-01-02,11.58,24.2,24.19032387045182,low,low,2013-01-04,true
2023-01-03,11.62,24.7,24.660271782573943,low,low,2013-01-04,true
2023-01-04,11.64,24.8,24.810227726727927,low,low,2013-01-04,true
2023-01-05,11.84,26.9,26.887734718337995,low,low,2013-01-07,true
2023-01-06,11.87,27,26.996805111821086,low,low,2013-01-07,true
2023-01-09,11.95,28.1,28.08629644426688,low,low,2013-01-09,true
2023-01-10,11.96,28.3,28.286056731921693,low,low,2013-01-10,true
2023-01-11,11.95,28,28.046344386735917,low,low,2013-01-11,true
2023-01-12,11.97,28.3,28.326008789452654,low,low,2013-01-14,true
2023-01-13,12.13,31.5,31.549520766773163,mid,low,2013-01-14,true
2023-01-16,12.28,34.2,34.15900918897323,mid,low,2013-01-16,true
2023-01-17,12.27,34.1,34.07910507391131,mid,low,2013-01-17,true
2023-01-18,12.25,33.6,33.599680383539756,mid,low,2013-01-18,true
2023-01-19,12.31,34.6,34.59848182181383,mid,low,2013-01-21,true
2023-01-20,12.38,35.9,35.902555910543136,mid,low,2013-01-21,true
2023-01-23,12.38,35.9,35.87694766280464,mid,low,2013-01-23,true
2023-01-24,12.38,35.9,35.87694766280464,mid,low,2013-01-24,true
2023-01-25,12.38,35.9,35.87694766280464,mid,low,2013-01-25,true
2023-01-26,12.38,35.9,35.87694766280464,mid,mid,2013-01-28,true
2023-01-27,12.38,35.9,35.902555910543136,mid,mid,2013-01-28,true
2023-01-30,12.43,37,36.99560527367159,mid,mid,2013-01-30,true
2023-01-31,12.3,34.1,34.07910507391131,mid,mid,2013-01-31,true
2023-02-01,12.41,36.6,36.63603675589293,mid,mid,2013-02-01,true
2023-02-02,12.37,35.4,35.39752297243308,mid,mid,2013-02-04,true
2023-02-03,12.26,33.5,33.466453674121404,mid,mid,2013-02-04,true
2023-02-06,12.12,30.8,30.76308429884139,mid,mid,2013-02-06,true
2023-02-07,12.14,31.3,31.322413104274872,mid,mid,2013-02-07,true
2023-02-08,12.08,30.1,30.08389932081502,mid,mid,2013-02-08,true
2023-02-09,12.23,32.9,32.920495405513385,mid,mid,2013-02-18,true
2023-02-10,12.18,31.9,31.948881789137378,mid,mid,2013-02-18,true
2023-02-13,12.28,33.8,33.772455089820355,mid,mid,2013-02-18,true
2023-02-14,12.29,33.9,33.91859537110934,mid,mid,2013-02-18,true
2023-02-15,12.23,32.9,32.94774631033107,mid,mid,2013-02-18,true
2023-02-16,12.16,31.6,31.57894736842105,mid,mid,2013-02-18,true
2023-02-17,12.01,28.5,28.45755280988442,low,mid,2013-02-18,true
2023-02-20,12.3,34.1,34.13078149920255,mid,mid,2013-02-20,true
2023-02-21,12.33,34.7,34.728867623604465,mid,mid,2013-02-21,true
2023-02-22,12.23,32.9,32.89473684210527,mid,mid,2013-02-22,true
2023-02-23,12.22,32.5,32.45614035087719,mid,mid,2013-02-25,true
2023-02-24,12.1,30.4,30.370665603826225,mid,mid,2013-02-25,true
2023-02-27,12.06,29.5,29.545454545454547,low,mid,2013-02-27,true
2023-02-28,12.14,31.1,31.100478468899524,mid,mid,2013-02-28,true
2023-03-01,12.31,34.3,34.33014354066985,mid,mid,2013-03-01,true
2023-03-02,12.29,33.9,33.85167464114833,mid,mid,2013-03-04,true
2023-03-03,12.36,35.4,35.43244320446393,mid,mid,2013-03-04,true
2023-03-06,12.3,34,34.01116427432217,mid,mid,2013-03-06,true
2023-03-07,12.16,31.3,31.259968102073366,mid,mid,2013-03-07,true
2023-03-08,12.12,30.3,30.342902711323767,mid,mid,2013-03-08,true
2023-03-09,12.09,29.9,29.864433811802233,low,mid,2013-03-11,true
2023-03-10,11.93,26.6,26.58429653248306,low,mid,2013-03-11,true
2023-03-13,12.08,29.5,29.545454545454547,low,mid,2013-03-13,true
2023-03-14,11.99,27.4,27.352472089314194,low,mid,2013-03-14,true
2023-03-15,12.02,28.2,28.189792663476876,low,mid,2013-03-15,true
2023-03-16,11.9,26.2,26.156299840510368,low,mid,2013-03-18,true
2023-03-17,11.98,27.1,27.102431247508967,low,mid,2013-03-18,true
2023-03-20,11.92,26.3,26.31578947368421,low,mid,2013-03-20,true
2023-03-21,12.01,27.8,27.830940988835728,low,mid,2013-03-21,true
2023-03-22,12.07,29.2,29.226475279106857,low,mid,2013-03-22,true
2023-03-23,12.18,31.6,31.618819776714513,mid,mid,2013-03-25,true
2023-03-24,12.11,30.1,30.1315265045835,mid,mid,2013-03-25,true
2023-03-27,12.04,28.6,28.62838915470494,low,mid,2013-03-27,true
2023-03-28,12.03,28.3,28.349282296650717,low,mid,2013-03-28,true
2023-03-29,12.05,28.7,28.748006379585327,low,mid,2013-03-29,true
2023-03-30,12.15,31,30.980861244019138,mid,mid,2013-04-01,true
2023-03-31,12.17,31.3,31.32722200079713,mid,mid,2013-04-01,true
2023-04-03,12.26,33.3,33.25358851674641,mid,mid,2013-04-03,true
2023-04-04,12.31,34.3,34.29027113237639,mid,mid,2013-04-08,true
2023-04-05,12.31,34.3,34.316460741331205,mid,mid,2013-04-08,true
2023-04-06,12.29,33.7,33.745019920318725,mid,mid,2013-04-08,true
2023-04-07,12.34,34.9,34.926324173636004,mid,mid,2013-04-08,true
2023-04-10,12.31,34.3,34.30278884462151,mid,mid,2013-04-10,true
2023-04-11,12.31,34.3,34.30278884462151,mid,mid,2013-04-11,true
2023-04-12,12.33,34.7,34.701195219123505,mid,mid,2013-04-12,true
2023-04-13,12.27,33.2,33.22709163346614,mid,mid,2013-04-15,true
2023-04-14,12.34,34.9,34.926324173636004,mid,mid,2013-04-15,true
2023-04-17,12.54,39,38.964143426294825,mid,mid,2013-04-17,true
2023-04-18,12.6,40.1,40.1195219123506,mid,mid,2013-04-18,true
2023-04-19,12.49,38.2,38.16733067729084,mid,mid,2013-04-19,true
2023-04-20,12.46,37.8,37.808764940239044,mid,mid,2013-04-22,true
2023-04-21,12.24,32.3,32.337714058144165,mid,mid,2013-04-22,true
2023-04-24,12.12,29.7,29.681274900398407,low,mid,2013-04-24,true
2023-04-25,12.1,29.3,29.322709163346612,low,mid,2013-04-25,true
2023-04-26,12,26.7,26.653386454183263,low,mid,2013-04-26,true
2023-04-27,12.09,29.1,29.08366533864542,low,mid,2013-04-29,true
2023-04-28,12.22,31.8,31.780167264038234,mid,mid,2013-04-29,true
2023-05-01,12.22,31.8,31.752988047808767,mid,mid,2013-05-02,true
2023-05-02,12.22,31.8,31.780167264038234,mid,mid,2013-05-02,true
2023-05-03,12.22,31.8,31.780167264038234,mid,mid,2013-05-03,true
2023-05-04,12.4,36.4,36.399840700915966,mid,mid,2013-05-06,true
2023-05-05,12.37,35.4,35.42993630573248,mid,mid,2013-05-06,true
2023-05-08,12.61,40.3,40.30266825965751,mid,mid,2013-05-08,true
2023-05-09,12.49,38.2,38.1521306252489,mid,mid,2013-05-09,true
2023-05-10,12.33,34.4,34.368777379530066,mid,mid,2013-05-10,true
2023-05-11,12.3,33.5,33.45280764635603,mid,mid,2013-05-13,true
2023-05-12,12.15,30.1,30.05573248407643,mid,mid,2013-05-13,true
2023-05-15,12.32,34.1,34.0900039824771,mid,mid,2013-05-15,true
2023-05-16,12.25,32.2,32.1784149741139,mid,mid,2013-05-16,true
2023-05-17,12.19,30.7,30.70489844683393,mid,mid,2013-05-17,true
2023-05-18,12.23,31.9,31.899641577060933,mid,mid,2013-05-20,true
2023-05-19,12.17,30.3,30.254777070063692,mid,mid,2013-05-20,true
2023-05-22,12.24,32,32.01911589008363,mid,mid,2013-05-22,true
2023-05-23,12.04,27.2,27.20031859816806,low,mid,2013-05-23,true
2023-05-24,11.85,23.7,23.655913978494624,low,mid,2013-05-24,true
2023-05-25,11.82,23.4,23.377140581441658,low,mid,2013-05-27,true
2023-05-26,11.83,23.5,23.487261146496817,low,mid,2013-05-27,true
2023-05-29,11.83,23.5,23.456790123456788,low,mid,2013-05-29,true
2023-05-30,11.83,23.5,23.456790123456788,low,low,2013-05-30,true
2023-05-31,11.71,21.9,21.943448825169256,low,low,2013-05-31,true
2023-06-01,11.74,22.3,22.301871764237355,low,low,2013-06-03,true
2023-06-02,11.87,23.8,23.805732484076433,low,low,2013-06-03,true
2023-06-05,11.85,23.6,23.616089207487057,low,low,2013-06-05,true
2023-06-06,11.75,22.3,22.341696535244925,low,low,2013-06-06,true
2023-06-07,11.71,21.8,21.78414974113899,low,low,2013-06-07,true
2023-06-08,11.82,23.2,23.178016726403825,low,low,2013-06-13,true
2023-06-09,11.87,23.8,23.805732484076433,low,low,2013-06-13,true
2023-06-12,11.83,23.4,23.398328690807798,low,low,2013-06-13,true
2023-06-13,11.87,23.9,23.86634844868735,low,low,2013-06-13,true
2023-06-14,11.85,23.6,23.627684964200476,low,low,2013-06-14,true
2023-06-15,11.99,25.7,25.6563245823389,low,low,2013-06-17,true
2023-06-16,12.07,27.9,27.8727634194831,low,low,2013-06-17,true
2023-06-19,11.97,25.3,25.258552108194117,low,low,2013-06-19,true
2023-06-20,11.92,24.5,24.54256165473349,low,low,2013-06-20,true
2023-06-21,11.76,22.2,22.155926809864756,low,low,2013-06-21,true
2023-06-22,11.76,22.2,22.155926809864756,low,low,2013-06-24,true
2023-06-23,11.76,22.2,22.186878727634195,low,low,2013-06-24,true
2023-06-26,11.6,20.6,20.5648369132856,low,low,2013-06-26,true
2023-06-27,11.72,21.5,21.479713603818613,low,low,2013-06-27,true
2023-06-28,11.71,21.4,21.360381861575178,low,low,2013-06-28,true
2023-06-29,11.65,20.8,20.84327764518695,low,low,2013-07-01,true
2023-06-30,11.71,21.4,21.391650099403577,low,low,2013-07-01,true
2023-07-03,11.88,23.9,23.86634844868735,low,low,2013-07-03,true
2023-07-04,11.88,23.9,23.86634844868735,low,low,2013-07-04,true
2023-07-05,11.79,22.5,22.51392203659507,low,low,2013-07-05,true
2023-07-06,11.71,21.2,21.241050119331742,low,low,2013-07-08,true
2023-07-07,11.66,20.8,20.795228628230618,low,low,2013-07-08,true
2023-07-10,11.7,21,21.04216388225935,low,low,2013-07-10,true
2023-07-11,11.77,22.1,22.0763723150358,low,low,2013-07-11,true
2023-07-12,11.7,21,21.002386634844868,low,low,2013-07-12,true
2023-07-13,11.88,23.9,23.86634844868735,low,low,2013-07-15,true
2023-07-14,11.89,24,24.01590457256461,low,low,2013-07-15,true
2023-07-17,11.73,21.4,21.40015910898966,low,low,2013-07-17,true
2023-07-18,11.65,20.4,20.365950676213206,low,low,2013-07-18,true
2023-07-19,11.65,20.4,20.365950676213206,low,low,2013-07-19,true
2023-07-20,11.56,19.6,19.570405727923628,low,low,2013-07-22,true
2023-07-21,11.55,19.5,19.4831013916501,low,low,2013-07-22,true
2023-07-24,11.51,19.2,19.212410501193318,low,low,2013-07-24,true
2023-07-25,11.83,23,23.031026252983295,low,low,2013-07-25,true
2023-07-26,11.8,22.5,22.51392203659507,low,low,2013-07-26,true
2023-07-27,11.8,22.5,22.51392203659507,low,low,2013-07-29,true
2023-07-28,12.07,27.9,27.8727634194831,low,low,2013-07-29,true
2023-07-31,12.11,28.9,28.878281622911693,low,low,2013-07-31,true
2023-08-01,12.08,28.1,28.122513922036596,low,low,2013-08-01,true
2023-08-02,11.96,25,25.01988862370724,low,low,2013-08-02,true
2023-08-03,12.06,27.6,27.60540970564837,low,low,2013-08-05,true
2023-08-04,12.11,28.9,28.906560636182903,low,low,2013-08-05,true
2023-08-07,12.03,26.7,26.730310262529834,low,low,2013-08-07,true
2023-08-08,12.01,26,25.974542561654733,low,low,2013-08-08,true
2023-08-09,11.97,25,24.98011137629276,low,low,2013-08-09,true
2023-08-10,11.99,25.3,25.33810660302307,low,low,2013-08-12,true
2023-08-11,11.73,20.9,20.91451292246521,low,low,2013-08-12,true
2023-08-14,11.64,19.7,19.689737470167064,low,low,2013-08-14,true
2023-08-15,11.64,19.7,19.689737470167064,low,low,2013-08-15,true
2023-08-16,11.55,18.8,18.814638027048527,low,low,2013-08-16,true
2023-08-17,11.58,19.1,19.13285600636436,low,low,2013-08-19,true
2023-08-18,11.47,18.1,18.05168986083499,low,low,2013-08-19,true
2023-08-21,11.31,16.5,16.50755767700875,low,low,2013-08-21,true
2023-08-22,11.42,17.3,17.263325377883852,low,low,2013-08-22,true
2023-08-23,11.27,16.1,16.10978520286396,low,low,2013-08-23,true
2023-08-24,11.31,16.5,16.467780429594274,low,low,2013-08-26,true
2023-08-25,11.28,16.2,16.182902584493043,low,low,2013-08-26,true
2023-08-28,11.42,17.3,17.263325377883852,low,low,2013-08-28,true
2023-08-29,11.5,18.3,18.337311058074782,low,low,2013-08-29,true
2023-08-30,11.48,18.2,18.217979315831347,low,low,2013-08-30,true
2023-08-31,11.42,17.2,17.18377088305489,low,low,2013-09-02,true
2023-09-01,11.49,18.3,18.290258449304176,low,low,2013-09-02,true
2023-09-04,11.67,20.1,20.087509944311854,low,low,2013-09-04,true
2023-09-05,11.58,19.1,19.09307875894988,low,low,2013-09-05,true
2023-09-06,11.57,18.8,18.814638027048527,low,low,2013-09-06,true
2023-09-07,11.44,17.5,17.462211614956242,low,low,2013-09-09,true
2023-09-08,11.38,16.6,16.62027833001988,low,low,2013-09-09,true
2023-09-11,11.45,17.6,17.62132060461416,low,low,2013-09-11,true
2023-09-12,11.43,17.3,17.30310262529833,low,low,2013-09-12,true
2023-09-13,11.38,16.5,16.50755767700875,low,low,2013-09-13,true
2023-09-14,11.4,16.7,16.666666666666664,low,low,2013-09-16,true
2023-09-15,11.31,15.9,15.944333996023857,low,low,2013-09-16,true
2023-09-18,11.36,16.2,16.2291169451074,low,low,2013-09-18,true
2023-09-19,11.37,16.3,16.348448687350835,low,low,2013-09-23,true
2023-09-20,11.33,15.9,15.944333996023857,low,low,2013-09-23,true
2023-09-21,11.23,14.9,14.864864864864865,low,low,2013-09-23,true
2023-09-22,11.42,17,17.004370282081844,low,low,2013-09-23,true
2023-09-25,11.35,16.1,16.09697933227345,low,low,2013-09-25,true
2023-09-26,11.29,15.5,15.461049284578696,low,low,2013-09-26,true
2023-09-27,11.29,15.5,15.461049284578696,low,low,2013-09-27,true
2023-09-28,11.27,15.2,15.222575516693162,low,low,2013-09-30,true
2023-09-29,11.27,15.3,15.256257449344456,low,low,2013-09-30,true
2023-10-02,11.27,15.3,15.256257449344456,low,low,2013-10-08,true
2023-10-03,11.27,15.3,15.28991262907069,low,low,2013-10-08,true
2023-10-04,11.27,15.3,15.323541087733227,low,low,2013-10-08,true
2023-10-05,11.27,15.4,15.357142857142858,low,low,2013-10-08,true
2023-10-06,11.27,15.4,15.390717969059898,low,low,2013-10-08,true
2023-10-09,11.25,14.7,14.716382387941293,low,low,2013-10-09,true
2023-10-10,11.16,13.5,13.486711622372075,low,low,2013-10-10,true
2023-10-11,11.18,13.8,13.764379214597383,low,low,2013-10-11,true
2023-10-12,11.3,15.8,15.787385957953193,low,low,2013-10-14,true
2023-10-13,11.21,14.1,14.115781126090404,low,low,2013-10-14,true
2023-10-16,11.13,13.2,13.169377231257437,low,low,2013-10-16,true
2023-10-17,11.18,13.7,13.685045616818723,low,low,2013-10-17,true
2023-10-18,11.1,13,12.97104323681079,low,low,2013-10-18,true
2023-10-19,10.86,11.6,11.622372074573581,low,low,2013-10-21,true
2023-10-20,10.78,11.3,11.34020618556701,low,low,2013-10-21,true
2023-10-23,10.68,11,10.987703292344307,low,low,2013-10-23,true
2023-10-24,10.7,11,11.027370091233637,low,low,2013-10-24,true
2023-10-25,10.72,11.1,11.146370487901626,low,low,2013-10-25,true
2023-10-26,10.76,11.2,11.186037286790956,low,low,2013-10-28,true
2023-10-27,10.88,11.8,11.776367961934971,low,low,2013-10-28,true
2023-10-30,10.88,11.7,11.74137247124157,low,low,2013-10-30,true
2023-10-31,10.87,11.5,11.543038476794923,low,low,2013-10-31,true
2023-11-01,10.88,11.7,11.74137247124157,low,low,2013-11-01,true
2023-11-02,10.85,11.4,11.384371281237604,low,low,2013-11-04,true
2023-11-03,10.92,12.1,12.053925455987311,low,low,2013-11-04,true
2023-11-06,11.01,12.4,12.415708052360175,low,low,2013-11-06,true
2023-11-07,10.98,12.3,12.257040856802856,low,low,2013-11-07,true
2023-11-08,10.95,12.1,12.058706862356209,low,low,2013-11-08,true
2023-11-09,10.98,12.3,12.257040856802856,low,low,2013-11-11,true
2023-11-10,10.91,11.7,11.736716891356066,low,low,2013-11-11,true
2023-11-13,10.9,11.6,11.582705275684251,low,low,2013-11-13,true
2023-11-14,10.91,11.7,11.701705672352242,low,low,2013-11-14,true
2023-11-15,10.98,12.3,12.257040856802856,low,low,2013-11-15,true
2023-11-16,10.89,11.4,11.384371281237604,low,low,2013-11-18,true
2023-11-17,10.87,11.1,11.141950832672483,low,low,2013-11-18,true
2023-11-20,10.89,11.4,11.384371281237604,low,low,2013-11-20,true
2023-11-21,10.91,11.7,11.662038873462912,low,low,2013-11-21,true
2023-11-22,10.82,10.7,10.710035700119,low,low,2013-11-22,true
2023-11-23,10.87,11,11.027370091233637,low,low,2013-11-25,true
2023-11-24,10.81,10.7,10.666137985725614,low,low,2013-11-25,true
2023-11-27,10.73,10.3,10.273700912336373,low,low,2013-11-27,true
2023-11-28,10.74,10.3,10.273700912336373,low,low,2013-11-28,true
2023-11-29,10.66,9.9,9.916699722332407,low,low,2013-11-29,true
2023-11-30,10.7,10,10.035700119000397,low,low,2013-12-02,true
2023-12-01,10.67,9.9,9.912767644726408,low,low,2013-12-02,true
2023-12-04,10.61,9.7,9.71836572788576,low,low,2013-12-04,true
2023-12-05,10.42,9.5,9.520031733439112,low,low,2013-12-05,true
2023-12-06,10.4,9.5,9.480364934549781,low,low,2013-12-06,true
2023-12-07,10.39,9.4,9.440698135660453,low,low,2013-12-09,true
2023-12-08,10.42,9.6,9.555908009516257,low,low,2013-12-09,true
2023-12-11,10.61,9.7,9.71836572788576,low,low,2013-12-11,true
2023-12-12,10.65,9.8,9.79769932566442,low,low,2013-12-12,true
2023-12-13,10.49,9.5,9.480364934549781,low,low,2013-12-13,true
2023-12-14,10.43,9.4,9.401031336771123,low,low,2013-12-16,true
2023-12-15,10.39,9.3,9.278350515463918,low,low,2013-12-16,true
2023-12-18,10.38,9.2,9.163030543435145,low,low,2013-12-18,true
2023-12-19,10.39,9.2,9.242364141213805,low,low,2013-12-19,true
2023-12-20,10.29,9,9.044030146767156,low,low,2013-12-20,true
2023-12-21,10.38,9.1,9.123363744545815,low,low,2013-12-23,true
2023-12-22,10.4,9.3,9.318001586042824,low,low,2013-12-23,true
2023-12-25,10.44,9.4,9.401031336771123,low,low,2013-12-25,true
2023-12-26,10.39,9.2,9.163030543435145,low,low,2013-12-26,true
2023-12-27,10.43,9.4,9.361364537881792,low,low,2013-12-27,true
2023-12-28,10.63,9.7,9.67869892899643,low,low,2013-12-30,true
2023-12-29,10.67,9.9,9.912767644726408,low,low,2013-12-30,true
2024-01-01,10.67,9.9,9.877032923443078,low,low,2014-01-02,true
2024-01-02,10.57,9.5,9.516256938937351,low,low,2014-01-02,true
2024-01-03,10.57,9.5,9.516256938937351,low,low,2014-01-03,true
2024-01-04,10.5,9.3,9.318001586042824,low,low,2014-01-06,true
2024-01-05,10.45,9.2,9.235037653587,low,low,2014-01-06,true
2024-01-08,10.33,8.6,8.604282315622521,low,low,2014-01-08,true
2024-01-09,10.34,8.6,8.604282315622521,low,low,2014-01-09,true
2024-01-10,10.29,8.5,8.52498017446471,low,low,2014-01-10,true
2024-01-11,10.31,8.5,8.52498017446471,low,low,2014-01-13,true
2024-01-12,10.29,8.5,8.52160126833135,low,low,2014-01-13,true
2024-01-15,10.29,8.5,8.485329103885805,low,low,2014-01-15,true
2024-01-16,10.35,8.6,8.643933386201427,low,low,2014-01-16,true
2024-01-17,10.15,8.2,8.24742268041237,low,low,2014-01-17,true
2024-01-18,10.26,8.3,8.287073750991276,low,low,2014-01-20,true
2024-01-19,10.24,8.3,8.283789139912802,low,low,2014-01-20,true
2024-01-22,10.1,8.1,8.128469468675654,low,low,2014-01-22,true
2024-01-23,10.14,8.1,8.128469468675654,low,low,2014-01-23,true
2024-01-24,10.31,8.5,8.485329103885805,low,low,2014-01-24,true
2024-01-25,10.56,9.4,9.43695479777954,low,low,2014-01-27,true
2024-01-26,10.57,9.6,9.552120491478398,low,low,2014-01-27,true
2024-01-29,10.51,9.2,9.238699444885013,low,low,2014-01-29,true
2024-01-30,10.35,8.5,8.52498017446471,low,low,2014-01-30,true
2024-01-31,10.29,8.2,8.24742268041237,low,low,2014-02-07,true
2024-02-01,10.27,8.1,8.085612366230679,low,low,2014-02-07,true
2024-02-02,10.18,8,7.9635499207606975,low,low,2014-02-07,true
2024-02-05,10.29,8.4,8.356435643564357,low,low,2014-02-07,true
2024-02-06,10.59,9.7,9.659540775930324,low,low,2014-02-07,true
2024-02-07,10.66,10,9.97229916897507,low,low,2014-02-07,true
2024-02-08,10.7,10.2,10.249307479224377,low,low,2014-02-10,true
2024-02-09,10.7,10.3,10.284810126582279,low,low,2014-02-10,true
2024-02-12,10.7,10.2,10.249307479224377,low,low,2014-02-12,true
2024-02-13,10.7,10.2,10.249307479224377,low,low,2014-02-13,true
2024-02-14,10.7,10.2,10.249307479224377,low,low,2014-02-14,true
2024-02-15,10.7,10.2,10.249307479224377,low,low,2014-02-17,true
2024-02-16,10.7,10.3,10.284810126582279,low,low,2014-02-17,true
2024-02-19,10.87,11.2,11.238622872971904,low,low,2014-02-19,true
2024-02-20,10.9,11.7,11.673921646220816,low,low,2014-02-20,true
2024-02-21,11.03,12.7,12.702809655718243,low,low,2014-02-21,true
2024-02-22,11.15,13.4,13.375544123466563,low,low,2014-02-24,true
2024-02-23,11.16,13.6,13.568037974683545,low,low,2014-02-24,true
2024-02-26,11,12.4,12.386228729719035,low,low,2014-02-26,true
2024-02-27,11.11,13.1,13.098535813217255,low,low,2014-02-27,true
2024-02-28,10.99,12.3,12.267510882469331,low,low,2014-02-28,true
2024-02-29,11.17,13.7,13.69212504946577,low,low,2014-03-03,true
2024-03-01,11.22,14.6,14.596518987341772,low,low,2014-03-03,true
2024-03-04,11.25,14.9,14.912974683544302,low,low,2014-03-04,true
2024-03-05,11.34,16.4,16.376582278481013,low,low,2014-03-05,true
2024-03-06,11.28,15.7,15.664556962025317,low,low,2014-03-06,true
2024-03-07,11.24,14.7,14.715189873417723,low,low,2014-03-07,true
2024-03-08,11.28,15.7,15.664556962025317,low,low,2014-03-10,true
2024-03-11,11.38,16.9,16.890822784810126,low,low,2014-03-11,true
2024-03-12,11.35,16.5,16.455696202531644,low,low,2014-03-12,true
2024-03-13,11.27,15.4,15.3876582278481,low,low,2014-03-13,true
2024-03-14,11.25,14.7,14.675632911392405,low,low,2014-03-14,true
2024-03-15,11.27,15.4,15.3876582278481,low,low,2014-03-17,true
2024-03-18,11.36,16.6,16.574367088607595,low,low,2014-03-18,true
2024-03-19,11.29,15.7,15.664556962025317,low,low,2014-03-19,true
2024-03-20,11.34,16.3,16.257911392405063,low,low,2014-03-20,true
2024-03-21,11.33,16.1,16.099683544303797,low,low,2014-03-21,true
2024-03-22,11.23,14.2,14.200949367088608,low,low,2014-03-24,true
2024-03-25,11.2,13.6,13.568037974683545,low,low,2014-03-25,true
2024-03-26,11.25,14.5,14.477848101265822,low,low,2014-03-26,true
2024-03-27,11.15,12.6,12.61867088607595,low,low,2014-03-27,true
2024-03-28,11.18,13.2,13.212025316455698,low,low,2014-03-28,true
2024-03-29,11.26,14.6,14.63607594936709,low,low,2014-03-31,true
2024-04-01,11.4,17.1,17.088607594936708,low,low,2014-04-01,true
2024-04-02,11.38,16.9,16.85126582278481,low,low,2014-04-02,true
2024-04-03,11.36,16.5,16.49525316455696,low,low,2014-04-03,true
2024-04-04,11.36,16.5,16.49525316455696,low,low,2014-04-04,true
2024-04-05,11.36,16.5,16.49525316455696,low,low,2014-04-08,true
2024-04-08,11.29,15.4,15.42111506524318,low,low,2014-04-08,true
2024-04-09,11.26,14.4,14.43258204824041,low,low,2014-04-09,true
2024-04-10,11.2,13.2,13.24634242783709,low,low,2014-04-10,true
2024-04-11,11.19,13,12.969553183076316,low,low,2014-04-11,true
2024-04-12,11.12,11.9,11.941478845393435,low,low,2014-04-14,true
2024-04-15,11.38,16.9,16.884143930407276,low,low,2014-04-15,true
2024-04-16,11.31,15.7,15.737445630684066,low,low,2014-04-16,true
2024-04-17,11.45,18.1,18.10992487149071,low,low,2014-04-17,true
2024-04-18,11.46,18.2,18.189007512850928,low,low,2014-04-18,true
2024-04-19,11.4,17,17.04230921312772,low,low,2014-04-21,true
2024-04-22,11.34,15.9,15.935152234084619,low,low,2014-04-22,true
2024-04-23,11.26,14.2,14.195334124159748,low,low,2014-04-23,true
2024-04-24,11.3,15.4,15.381573744563068,low,low,2014-04-24,true
2024-04-25,11.34,15.9,15.935152234084619,low,low,2014-04-25,true
2024-04-26,11.47,18.3,18.26809015421115,low,low,2014-04-28,true
2024-04-29,11.54,19,19.019375247133254,low,low,2014-04-29,true
2024-04-30,11.5,18.7,18.663503361012257,low,low,2014-04-30,true
2024-05-01,11.5,18.7,18.663503361012257,low,low,2014-05-05,true
2024-05-02,11.5,18.7,18.695652173913043,low,low,2014-05-05,true
2024-05-03,11.5,18.7,18.727775582773607,low,low,2014-05-05,true
2024-05-06,12.59,40.4,40.41880679573291,mid,low,2014-05-06,true
2024-05-07,12.61,40.8,40.77439747135519,mid,low,2014-05-07,true
2024-05-08,12.53,39.1,39.1149743184512,mid,low,2014-05-08,true
2024-05-09,12.61,40.8,40.77439747135519,mid,low,2014-05-09,true
2024-05-10,12.62,41,41.01145792177005,mid,mid,2014-05-12,true
2024-05-13,12.61,40.7,40.73488739628605,mid,mid,2014-05-13,true
2024-05-14,12.58,39.9,39.944685894903195,mid,mid,2014-05-14,true
2024-05-15,12.49,38.4,38.364282892137496,mid,mid,2014-05-15,true
2024-05-16,12.53,39,38.956934018174636,mid,mid,2014-05-16,true
2024-05-17,12.65,41.4,41.44606874753062,mid,mid,2014-05-19,true
2024-05-20,12.7,42.4,42.3548004741209,mid,mid,2014-05-20,true
2024-05-21,12.67,41.7,41.722639273014615,mid,mid,2014-05-21,true
2024-05-22,12.68,42,41.99920979849862,mid,mid,2014-05-22,true
2024-05-23,12.55,39,39.03595416831292,mid,mid,2014-05-23,true
2024-05-24,12.43,36.9,36.90241011457921,mid,mid,2014-05-26,true
2024-05-27,12.56,39.3,39.27301461872778,mid,mid,2014-05-27,true
2024-05-28,12.5,38.1,38.127222441722644,mid,mid,2014-05-28,true
2024-05-29,12.5,38.1,38.127222441722644,mid,mid,2014-05-29,true
2024-05-30,12.42,36.5,36.54681943895694,mid,mid,2014-05-30,true
2024-05-31,12.37,35.1,35.08494666139866,mid,mid,2014-06-03,true
2024-06-03,12.41,36.4,36.37440758293839,mid,mid,2014-06-03,true
2024-06-04,12.48,37.8,37.83570300157978,mid,mid,2014-06-04,true
2024-06-05,12.42,36.5,36.532385466034754,mid,mid,2014-06-05,true
2024-06-06,12.42,36.5,36.532385466034754,mid,mid,2014-06-06,true
2024-06-07,12.35,34.4,34.39968404423381,mid,mid,2014-06-09,true
2024-06-10,12.35,34.4,34.39968404423381,mid,mid,2014-06-10,true
2024-06-11,12.22,30.9,30.924170616113745,mid,mid,2014-06-11,true
2024-06-12,12.23,31.4,31.398104265402843,mid,mid,2014-06-12,true
2024-06-13,12.18,30,29.976303317535546,low,mid,2014-06-13,true
2024-06-14,12.22,30.9,30.88467614533965,mid,mid,2014-06-16,true
2024-06-17,12.18,29.9,29.936808846761455,low,mid,2014-06-17,true
2024-06-18,12.22,30.9,30.88467614533965,mid,mid,2014-06-18,true
2024-06-19,12.19,30,30.01579778830964,mid,mid,2014-06-19,true
2024-06-20,12.14,28.9,28.87045813586098,low,mid,2014-06-20,true
2024-06-21,12.1,27.8,27.843601895734597,low,mid,2014-06-23,true
2024-06-24,12.06,26.7,26.698262243285942,low,mid,2014-06-24,true
2024-06-25,12.01,25.1,25.078988941548186,low,mid,2014-06-25,true
2024-06-26,12.06,26.7,26.698262243285942,low,mid,2014-06-26,true
2024-06-27,11.99,24.4,24.368088467614534,low,mid,2014-06-27,true
2024-06-28,12.06,26.7,26.698262243285942,low,mid,2014-06-30,true
2024-07-01,12.14,28.9,28.87045813586098,low,mid,2014-07-01,true
2024-07-02,12.17,29.5,29.462875197472354,low,mid,2014-07-02,true
2024-07-03,12.12,28.2,28.199052132701425,low,mid,2014-07-03,true
2024-07-04,12.09,27.4,27.448657187993682,low,mid,2014-07-04,true
2024-07-05,12,24.5,24.526066350710902,low,mid,2014-07-07,true
2024-07-08,11.92,22.9,22.906793048973142,low,mid,2014-07-08,true
2024-07-09,12.05,26.1,26.066350710900476,low,mid,2014-07-09,true
2024-07-10,11.99,24.1,24.091627172195892,low,mid,2014-07-10,true
2024-07-11,12.09,27.4,27.448657187993682,low,mid,2014-07-11,true
2024-07-12,12.11,27.9,27.92259083728278,low,mid,2014-07-14,true
2024-07-15,12.16,29.3,29.265402843601894,low,mid,2014-07-15,true
2024-07-16,12.2,30.1,30.134281200631914,mid,mid,2014-07-16,true
2024-07-17,12.18,29.8,29.81832543443918,low,mid,2014-07-17,true
2024-07-18,12.24,31.6,31.556082148499208,mid,mid,2014-07-18,true
2024-07-19,12.27,32.3,32.30647709320695,mid,mid,2014-07-21,true
2024-07-22,12.16,29.1,29.10742496050553,low,mid,2014-07-22,true
2024-07-23,11.97,23.3,23.30173775671406,low,mid,2014-07-23,true
2024-07-24,11.93,22.6,22.551342812006318,low,mid,2014-07-24,true
2024-07-25,11.84,21.1,21.05055292259084,low,mid,2014-07-25,true
2024-07-26,11.83,20.9,20.85308056872038,low,mid,2014-07-28,true
2024-07-29,11.81,20.5,20.45813586097946,low,low,2014-07-29,true
2024-07-30,11.72,18.8,18.799368088467613,low,low,2014-07-30,true
2024-07-31,11.91,22.2,22.23538704581359,low,low,2014-07-31,true
2024-08-01,11.85,21.1,21.12954186413902,low,low,2014-08-01,true
2024-08-02,11.75,19.3,19.273301737756714,low,low,2014-08-04,true
2024-08-05,11.6,17.2,17.21958925750395,low,low,2014-08-05,true
2024-08-06,11.58,17.1,17.061611374407583,low,low,2014-08-06,true
2024-08-07,11.59,17.1,17.140600315955766,low,low,2014-08-07,true
2024-08-08,11.6,17.2,17.21958925750395,low,low,2014-08-08,true
2024-08-09,11.58,17,16.982622432859397,low,low,2014-08-11,true
2024-08-12,11.57,16.6,16.627172195892577,low,low,2014-08-12,true
2024-08-13,11.61,17.3,17.25908372827804,low,low,2014-08-13,true
2024-08-14,11.54,16.3,16.27172195892575,low,low,2014-08-14,true
2024-08-15,11.65,17.8,17.77251184834123,low,low,2014-08-15,true
2024-08-16,11.7,18.3,18.325434439178515,low,low,2014-08-18,true
2024-08-19,11.76,19.5,19.47077409162717,low,low,2014-08-19,true
2024-08-20,11.69,18.1,18.12796208530806,low,low,2014-08-20,true
2024-08-21,11.66,17.8,17.812006319115323,low,low,2014-08-21,true
2024-08-22,11.67,18,17.969984202211688,low,low,2014-08-22,true
2024-08-23,11.71,18.5,18.48341232227488,low,low,2014-08-25,true
2024-08-26,11.7,18.2,18.246445497630333,low,low,2014-08-26,true
2024-08-27,11.7,18.2,18.246445497630333,low,low,2014-08-27,true
2024-08-28,11.62,17.1,17.101105845181674,low,low,2014-08-28,true
2024-08-29,11.51,15.6,15.639810426540285,low,low,2014-08-29,true
2024-08-30,11.6,16.8,16.78515007898894,low,low,2014-09-01,true
2024-09-02,11.35,12.6,12.59873617693523,low,low,2014-09-02,true
2024-09-03,11.3,11.8,11.808846761453397,low,low,2014-09-03,true
2024-09-04,11.21,9.4,9.439178515007898,low,low,2014-09-04,true
2024-09-05,11.21,9.4,9.439178515007898,low,low,2014-09-05,true
2024-09-06,11.13,8.1,8.096366508688783,low,low,2014-09-09,true
2024-09-09,11,7.1,7.1456770627714175,low,low,2014-09-09,true
2024-09-10,11.03,7.4,7.38255033557047,low,low,2014-09-10,true
2024-09-11,10.94,6.6,6.5929727595736285,low,low,2014-09-11,true
2024-09-12,10.91,6.3,6.316620607974734,low,low,2014-09-12,true
2024-09-13,10.88,5.8,5.842874062376628,low,low,2014-09-15,true
2024-09-16,10.88,5.8,5.842874062376628,low,low,2014-09-16,true
2024-09-17,10.88,5.8,5.842874062376628,low,low,2014-09-17,true
2024-09-18,10.95,6.7,6.671930517173312,low,low,2014-09-18,true
2024-09-19,11,7.1,7.106198183971575,low,low,2014-09-19,true
2024-09-20,11.03,7.4,7.38255033557047,low,low,2014-09-22,true
2024-09-23,11.09,7.8,7.816818002368733,low,low,2014-09-23,true
2024-09-24,11.57,16.2,16.186340307935254,low,low,2014-09-24,true
2024-09-25,11.73,18.9,18.910382945124358,low,low,2014-09-25,true
2024-09-26,12.17,29.3,29.33280694828267,low,low,2014-09-26,true
2024-09-27,12.56,39.3,39.320963284642716,mid,low,2014-09-29,true
2024-09-30,13.54,58.2,58.19186735096723,mid,low,2014-09-30,true
2024-10-01,13.54,58.2,58.19186735096723,mid,low,2014-10-08,true
2024-10-02,13.54,58.2,58.20836621941594,mid,low,2014-10-08,true
2024-10-03,13.54,58.2,58.22485207100592,mid,mid,2014-10-08,true
2024-10-04,13.54,58.2,58.24132492113565,mid,mid,2014-10-08,true
2024-10-07,13.54,58.3,58.257784785179346,mid,mid,2014-10-08,true
2024-10-08,14.21,71.9,71.94641449960599,high,mid,2014-10-08,true
2024-10-09,13.21,51.9,51.93065405831363,mid,mid,2014-10-09,true
2024-10-10,13.43,55.6,55.594956658786444,mid,mid,2014-10-10,true
2024-10-11,13.11,50.2,50.19700551615445,mid,mid,2014-10-13,true
2024-10-14,13.36,54.1,54.1371158392435,mid,mid,2014-10-14,true
2024-10-15,12.99,47.5,47.478329393223014,mid,mid,2014-10-15,true
2024-10-16,12.94,46.4,46.37509850275808,mid,mid,2014-10-16,true
2024-10-17,12.79,43.5,43.53821907013396,mid,mid,2014-10-17,true
2024-10-18,13.17,51.1,51.14263199369582,mid,mid,2014-10-20,true
2024-10-21,13.16,50.9,50.90622537431047,mid,mid,2014-10-21,true
2024-10-22,13.23,52.1,52.12765957446809,mid,mid,2014-10-22,true
2024-10-23,13.27,52.8,52.836879432624116,mid,mid,2014-10-23,true
2024-10-24,13.14,50.4,50.43341213553979,mid,mid,2014-10-24,true
2024-10-25,13.19,51.4,51.379038613081164,mid,mid,2014-10-27,true
2024-10-28,13.2,51.5,51.536643026004725,mid,mid,2014-10-28,true
2024-10-29,13.07,49.3,49.33018124507486,mid,mid,2014-10-29,true
2024-10-30,12.93,45.9,45.94168636721828,mid,mid,2014-10-30,true
2024-10-31,12.91,45.4,45.35066981875492,mid,mid,2014-10-31,true
2024-11-01,12.64,40.3,40.34672970843184,mid,mid,2014-11-03,true
2024-11-04,12.78,43,42.9866036249015,mid,mid,2014-11-04,true
2024-11-05,13.06,48.8,48.7785657998424,mid,mid,2014-11-05,true
2024-11-06,12.98,46.8,46.84791174152876,mid,mid,2014-11-06,true
2024-11-07,13.37,54.3,54.33412135539795,mid,mid,2014-11-07,true
2024-11-08,13.24,52.1,52.12765957446809,mid,mid,2014-11-10,true
2024-11-11,13.26,52.6,52.63987391646966,mid,mid,2014-11-11,true
2024-11-12,13.11,49.8,49.76359338061466,mid,mid,2014-11-12,true
2024-11-13,13.19,51.2,51.2214342001576,mid,mid,2014-11-13,true
2024-11-14,13.02,47.7,47.67533490937746,mid,mid,2014-11-14,true
2024-11-15,12.84,43.5,43.45941686367218,mid,mid,2014-11-17,true
2024-11-18,12.84,43.5,43.45941686367218,mid,mid,2014-11-18,true
2024-11-19,12.88,44.2,44.2080378250591,mid,mid,2014-11-19,true
2024-11-20,12.9,44.8,44.759653270291565,mid,mid,2014-11-20,true
2024-11-21,12.9,44.8,44.759653270291565,mid,mid,2014-11-21,true
2024-11-22,12.53,37.3,37.31284475965327,mid,mid,2014-11-24,true
2024-11-25,12.48,36.4,36.3672182821119,mid,mid,2014-11-25,true
2024-11-26,12.48,36.4,36.3672182821119,mid,mid,2014-11-26,true
2024-11-27,12.67,40.3,40.34672970843184,mid,mid,2014-11-27,true
2024-11-28,12.57,38.1,38.10086682427108,mid,mid,2014-11-28,true
2024-11-29,12.68,40.7,40.66193853427896,mid,mid,2014-12-01,true
2024-12-02,12.78,42.5,42.47438928289992,mid,mid,2014-12-02,true
2024-12-03,12.82,43,42.9866036249015,mid,mid,2014-12-03,true
2024-12-04,12.81,42.8,42.82899921197794,mid,mid,2014-12-04,true
2024-12-05,12.76,41.9,41.92277383766746,mid,mid,2014-12-05,true
2024-12-06,12.92,45.4,45.35066981875492,mid,mid,2014-12-08,true
2024-12-09,12.93,45.6,45.62647754137116,mid,mid,2014-12-09,true
2024-12-10,13.01,47.5,47.478329393223014,mid,mid,2014-12-10,true
2024-12-11,12.98,46.6,46.57210401891253,mid,mid,2014-12-11,true
2024-12-12,13.11,49.7,49.724192277383764,mid,mid,2014-12-12,true
2024-12-13,12.83,43,42.9866036249015,mid,mid,2014-12-15,true
2024-12-16,12.9,44.6,44.56264775413711,mid,mid,2014-12-16,true
2024-12-17,12.93,45.5,45.508274231678485,mid,mid,2014-12-17,true
2024-12-18,12.99,46.8,46.808510638297875,mid,mid,2014-12-18,true
2024-12-19,12.97,46.3,46.335697399527184,mid,mid,2014-12-19,true
2024-12-20,12.9,44.5,44.48384554767533,mid,mid,2014-12-22,true
2024-12-23,12.97,46.4,46.37509850275808,mid,mid,2014-12-23,true
2024-12-24,13.14,50.2,50.23640661938534,mid,mid,2014-12-24,true
2024-12-25,13.19,51.2,51.2214342001576,mid,mid,2014-12-25,true
2024-12-26,13.18,50.9,50.866824271079594,mid,mid,2014-12-26,true
2024-12-27,13.17,50.8,50.78802206461781,mid,mid,2014-12-29,true
2024-12-30,13.23,52,52.04885736800631,mid,mid,2014-12-30,true
2024-12-31,13.06,48.5,48.50275807722616,mid,mid,2014-12-31,true
2025-01-01,13.06,48.5,48.54215918045705,mid,mid,2015-01-05,true
2025-01-02,12.68,40.2,40.17329657345412,mid,mid,2015-01-05,true
2025-01-03,12.55,37,37.00787401574803,mid,mid,2015-01-05,true
2025-01-06,12.53,36.7,36.732283464566926,mid,mid,2015-01-06,true
2025-01-07,12.59,38.2,38.22834645669291,mid,mid,2015-01-07,true
2025-01-08,12.58,37.9,37.91338582677166,mid,mid,2015-01-08,true
2025-01-09,12.51,36.2,36.22047244094488,mid,mid,2015-01-09,true
2025-01-10,12.37,32.9,32.91338582677165,mid,mid,2015-01-12,true
2025-01-13,12.32,31.6,31.5748031496063,mid,mid,2015-01-13,true
2025-01-14,12.6,38.6,38.582677165354326,mid,mid,2015-01-14,true
2025-01-15,12.54,37.1,37.08661417322834,mid,mid,2015-01-15,true
2025-01-16,12.57,37.8,37.79527559055118,mid,mid,2015-01-16,true
2025-01-17,12.59,38.5,38.503937007874015,mid,mid,2015-01-19,true
2025-01-20,12.61,39.1,39.05511811023622,mid,mid,2015-01-20,true
2025-01-21,12.6,38.7,38.74015748031496,mid,mid,2015-01-21,true
2025-01-22,12.48,35.9,35.86614173228347,mid,mid,2015-01-22,true
2025-01-23,12.55,37.3,37.28346456692913,mid,mid,2015-01-23,true
2025-01-24,12.62,39.5,39.488188976377955,mid,mid,2015-01-26,true
2025-01-27,12.63,39.6,39.56692913385827,mid,mid,2015-01-27,true
2025-01-28,12.63,39.6,39.60629921259842,mid,mid,2015-01-28,true
2025-01-29,12.63,39.6,39.64566929133858,mid,mid,2015-01-29,true
2025-01-30,12.63,39.7,39.68503937007874,mid,mid,2015-01-30,true
2025-01-31,12.63,39.7,39.724409448818896,mid,mid,2015-02-02,true
2025-02-03,12.63,39.8,39.76377952755906,mid,mid,2015-02-03,true
2025-02-04,12.63,39.8,39.803149606299215,mid,mid,2015-02-04,true
2025-02-05,12.5,36.2,36.22047244094488,mid,mid,2015-02-05,true
2025-02-06,12.64,40.2,40.15748031496063,mid,mid,2015-02-06,true
2025-02-07,12.77,42.6,42.63779527559055,mid,mid,2015-02-09,true
2025-02-10,12.78,43,42.99212598425196,mid,mid,2015-02-10,true
2025-02-11,12.77,42.7,42.67716535433071,mid,mid,2015-02-11,true
2025-02-12,12.86,44.4,44.44881889763779,mid,mid,2015-02-12,true
2025-02-13,12.84,44,44.01574803149606,mid,mid,2015-02-13,true
2025-02-14,12.93,46.6,46.574803149606296,mid,mid,2015-02-16,true
2025-02-17,12.96,47.4,47.36220472440945,mid,mid,2015-02-17,true
2025-02-18,12.89,45.2,45.23622047244095,mid,mid,2015-02-25,true
2025-02-19,12.94,46.8,46.75324675324675,mid,mid,2015-02-25,true
2025-02-20,12.91,45.9,45.869394177812744,mid,mid,2015-02-25,true
2025-02-21,13.02,48.9,48.918600078647266,mid,mid,2015-02-25,true
2025-02-24,12.98,47.8,47.759433962264154,mid,mid,2015-02-25,true
2025-02-25,12.83,43.8,43.811394891944985,mid,mid,2015-02-25,true
2025-02-26,12.93,46.6,46.64047151277014,mid,mid,2015-02-26,true
2025-02-27,12.97,47.7,47.66208251473477,mid,mid,2015-02-27,true
2025-02-28,12.76,42.5,42.475442043222,mid,mid,2015-03-02,true
2025-03-03,12.74,42.1,42.12180746561886,mid,mid,2015-03-03,true
2025-03-04,12.7,41.5,41.45383104125737,mid,mid,2015-03-04,true
2025-03-05,12.78,43.1,43.1041257367387,mid,mid,2015-03-05,true
2025-03-06,12.92,46.4,46.40471512770137,mid,mid,2015-03-06,true
2025-03-07,12.88,45,44.9901768172888,mid,mid,2015-03-09,true
2025-03-10,12.82,43.7,43.7328094302554,mid,mid,2015-03-10,true
2025-03-11,12.87,44.8,44.79371316306484,mid,mid,2015-03-11,true
2025-03-12,12.82,43.8,43.77210216110019,mid,mid,2015-03-12,true
2025-03-13,12.8,43.5,43.45776031434185,mid,mid,2015-03-13,true
2025-03-14,13.08,51.1,51.080550098231825,mid,mid,2015-03-16,true
2025-03-17,13.07,51,50.96267190569744,mid,mid,2015-03-17,true
2025-03-18,13.08,51.2,51.15913555992141,mid,mid,2015-03-18,true
2025-03-19,13.1,51.6,51.552062868369354,mid,mid,2015-03-19,true
2025-03-20,13,48.8,48.80157170923379,mid,mid,2015-03-20,true
2025-03-21,12.83,44.1,44.12573673870334,mid,mid,2015-03-23,true
2025-03-24,12.9,46,45.97249508840864,mid,mid,2015-03-24,true
2025-03-25,12.91,46.3,46.32612966601179,mid,mid,2015-03-25,true
2025-03-26,12.87,45,44.950884086444006,mid,mid,2015-03-26,true
2025-03-27,12.92,46.8,46.79764243614931,mid,mid,2015-03-27,true
2025-03-28,12.86,44.8,44.79371316306484,mid,mid,2015-03-30,true
2025-03-31,12.81,43.6,43.614931237721024,mid,mid,2015-03-31,true
2025-04-01,12.81,43.7,43.654223968565816,mid,mid,2015-04-01,true
2025-04-02,12.8,43.5,43.49705304518664,mid,mid,2015-04-02,true
2025-04-03,12.76,42.6,42.59332023575639,mid,mid,2015-04-03,true
2025-04-04,12.76,42.6,42.63261296660118,mid,mid,2015-04-07,true
2025-04-07,11.95,20.9,20.93479968578162,low,mid,2015-04-07,true
2025-04-08,12.18,27.7,27.729772191673213,low,mid,2015-04-08,true
2025-04-09,12.26,30,30.007855459544388,mid,mid,2015-04-09,true
2025-04-10,12.38,33.4,33.42498036135114,mid,mid,2015-04-10,true
2025-04-11,12.42,34.6,34.56402199528672,mid,mid,2015-04-13,true
2025-04-14,12.47,35.7,35.66378633150039,mid,mid,2015-04-14,true
2025-04-15,12.51,36.6,36.56716417910448,mid,mid,2015-04-15,true
2025-04-16,12.57,38.1,38.13825608798115,mid,mid,2015-04-16,true
2025-04-17,12.56,37.8,37.824037706205814,mid,mid,2015-04-17,true
2025-04-18,12.57,38.2,38.21681068342498,mid,mid,2015-04-20,true
2025-04-21,12.58,38.6,38.57030636292223,mid,mid,2015-04-21,true
2025-04-22,12.61,39.6,39.591516103692065,mid,mid,2015-04-22,true
2025-04-23,12.6,39.2,39.238020424194815,mid,mid,2015-04-23,true
2025-04-24,12.63,40.3,40.298507462686565,mid,mid,2015-04-24,true
2025-04-25,12.61,39.7,39.6700706991359,mid,mid,2015-04-27,true
2025-04-28,12.61,39.7,39.70934799685782,mid,mid,2015-04-28,true
2025-04-29,12.56,37.9,37.86331500392773,mid,mid,2015-04-29,true
2025-04-30,12.51,36.6,36.6064414768264,mid,mid,2015-04-30,true
2025-05-01,12.51,36.6,36.645718774548314,mid,mid,2015-05-04,true
2025-05-02,12.51,36.7,36.67059285433844,mid,mid,2015-05-04,true
2025-05-05,12.51,36.7,36.70985473105615,mid,mid,2015-05-05,true
2025-05-06,12.16,27.1,27.051433058500194,low,mid,2015-05-06,true
2025-05-07,12.26,30.1,30.074597565763643,mid,mid,2015-05-07,true
2025-05-08,12.31,31.4,31.448763250883395,mid,mid,2015-05-08,true
2025-05-09,12.31,31.5,31.488025127601098,mid,mid,2015-05-11,true
2025-05-12,12.42,34.7,34.746760895170794,mid,mid,2015-05-12,true
2025-05-13,12.45,35.3,35.3356890459364,mid,mid,2015-05-13,true
2025-05-14,12.61,40.2,40.16489988221437,mid,mid,2015-05-14,true
2025-05-15,12.53,37.5,37.534354142127995,mid,mid,2015-05-15,true
2025-05-16,12.45,35.4,35.3749509226541,mid,mid,2015-05-18,true
2025-05-19,12.4,34.2,34.157832744405184,mid,mid,2015-05-19,true
2025-05-20,12.46,35.9,35.924617196702,mid,mid,2015-05-20,true
2025-05-21,12.52,37.1,37.141735374950926,mid,mid,2015-05-21,true
2025-05-22,12.52,37.2,37.18099725166863,mid,mid,2015-05-22,true
2025-05-23,12.41,34.5,34.51118963486455,mid,mid,2015-05-25,true
2025-05-26,12.34,32.3,32.312524538672946,mid,mid,2015-05-26,true
2025-05-27,12.29,30.7,30.742049469964666,mid,mid,2015-05-27,true
2025-05-28,12.29,30.8,30.781311346682372,mid,mid,2015-05-28,true
2025-05-29,12.34,32.4,32.43031016882607,mid,mid,2015-05-29,true
2025-05-30,12.3,31.1,31.09540636042403,mid,mid,2015-06-01,true
2025-06-02,12.3,31.1,31.13466823714173,mid,mid,2015-06-02,true
2025-06-03,12.33,32.2,32.234000785237534,mid,mid,2015-06-03,true
2025-06-04,12.37,33.5,33.45111896348645,mid,mid,2015-06-04,true
2025-06-05,12.4,34.5,34.51118963486455,mid,mid,2015-06-05,true
2025-06-06,12.4,34.6,34.55045151158225,mid,mid,2015-06-08,true
2025-06-09,12.41,34.9,34.94307027875932,mid,mid,2015-06-09,true
2025-06-10,12.37,33.5,33.49038084020416,mid,mid,2015-06-10,true
2025-06-11,12.45,36,35.963879073419704,mid,mid,2015-06-11,true
2025-06-12,12.44,35.7,35.68904593639576,mid,mid,2015-06-12,true
2025-06-13,12.37,33.5,33.52964271692187,mid,mid,2015-06-15,true
2025-06-16,12.37,33.6,33.56890459363957,mid,mid,2015-06-16,true
2025-06-17,12.38,34,34.04004711425206,mid,mid,2015-06-17,true
2025-06-18,12.41,35.1,35.13937966234786,mid,mid,2015-06-18,true
2025-06-19,12.33,32.3,32.27326266195524,mid,mid,2015-06-19,true
2025-06-20,12.34,32.6,32.6266195524146,mid,mid,2015-06-23,true
2025-06-23,12.39,34.5,34.49764521193093,mid,mid,2015-06-23,true
2025-06-24,12.45,36.3,36.30298273155416,mid,mid,2015-06-24,true
2025-06-25,12.6,40.8,40.816326530612244,mid,mid,2015-06-25,true
2025-06-26,12.54,38.9,38.893249607535324,mid,mid,2015-06-26,true
2025-06-27,12.41,35.3,35.28257456828886,mid,mid,2015-06-29,true
2025-06-30,12.45,36.4,36.38147566718995,mid,mid,2015-06-30,true
2025-07-01,12.46,36.9,36.9309262166405,mid,mid,2015-07-01,true
2025-07-02,12.46,37,36.9701726844584,mid,mid,2015-07-02,true
2025-07-03,12.51,38.1,38.14756671899529,mid,mid,2015-07-03,true
2025-07-04,12.58,40.4,40.38461538461539,mid,mid,2015-07-06,true
2025-07-07,12.54,39.1,39.1287284144427,mid,mid,2015-07-07,true
2025-07-08,12.62,42,41.99372056514913,mid,mid,2015-07-08,true
2025-07-09,12.61,41.7,41.679748822605966,mid,mid,2015-07-09,true
2025-07-10,12.68,43.7,43.720565149136576,mid,mid,2015-07-10,true
2025-07-11,12.66,43.2,43.17111459968603,mid,mid,2015-07-13,true
2025-07-14,12.69,44,43.99529042386185,mid,mid,2015-07-14,true
2025-07-15,12.67,43.4,43.36734693877551,mid,mid,2015-07-15,true
2025-07-16,12.64,42.7,42.73940345368917,mid,mid,2015-07-16,true
2025-07-17,12.68,43.9,43.87755102040816,mid,mid,2015-07-17,true
2025-07-18,12.75,45.3,45.29042386185244,mid,mid,2015-07-20,true
2025-07-21,12.83,47.3,47.25274725274725,mid,mid,2015-07-21,true
2025-07-22,12.91,49.6,49.56828885400314,mid,mid,2015-07-22,true
2025-07-23,12.93,50.5,50.47095761381476,mid,mid,2015-07-23,true
2025-07-24,12.98,51.7,51.72684458398744,mid,mid,2015-07-24,true
2025-07-25,12.9,49.2,49.21507064364207,mid,mid,2015-07-27,true
2025-07-28,12.92,50.1,50.078492935635786,mid,mid,2015-07-28,true
2025-07-29,12.76,45.6,45.56514913657771,mid,mid,2015-07-29,true
2025-07-30,12.79,46.3,46.31083202511774,mid,mid,2015-07-30,true
2025-07-31,12.61,41.7,41.71899529042386,mid,mid,2015-07-31,true
2025-08-01,12.53,38.9,38.85400313971743,mid,mid,2015-08-03,true
2025-08-04,12.59,40.9,40.89481946624804,mid,mid,2015-08-04,true
2025-08-05,12.71,44.7,44.740973312401884,mid,mid,2015-08-05,true
2025-08-06,12.74,45.2,45.211930926216645,mid,mid,2015-08-06,true
2025-08-07,12.77,46,45.95761381475667,mid,mid,2015-08-07,true
2025-08-08,12.75,45.5,45.52590266875981,mid,mid,2015-08-10,true
2025-08-11,12.76,45.8,45.839874411302986,mid,mid,2015-08-11,true
2025-08-12,12.85,48.1,48.07692307692308,mid,mid,2015-08-12,true
2025-08-13,12.92,50.5,50.54945054945055,mid,mid,2015-08-13,true
2025-08-14,12.92,50.6,50.588697017268444,mid,mid,2015-08-14,true
2025-08-15,12.97,52.1,52.119309262166404,mid,mid,2015-08-17,true
2025-08-18,13.07,55.1,55.141287284144425,mid,mid,2015-08-18,true
2025-08-19,13.06,54.6,54.55259026687598,mid,mid,2015-08-19,true
2025-08-20,13.2,57.7,57.73155416012558,mid,mid,2015-08-20,true
2025-08-21,13.26,58.9,58.94819466248038,mid,mid,2015-08-21,true
2025-08-22,13.48,62.7,62.71585557299842,mid,mid,2015-08-24,true
2025-08-25,13.71,68.1,68.09262166405023,mid,mid,2015-08-25,true
2025-08-26,13.66,67,67.03296703296702,mid,mid,2015-08-26,true
2025-08-27,13.43,61.6,61.61695447409733,mid,mid,2015-08-27,true
2025-08-28,13.61,65.9,65.93406593406593,mid,mid,2015-08-28,true
2025-08-29,13.71,68.1,68.09262166405023,mid,mid,2015-08-31,true
2025-09-01,14.31,78.6,78.64992150706436,high,mid,2015-09-01,true
2025-09-02,14.28,78.1,78.13971742543171,high,mid,2015-09-02,true
2025-09-03,14.15,75.5,75.47095761381476,high,mid,2015-09-07,true
2025-09-04,13.97,73.1,73.1267163593566,high,mid,2015-09-07,true
2025-09-05,14.14,75.4,75.41176470588236,high,mid,2015-09-07,true
2025-09-08,14.14,75.4,75.41176470588236,high,mid,2015-09-08,true
2025-09-09,14.07,74.3,74.27450980392157,high,mid,2015-09-09,true
2025-09-10,14.11,74.7,74.66666666666667,high,mid,2015-09-10,true
2025-09-11,14.38,79.5,79.45098039215686,high,mid,2015-09-11,true
2025-09-12,14.31,78.6,78.62745098039215,high,mid,2015-09-14,true
2025-09-15,14.32,78.8,78.82352941176471,high,mid,2015-09-15,true
2025-09-16,14.27,77.8,77.76470588235294,high,mid,2015-09-16,true
2025-09-17,14.33,78.9,78.86274509803921,high,high,2015-09-17,true
2025-09-18,14.15,75.3,75.29411764705883,high,high,2015-09-18,true
2025-09-19,14.14,75.2,75.17647058823529,high,high,2015-09-21,true
2025-09-22,14.17,75.6,75.6470588235294,high,high,2015-09-22,true
2025-09-23,14.2,76.3,76.31372549019608,high,high,2015-09-23,true
2025-09-24,14.28,78,78,high,high,2015-09-24,true
2025-09-25,14.32,78.8,78.7843137254902,high,high,2015-09-25,true
2025-09-26,14.22,76.7,76.66666666666667,high,high,2015-09-28,true
2025-09-29,14.39,79.7,79.72549019607843,high,high,2015-09-29,true
2025-09-30,14.42,80.3,80.31372549019608,high,high,2015-09-30,true
2025-10-01,14.42,80.3,80.31372549019608,high,high,2015-10-08,true
2025-10-02,14.42,80.3,80.32144257154057,high,high,2015-10-08,true
2025-10-03,14.42,80.3,80.32915360501566,high,high,2015-10-08,true
2025-10-06,14.42,80.3,80.33685859772817,high,high,2015-10-08,true
2025-10-07,14.42,80.3,80.3445575567737,high,high,2015-10-08,true
2025-10-08,14.42,80.4,80.35225048923678,high,high,2015-10-08,true
2025-10-09,14.62,82.3,82.3091976516634,high,high,2015-10-09,true
2025-10-10,14.42,80.3,80.31311154598826,high,high,2015-10-12,true
2025-10-13,14.35,78.8,78.78669275929549,high,high,2015-10-13,true
2025-10-14,14.27,77.3,77.26027397260275,high,high,2015-10-14,true
2025-10-15,14.45,80.8,80.78277886497065,high,high,2015-10-15,true
2025-10-16,14.54,81.5,81.48727984344423,high,high,2015-10-16,true
2025-10-17,14.27,77.2,77.18199608610567,high,high,2015-10-19,true
2025-10-20,14.36,78.8,78.82583170254404,high,high,2015-10-20,true
2025-10-21,14.57,81.8,81.80039138943248,high,high,2015-10-21,true
2025-10-22,14.57,81.8,81.80039138943248,high,high,2015-10-22,true
2025-10-23,14.62,82.3,82.3091976516634,high,high,2015-10-23,true
2025-10-24,14.75,83.2,83.24853228962819,high,high,2015-10-26,true
2025-10-27,14.93,84.7,84.65753424657534,high,high,2015-10-27,true
2025-10-28,14.88,84.3,84.30528375733856,high,high,2015-10-28,true
2025-10-29,15.01,85.7,85.67514677103718,high,high,2015-10-29,true
2025-10-30,14.9,84.4,84.38356164383562,high,high,2015-10-30,true
2025-10-31,14.68,82.6,82.58317025440313,high,high,2015-11-02,true
2025-11-03,14.75,83.1,83.09197651663405,high,high,2015-11-03,true
2025-11-04,14.69,82.6,82.58317025440313,high,high,2015-11-04,true
2025-11-05,14.71,82.7,82.66144814090019,high,high,2015-11-05,true
2025-11-06,14.88,84.2,84.22700587084148,high,high,2015-11-06,true
2025-11-07,14.83,83.8,83.75733855185909,high,high,2015-11-09,true
2025-11-10,14.89,84.3,84.26614481409001,high,high,2015-11-10,true
2025-11-11,14.79,83.5,83.48336594911937,high,high,2015-11-11,true
2025-11-12,14.82,83.6,83.63992172211351,high,high,2015-11-12,true
2025-11-13,14.94,84.7,84.65753424657534,high,high,2015-11-13,true
2025-11-14,14.74,82.6,82.62230919765166,high,high,2015-11-16,true
2025-11-17,14.62,81.7,81.6829745596869,high,high,2015-11-17,true
2025-11-18,14.53,80.6,80.62622309197651,high,high,2015-11-18,true
2025-11-19,14.63,81.7,81.72211350293543,high,high,2015-11-19,true
2025-11-20,14.59,81.3,81.29158512720157,high,high,2015-11-20,true
2025-11-21,14.3,77.1,77.10371819960861,high,high,2015-11-23,true
2025-11-24,14.24,75.8,75.7729941291585,high,high,2015-11-24,true
2025-11-25,14.35,78,77.96477495107632,high,high,2015-11-25,true
2025-11-26,14.38,78.3,78.31702544031312,high,high,2015-11-26,true
2025-11-27,14.41,78.9,78.9041095890411,high,high,2015-11-27,true
2025-11-28,14.42,79.5,79.45205479452055,high,high,2015-11-30,true
2025-12-01,14.54,80.7,80.7436399217221,high,high,2015-12-01,true
2025-12-02,14.5,80.4,80.43052837573386,high,high,2015-12-02,true
2025-12-03,14.44,79.6,79.60861056751469,high,high,2015-12-03,true
2025-12-04,14.46,79.9,79.92172211350294,high,high,2015-12-04,true
2025-12-05,14.54,80.7,80.7436399217221,high,high,2015-12-07,true
2025-12-08,14.62,81.6,81.64383561643835,high,high,2015-12-08,true
2025-12-09,14.57,81,81.01761252446184,high,high,2015-12-09,true
2025-12-10,14.51,80.3,80.31311154598826,high,high,2015-12-10,true
2025-12-11,14.42,79.1,79.13894324853229,high,high,2015-12-11,true
2025-12-12,14.45,79.7,79.68688845401174,high,high,2015-12-14,true
2025-12-15,14.56,80.8,80.78277886497065,high,high,2015-12-15,true
2025-12-16,14.42,79.1,79.06066536203522,high,high,2015-12-16,true
2025-12-17,14.64,81.8,81.80039138943248,high,high,2015-12-17,true
2025-12-18,14.1,72.7,72.68101761252446,high,high,2015-12-18,true
2025-12-19,14.11,72.8,72.79843444227005,high,high,2015-12-21,true
2025-12-22,14.21,74.9,74.9119373776908,high,high,2015-12-22,true
2025-12-23,14.26,75.9,75.85127201565558,high,high,2015-12-23,true
2025-12-24,14.28,76.4,76.39921722113503,high,high,2015-12-24,true
2025-12-25,14.31,77,76.98630136986301,high,high,2015-12-25,true
2025-12-26,14.31,77,77.02544031311155,high,high,2015-12-28,true
2025-12-29,14.31,77,77.02544031311155,high,high,2015-12-29,true
2025-12-30,14.34,77.5,77.49510763209393,high,high,2015-12-30,true
2025-12-31,14.31,77.1,77.06457925636008,high,high,2015-12-31,true
2026-01-01,14.31,77.1,77.06457925636008,high,high,2016-01-01,true
2026-01-02,14.31,77.1,77.06457925636008,high,high,2016-01-04,true
2026-01-05,14.49,80.2,80.23483365949119,high,high,2016-01-05,true
2026-01-06,14.69,82.4,82.38747553816047,high,high,2016-01-06,true
2026-01-07,14.62,81.7,81.72211350293543,high,high,2016-01-07,true
2026-01-08,14.52,80.4,80.35225048923678,high,high,2016-01-08,true
2026-01-09,14.59,81.3,81.3307240704501,high,high,2016-01-11,true
2026-01-12,14.67,82.2,82.15264187866927,high,high,2016-01-12,true
2026-01-13,14.62,81.7,81.6829745596869,high,high,2016-01-13,true
2026-01-14,14.52,80.2,80.23483365949119,high,high,2016-01-14,true
2026-01-15,14.51,80.2,80.15655577299412,high,high,2016-01-15,true
2026-01-16,14.43,79,79.02152641878669,high,high,2016-01-18,true
2026-01-19,14.43,79,79.02152641878669,high,high,2016-01-19,true
2026-01-20,14.43,79,79.02152641878669,high,high,2016-01-20,true
2026-01-21,14.39,77.8,77.8082191780822,high,high,2016-01-21,true
2026-01-22,14.38,77.5,77.49510763209393,high,high,2016-01-22,true
2026-01-23,14.28,75.7,75.73385518590999,high,high,2016-01-25,true
2026-01-26,14.34,77,76.98630136986301,high,high,2016-01-26,true
2026-01-27,14.33,76.8,76.79060665362036,high,high,2016-01-27,true
2026-01-28,14.36,77.3,77.26027397260275,high,high,2016-01-28,true
2026-01-29,14.48,79.8,79.84344422700586,high,high,2016-01-29,true
2026-01-30,14.35,77.1,77.06457925636008,high,high,2016-02-01,true
2026-02-02,14.1,71.9,71.85909980430529,high,high,2016-02-02,true
2026-02-03,14.18,73.5,73.50293542074364,high,high,2016-02-03,true
2026-02-04,14.32,76.6,76.55577299412916,high,high,2016-02-04,true
2026-02-05,14.27,75.2,75.18590998043054,high,high,2016-02-05,true
2026-02-06,14.21,74,74.01174168297456,high,high,2016-02-15,true
2026-02-09,14.39,77.8,77.77777777777779,high,high,2016-02-15,true
2026-02-10,14.41,78.1,78.13844348846304,high,high,2016-02-15,true
2026-02-11,14.41,78.1,78.14698983580922,high,high,2016-02-15,true
2026-02-12,14.39,77.7,77.72567409144196,high,high,2016-02-15,true
2026-02-13,14.2,73.6,73.6328125,high,high,2016-02-15,true
2026-02-16,14.2,73.6,73.6328125,high,high,2016-02-16,true
2026-02-17,14.2,73.6,73.6328125,high,high,2016-02-17,true
2026-02-18,14.2,73.6,73.6328125,high,high,2016-02-18,true
2026-02-19,14.2,73.6,73.6328125,high,high,2016-02-19,true
2026-02-20,14.2,73.6,73.6328125,high,high,2016-02-22,true
2026-02-23,14.2,73.6,73.6328125,high,high,2016-02-23,true
2026-02-24,14.32,76.4,76.4453125,high,high,2016-02-24,true
2026-02-25,14.38,77.3,77.34375,high,high,2016-02-25,true
2026-02-26,14.35,76.9,76.9140625,high,high,2016-02-26,true
2026-02-27,14.32,76.4,76.3671875,high,high,2016-02-29,true
2026-03-02,14.45,79.4,79.44509574052364,high,high,2016-03-02,true
2026-03-03,14.4,77.8,77.80382962094569,high,high,2016-03-03,true
2026-03-04,14.23,74,74.01328644001563,high,high,2016-03-04,true
2026-03-05,14.32,76.3,76.27979679562328,high,high,2016-03-07,true
2026-03-06,14.34,76.6,76.6015625,high,high,2016-03-07,true
2026-03-09,14.26,74.4,74.44314185228606,high,high,2016-03-09,true
2026-03-10,14.33,76.4,76.357952325127,high,high,2016-03-10,true
2026-03-11,14.44,79.1,79.1324736225088,high,high,2016-03-11,true
2026-03-12,14.42,78.7,78.70261821023837,high,high,2016-03-14,true
2026-03-13,14.37,76.9,76.9140625,high,high,2016-03-14,true
2026-03-16,14.37,76.9,76.90504103165298,high,high,2016-03-16,true
2026-03-17,14.32,76,76.04533020711214,high,high,2016-03-17,true
2026-03-18,14.35,76.7,76.67057444314185,high,high,2016-03-18,true
2026-03-19,14.21,73.2,73.23173114497851,high,high,2016-03-21,true
2026-03-20,14.12,71.1,71.0546875,high,high,2016-03-21,true
2026-03-23,13.7,63.7,63.6967565455256,mid,high,2016-03-23,true
2026-03-24,13.84,66.4,66.35404454865181,mid,high,2016-03-24,true
2026-03-25,13.99,69.3,69.28487690504103,mid,high,2016-03-25,true
2026-03-26,13.85,66.6,66.58851113716295,mid,high,2016-03-28,true
2026-03-27,13.9,67.9,67.890625,mid,high,2016-03-28,true
2026-03-30,13.91,68.1,68.0734661977335,mid,high,2016-03-30,true
2026-03-31,13.84,66.2,66.19773348964439,mid,high,2016-03-31,true
2026-04-01,14,69.4,69.4021101992966,mid,high,2016-04-01,true
2026-04-02,13.94,68.5,68.50332161000391,mid,high,2016-04-05,true
2026-04-03,13.81,65.5,65.546875,mid,high,2016-04-05,true
2026-04-06,13.81,65.5,65.546875,mid,high,2016-04-06,true
2026-04-07,13.8,65.4,65.4296875,mid,high,2016-04-07,true
2026-04-08,14.13,71.2,71.171875,high,high,2016-04-08,true
2026-04-09,14.04,69.7,69.7265625,mid,high,2016-04-11,true
2026-04-10,14.18,72.3,72.31550175712613,high,high,2016-04-11,true
2026-04-13,14.22,73.5,73.4765625,high,high,2016-04-13,true
2026-04-14,14.36,76.8,76.8359375,high,high,2016-04-14,true
2026-04-15,14.34,76.4,76.3671875,high,high,2016-04-15,true
2026-04-16,14.45,79.5,79.453125,high,high,2016-04-18,true
2026-04-17,14.4,77.7,77.70402186645842,high,high,2016-04-18,true
2026-04-20,14.49,80,79.9609375,high,high,2016-04-20,true
2026-04-21,14.53,80.4,80.3515625,high,high,2016-04-21,true
2026-04-22,14.57,81,81.015625,high,high,2016-04-22,true
2026-04-23,14.58,81,81.015625,high,high,2016-04-25,true
2026-04-24,14.54,80.6,80.55447090980086,high,high,2016-04-25,true
2026-04-27,14.53,80.2,80.234375,high,high,2016-04-27,true
2026-04-28,14.54,80.5,80.546875,high,high,2016-04-28,true
2026-04-29,14.64,81.9,81.875,high,high,2016-04-29,true
2026-04-30,14.61,81.4,81.3671875,high,high,2016-05-03,true
2026-05-04,14.61,81.4,81.3671875,high,high,2016-05-04,true
2026-05-05,14.61,81.4,81.3671875,high,high,2016-05-05,true
2026-05-06,14.82,83.6,83.6328125,high,high,2016-05-06,true
2026-05-07,14.82,83.6,83.6328125,high,high,2016-05-09,true
2026-05-08,14.75,82.9,82.85825849277626,high,high,2016-05-09,true
2026-05-11,14.92,84.4,84.4140625,high,high,2016-05-11,true
2026-05-12,14.9,84.3,84.3359375,high,high,2016-05-12,true
2026-05-13,15,85.5,85.546875,high,high,2016-05-13,true
2026-05-14,14.8,83.3,83.28125,high,high,2016-05-16,true
2026-05-15,14.66,81.7,81.68684107770402,high,high,2016-05-16,true
2026-05-18,14.6,80.9,80.9375,high,high,2016-05-18,true
2026-05-19,14.67,81.9,81.9140625,high,high,2016-05-19,true
2026-05-20,14.6,80.9,80.8984375,high,high,2016-05-20,true
2026-05-21,14.42,77.8,77.8125,high,high,2016-05-23,true
2026-05-22,14.52,79.5,79.46114798906677,high,high,2016-05-23,true
2026-05-25,14.68,82,82.03125,high,high,2016-05-25,true
2026-05-26,14.75,82.7,82.6953125,high,high,2016-05-26,true
2026-05-27,14.63,81.3,81.2890625,high,high,2016-05-27,true
2026-05-28,14.62,81.2,81.2109375,high,high,2016-05-30,true
2026-05-29,14.62,81.2,81.21827411167513,high,high,2016-05-30,true
2026-06-01,14.56,79.9,79.921875,high,high,2016-06-01,true
2026-06-02,14.73,82.3,82.34375,high,high,2016-06-02,true
2026-06-03,14.75,82.7,82.6953125,high,high,2016-06-03,true
2026-06-04,14.6,80.6,80.625,high,high,2016-06-06,true
2026-06-05,14.43,77.7,77.66497461928934,high,high,2016-06-06,true
2026-06-08,14.24,72.3,72.265625,high,high,2016-06-08,true
2026-06-09,14.41,76.7,76.6796875,high,high,2016-06-13,true
2026-06-10,14.31,74.1,74.07262787973448,high,high,2016-06-13,true
2026-06-11,14.24,72.2,72.20921155347385,high,high,2016-06-13,true
2026-06-12,14.42,77.4,77.40928599297699,high,high,2016-06-13,true
2026-06-15,14.92,84.4,84.3871975019516,high,high,2016-06-15,true
2026-06-16,14.84,83.7,83.68462138953943,high,high,2016-06-16,true
2026-06-17,14.9,84.3,84.27010148321624,high,high,2016-06-17,true
2026-06-18,14.84,83.6,83.64558938329431,high,high,2016-06-20,true
2026-06-19,14.84,83.7,83.65197034724932,high,high,2016-06-20,true
2026-06-22,15.15,87.4,87.35362997658079,high,high,2016-06-22,true
2026-06-23,14.84,83.6,83.60655737704919,high,high,2016-06-23,true
2026-06-24,14.84,83.6,83.60655737704919,high,high,2016-06-24,true
2026-06-25,14.95,84.8,84.77751756440281,high,high,2016-06-27,true
2026-06-26,14.54,79.3,79.28209129925868,high,high,2016-06-27,true
2026-06-29,14.69,81.7,81.69398907103826,high,high,2016-06-29,true
2026-06-30,14.76,82.5,82.5136612021858,high,high,2016-06-30,true
2026-07-01,14.75,82.3,82.31850117096019,high,high,2016-07-01,true
2026-07-02,14.42,76.9,76.89305230288836,high,high,2016-07-04,true
2026-07-03,14.53,78.8,78.77487319547404,high,high,2016-07-04,true
2026-07-06,14.58,79.7,79.66432474629195,high,high,2016-07-06,true
2026-07-07,14.45,77.6,77.63466042154566,high,high,2016-07-07,true
2026-07-08,14.41,76,75.99531615925058,high,high,2016-07-08,true
2026-07-09,14.66,81,81.0304449648712,high,high,2016-07-11,true
2026-07-10,14.46,77.7,77.6824034334764,high,high,2016-07-11,true
2026-07-13,14.31,73.3,73.26307572209213,high,high,2016-07-13,true
2026-07-14,14.55,79.1,79.11787665886027,high,high,2016-07-14,true
2026-07-15,14.57,79.5,79.5472287275566,high,high,2016-07-15,true
2026-07-16,14.34,74,74.04371584699454,high,high,2016-07-18,true
2026-07-17,14,66.7,66.6796722590714,mid,high,2016-07-18,true
2026-07-20,14.29,72.4,72.40437158469946,high,high,2016-07-20,true
2026-07-21,14.53,78.6,78.61046057767369,high,high,2016-07-21,true
2026-07-22,14.53,78.6,78.61046057767369,high,high,2016-07-22,true
2026-07-23,14.59,79.9,79.89851678376269,high,high,2016-07-25,true
2026-07-24,14.39,75.1,75.14631291455326,high,high,2016-07-25,true
2026-07-27,14.52,78.3,78.29820452771273,high,high,2016-07-27,true
2026-07-28,14.29,72.2,72.20921155347385,high,high,2016-07-28,true
2026-07-29,14.34,73.8,73.84855581576893,high,high,2016-07-29,true
2026-07-30,14.31,72.9,72.91178766588602,high,high,2016-08-01,true
2026-07-31,14.36,74.3,74.32696059305502,high,high,2016-08-01,true
2026-08-03,14.23,70.6,70.64793130366901,high,high,2016-08-03,true
2026-08-04,14.25,71,70.96018735362998,high,high,2016-08-04,true
2026-08-05,14.38,74.7,74.66822794691647,high,high,2016-08-05,true
2026-08-06,14.39,75.1,75.09758001561279,high,high,2016-08-08,true
2026-08-07,14.49,77.9,77.91650409676161,high,high,2016-08-08,true
2026-08-10,14.55,79,79.03981264637002,high,high,2016-08-10,true
2026-08-11,14.44,76.9,76.85402029664324,high,high,2016-08-11,true
2026-08-12,14.46,77.4,77.36143637782982,high,high,2016-08-12,true
2026-08-13,14.42,76.3,76.30757220921154,high,high,2016-08-15,true
2026-08-14,14.4,75.1,75.10729613733905,high,high,2016-08-15,true
2026-08-17,14.57,79.5,79.50819672131148,high,high,2016-08-17,true
2026-08-18,14.57,79.5,79.50819672131148,high,high,2016-08-18,true
2026-08-19,14.29,71.7,71.70179547228727,high,high,2016-08-19,true
2026-08-20,14.29,71.7,71.70179547228727,high,high,2016-08-22,true
2026-08-21,14.35,73.7,73.70269215762778,high,high,2016-08-22,true
2026-08-24,14.27,71.1,71.07728337236534,high,high,2016-08-24,true
2026-08-25,14.25,70.4,70.41373926619828,high,high,2016-08-25,true
2026-08-26,14.35,73.7,73.69242779078846,high,high,2016-08-26,true
2026-08-27,14.44,76.7,76.73692427790787,high,high,2016-08-29,true
2026-08-28,14.42,76.2,76.19976589933671,high,high,2016-08-29,true
2026-08-31,14.53,78.5,78.4543325526932,high,high,2016-08-31,true
2026-09-01,13.8,61.4,61.43637782982046,mid,high,2016-09-01,true
2026-09-02,13.65,58.3,58.31381733021077,mid,high,2016-09-02,true
2026-09-03,13.65,58.3,58.31381733021077,mid,high,2016-09-05,true
2026-09-04,13.64,58.1,58.05696449473273,mid,high,2016-09-05,true
2026-09-07,13.64,58.1,58.07962529274005,mid,mid,2016-09-07,true
2026-09-08,13.6,57.3,57.29898516783762,mid,mid,2016-09-08,true
2026-09-09,13.66,58.6,58.58704137392662,mid,mid,2016-09-09,true
2026-09-10,13.62,57.5,57.494145199063226,mid,mid,2016-09-12,true
2026-09-11,13.52,55,55.01365587202497,mid,mid,2016-09-12,true
2026-09-14,13.45,53.6,53.59094457455114,mid,mid,2016-09-14,true
2026-09-15,13.36,51.9,51.91256830601093,mid,mid,2016-09-19,true
2026-09-16,13.4,52.4,52.43854857588764,mid,mid,2016-09-19,true
2026-09-17,13.34,51.6,51.6380655226209,mid,mid,2016-09-19,true
2026-09-18,13.42,52.8,52.826510721247566,mid,mid,2016-09-19,true
2026-09-21,13.51,54.9,54.91419656786272,mid,mid,2016-09-21,true
2026-09-22,13.53,55.4,55.42121684867395,mid,mid,2016-09-22,true
2026-09-23,13.45,53.6,53.588143525741025,mid,mid,2016-09-23,true
2026-09-24,13.29,51.2,51.17004680187207,mid,mid,2016-09-26,true
2026-09-25,13.29,51.2,51.18908382066277,mid,mid,2016-09-26,true
2026-09-28,13.09,47.7,47.737909516380654,mid,mid,2016-09-28,true
2026-09-29,13.09,47.8,47.77691107644306,mid,mid,2016-09-29,true
2026-09-30,13.15,48.8,48.75195007800312,mid,mid,2016-09-30,true
