date,pe_ttm,percentile,exact,raw_band,band,window_start,full_window
2011-06-28,33.03,,,,,,false
2011-07-15,34.59,,,,,,false
2011-07-18,34.6,,,,,,false
2011-07-19,38.54,,,,,,false
2011-07-20,38.61,,,,,,false
2011-07-21,38.1,,,,,,false
2011-07-22,38.22,,,,,,false
2011-07-25,36.75,,,,,,false
2011-07-26,36.9,,,,,,false
2011-07-27,37.54,,,,,,false
2011-07-28,37.37,,,,,,false
2011-07-29,37.01,,,,,,false
2011-08-01,37.01,,,,,,false
2011-08-02,37.01,,,,,,false
2011-08-03,36.99,,,,,,false
2011-08-04,36.99,,,,,,false
2011-08-05,36.47,,,,,,false
2011-08-08,34.67,,,,,,false
2011-08-09,34.58,,,,,,false
2011-08-10,35.14,,,,,,false
2011-08-11,35.74,,,,,,false
2011-08-12,36.11,,,,,,false
2011-08-15,36.64,,,,,,false
2011-08-16,36.24,,,,,,false
2011-08-17,36.18,,,,,,false
2011-08-18,35.53,,,,,,false
2011-08-19,35.21,,,,,,false
2011-08-22,34.94,,,,,,false
2011-08-23,35.51,,,,,,false
2011-08-24,35.46,,,,,,false
2011-08-25,36.21,,,,,,false
2011-08-26,36.33,,,,,,false
2011-08-29,36,,,,,,false
2011-08-30,35.67,,,,,,false
2011-08-31,35.5,,,,,,false
2011-09-01,35.22,,,,,,false
2011-09-02,34.82,,,,,,false
2011-09-05,33.95,,,,,,false
2011-09-06,33.66,,,,,,false
2011-09-07,34.48,,,,,,false
2011-09-08,34.12,,,,,,false
2011-09-09,33.89,,,,,,false
2011-09-12,33.89,,,,,,false
2011-09-13,33.33,,,,,,false
2011-09-14,33.72,,,,,,false
2011-09-15,33.74,,,,,,false
2011-09-16,33.72,,,,,,false
2011-09-19,33.05,,,,,,false
2011-09-20,33.18,,,,,,false
2011-09-21,34.18,,,,,,false
2011-09-22,33.19,,,,,,false
2011-09-23,32.92,,,,,,false
2011-09-26,32.41,,,,,,false
2011-09-27,32.52,,,,,,false
2011-09-28,31.98,,,,,,false
2011-09-29,30.95,,,,,,false
2011-10-03,30.84,,,,,,false
2011-10-04,30.84,,,,,,false
2011-10-05,30.84,,,,,,false
2011-10-06,30.84,,,,,,false
2011-10-07,30.84,,,,,,false
2011-10-10,30.68,,,,,,false
2011-10-11,30.55,,,,,,false
2011-10-12,31.62,,,,,,false
2011-10-13,32.05,,,,,,false
2011-10-14,31.92,,,,,,false
2011-10-17,32.04,,,,,,false
2011-10-18,31.1,,,,,,false
2011-10-19,30.92,,,,,,false
2011-10-20,30,,,,,,false
2011-10-21,29.47,,,,,,false
2011-10-24,29.99,,,,,,false
2011-10-25,30.85,,,,,,false
2011-10-26,31.18,,,,,,false
2011-10-27,31.21,,,,,,false
2011-10-28,31.95,,,,,,false
2011-10-31,32.13,,,,,,false
2011-11-01,32.12,,,,,,false
2011-11-02,32.7,,,,,,false
2011-11-03,32.91,,,,,,false
2011-11-04,33.16,,,,,,false
2011-11-07,33.03,,,,,,false
2011-11-08,32.57,,,,,,false
2011-11-09,33.13,,,,,,false
2011-11-10,32.67,,,,,,false
2011-11-11,32.68,,,,,,false
2011-11-14,33.45,,,,,,false
2011-11-15,33.7,,,,,,false
2011-11-16,32.84,,,,,,false
2011-11-17,32.77,,,,,,false
2011-11-18,31.81,,,,,,false
2011-11-21,31.84,,,,,,false
2011-11-22,31.77,,,,,,false
2011-11-23,31.65,,,,,,false
2011-11-24,31.58,,,,,,false
2011-11-25,25.07,,,,,,false
2011-11-28,25.09,,,,,,false
2011-11-29,25.51,,,,,,false
2011-11-30,24.48,,,,,,false
2011-12-01,24.99,,,,,,false
2011-12-02,24.5,,,,,,false
2011-12-05,23.7,,,,,,false
2011-12-06,23.7,,,,,,false
2011-12-07,23.77,,,,,,false
2011-12-08,23.77,,,,,,false
2011-12-09,23.55,,,,,,false
2011-12-12,23.26,,,,,,false
2011-12-13,22.47,,,,,,false
2011-12-14,22.06,,,,,,false
2011-12-15,21.49,,,,,,false
2011-12-16,22.12,,,,,,false
2011-12-19,22.18,,,,,,false
2011-12-20,22.17,,,,,,false
2011-12-21,21.66,,,,,,false
2011-12-22,21.4,,,,,,false
2011-12-23,21.61,,,,,,false
2011-12-26,21.45,,,,,,false
2011-12-27,20.91,,,,,,false
2011-12-28,20.83,,,,,,false
2011-12-29,20.84,,,,,,false
2011-12-30,21.24,,,,,,false
2012-03-08,23.95,,,,,,false
2012-03-09,24.38,,,,,,false
2012-03-12,24.58,,,,,,false
2012-03-13,24.82,,,,,,false
2012-03-14,23.72,,,,,,false
2012-03-15,23.44,,,,,,false
2012-03-16,23.99,,,,,,false
2012-03-19,24.27,,,,,,false
2012-03-20,23.73,,,,,,false
2012-03-21,23.82,,,,,,false
2012-03-22,23.73,,,,,,false
2012-03-23,23.29,,,,,,false
2012-04-05,22.44,,,,,,false
2012-04-06,22.59,,,,,,false
2012-04-09,22.35,,,,,,false
2012-04-10,22.59,,,,,,false
2012-04-11,23.32,,,,,,false
2012-04-12,23.12,,,,,,false
2012-04-13,23.34,,,,,,false
2012-04-16,23.28,,,,,,false
2012-04-17,23.13,,,,,,false
2012-04-18,23.64,,,,,,false
2012-04-19,23.7,,,,,,false
2012-04-20,23.82,,,,,,false
2012-04-23,24.94,,,,,,false
2012-04-26,24.94,,,,,,false
2012-04-27,24.75,,,,,,false
2012-05-02,25.18,,,,,,false
2012-05-03,25.47,,,,,,false
2012-05-04,25.63,,,,,,false
2012-05-07,25.77,,,,,,false
2012-05-08,25.7,,,,,,false
2012-05-09,25.24,,,,,,false
2012-05-10,25.3,,,,,,false
2012-05-11,25.18,,,,,,false
2012-05-14,25.15,,,,,,false
2012-05-15,25.28,,,,,,false
2012-05-16,25.19,,,,,,false
2012-05-17,25.2,,,,,,false
2012-05-18,24.9,,,,,,false
2012-05-21,24.8,,,,,,false
2012-05-22,25.38,,,,,,false
2012-05-23,25.12,,,,,,false
2012-05-24,25.12,,,,,,false
2012-05-25,24.79,,,,,,false
2012-05-28,25.11,,,,,,false
2012-05-29,25.45,,,,,,false
2012-05-30,25.49,,,,,,false
2012-05-31,25.47,,,,,,false
2012-06-01,25.46,,,,,,false
2012-06-04,24.64,,,,,,false
2012-06-08,14.96,,,,,,false
2012-06-11,24.78,,,,,,false
2012-06-12,24.61,,,,,,false
2012-06-13,25.03,,,,,,false
2012-06-14,24.87,,,,,,false
2012-06-15,24.9,,,,,,false
2012-06-18,25.15,,,,,,false
2012-06-19,24.81,,,,,,false
2012-06-20,24.81,,,,,,false
2012-06-21,24.48,,,,,,false
2012-06-25,23.87,,,,,,false
2012-06-26,23.85,,,,,,false
2012-06-27,23.77,,,,,,false
2012-06-28,23.45,,,,,,false
2012-06-29,23.77,,,,,,false
2012-07-02,24.38,,,,,,false
2012-07-03,24.64,,,,,,false
2012-07-04,24.37,,,,,,false
2012-07-05,23.96,,,,,,false
2012-07-06,24.46,,,,,,false
2012-07-09,23.87,,,,,,false
2012-07-10,23.64,,,,,,false
2012-07-11,23.9,,,,,,false
2012-07-12,24.23,,,,,,false
2012-07-13,24.1,,,,,,false
2012-07-16,23.23,,,,,,false
2012-07-17,23.39,,,,,,false
2012-07-18,23.49,,,,,,false
2012-07-19,23.77,,,,,,false
2012-07-20,23.77,,,,,,false
2012-07-23,23.37,,,,,,false
2012-07-24,23.51,,,,,,false
2012-07-26,23.1,,,,,,false
2012-07-27,22.96,,,,,,false
2012-07-30,22.55,,,,,,false
2012-07-31,22.16,,,,,,false
2012-08-01,22.55,,,,,,false
2012-08-02,22.41,,,,,,false
2012-08-03,22.86,,,,,,false
2012-08-06,23.38,,,,,,false
2012-08-07,23.59,,,,,,false
2012-08-08,23.52,,,,,,false
2012-08-09,23.86,,,,,,false
2012-08-10,23.79,,,,,,false
2012-08-13,23.25,,,,,,false
2012-08-14,23.45,,,,,,false
2012-08-15,23.19,,,,,,false
2012-08-16,23.02,,,,,,false
2012-08-17,23.01,,,,,,false
2012-08-20,23.03,,,,,,false
2012-08-21,23.35,,,,,,false
2012-08-22,23.15,,,,,,false
2012-08-23,23.29,,,,,,false
2012-08-24,22.86,,,,,,false
2012-08-27,22.29,,,,,,false
2012-08-28,22.38,,,,,,false
2012-08-29,22.24,,,,,,false
2012-08-30,21.88,,,,,,false
2012-08-31,22.15,,,,,,false
2012-09-04,22.34,,,,,,false
2012-09-05,22.46,,,,,,false
2012-09-06,22.73,,,,,,false
2012-09-07,23.57,,,,,,false
2012-09-10,23.69,,,,,,false
2012-09-11,23.69,,,,,,false
2012-09-12,23.88,,,,,,false
2012-09-13,23.55,,,,,,false
2012-09-14,23.6,,,,,,false
2012-09-17,22.91,,,,,,false
2012-09-18,22.82,,,,,,false
2012-09-19,23.03,,,,,,false
2012-09-20,22.32,,,,,,false
2012-09-21,22.22,,,,,,false
2012-09-24,22.39,,,,,,false
2012-09-25,22.23,,,,,,false
2012-09-26,21.71,,,,,,false
2012-09-27,22.21,,,,,,false
2012-09-28,22.61,,,,,,false
2012-10-08,22.52,,,,,,false
2012-10-09,23.12,,,,,,false
2012-10-10,23.32,,,,,,false
2012-10-11,22.96,,,,,,false
2012-10-12,22.9,,,,,,false
2012-10-15,22.8,,,,,,false
2012-10-16,22.9,,,,,,false
2012-10-17,22.93,,,,,,false
2012-10-18,23.32,,,,,,false
2012-10-19,23.26,,,,,,false
2012-10-22,23.35,,,,,,false
2012-10-23,23.05,,,,,,false
2012-10-24,23.01,,,,,,false
2012-10-25,22.8,,,,,,false
2012-10-26,22.38,,,,,,false
2012-10-29,22.35,,,,,,false
2012-10-30,22.37,,,,,,false
2012-10-31,22.9,,,,,,false
2012-11-01,23.36,,,,,,false
2012-11-02,23.52,,,,,,false
2012-11-05,23.4,,,,,,false
2012-11-06,23.25,,,,,,false
2012-11-07,23.22,,,,,,false
2012-11-08,22.69,,,,,,false
2012-11-09,22.59,,,,,,false
2012-11-12,22.72,,,,,,false
2012-11-13,22.24,,,,,,false
2012-11-14,22.29,,,,,,false
2012-11-15,21.92,,,,,,false
2012-11-16,21.8,,,,,,false
2012-11-19,21.83,,,,,,false
2012-11-20,21.74,,,,,,false
2012-11-21,21.96,,,,,,false
2012-11-22,21.67,,,,,,false
2012-11-23,21.75,,,,,,false
2012-11-26,21.49,,,,,,false
2012-11-27,20.73,,,,,,false
2012-11-28,20.27,,,,,,false
2012-11-29,20.08,,,,,,false
2012-11-30,20.39,,,,,,false
2012-12-03,19.91,,,,,,false
2012-12-04,20.16,,,,,,false
2012-12-05,20.92,,,,,,false
2012-12-06,20.93,,,,,,false
2012-12-07,21.4,,,,,,false
2012-12-10,21.77,,,,,,false
2012-12-11,21.62,,,,,,false
2012-12-12,21.63,,,,,,false
2012-12-13,21.34,,,,,,false
2012-12-14,22.23,,,,,,false
2012-12-17,22.42,,,,,,false
2012-12-18,22.36,,,,,,false
2012-12-19,22.46,,,,,,false
2012-12-20,22.56,,,,,,false
2012-12-21,22.54,,,,,,false
2012-12-24,22.69,,,,,,false
2012-12-25,23.23,,,,,,false
2012-12-26,23.53,,,,,,false
2012-12-27,23.32,,,,,,false
2012-12-28,23.53,,,,,,false
2012-12-31,24.01,,,,,,false
2013-01-04,23.92,,,,,,false
2013-01-07,24.14,,,,,,false
2013-01-08,24.43,,,,,,false
2013-01-09,24.52,,,,,,false
2013-01-10,24.66,,,,,,false
2013-01-11,24.04,,,,,,false
2013-01-14,24.9,,,,,,false
2013-01-15,25.39,,,,,,false
2013-01-16,25.36,,,,,,false
2013-01-17,25.03,,,,,,false
2013-01-18,25.45,,,,,,false
2013-01-21,25.65,,,,,,false
2013-01-22,25.23,,,,,,false
2013-01-23,25.27,,,,,,false
2013-01-24,24.75,,,,,,false
2013-01-25,24.72,,,,,,false
2013-01-28,25.38,,,,,,false
2013-01-29,25.62,,,,,,false
2013-01-30,25.74,,,,,,false
2013-01-31,25.57,,,,,,false
2013-02-01,25.78,,,,,,false
2013-02-04,25.61,,,,,,false
2013-02-05,25.88,,,,,,false
2013-02-06,26.07,,,,,,false
2013-02-07,26.18,,,,,,false
2013-02-08,26.56,,,,,,false
2013-02-18,26.7,,,,,,false
2013-02-19,26.18,,,,,,false
2013-02-20,26.77,,,,,,false
2013-02-21,26.23,,,,,,false
2013-02-22,26.15,,,,,,false
2013-02-25,26.47,,,,,,false
2013-02-26,26.07,,,,,,false
2013-02-27,26.07,,,,,,false
2013-02-28,26.59,,,,,,false
2013-03-01,26.95,,,,,,false
2013-03-04,25.92,,,,,,false
2013-03-05,26.51,,,,,,false
2013-03-06,26.93,,,,,,false
2013-03-07,26.6,,,,,,false
2013-03-08,26.31,,,,,,false
2013-03-11,26.23,,,,,,false
2013-03-12,25.55,,,,,,false
2013-03-13,25.26,,,,,,false
2013-03-14,25.37,,,,,,false
2013-03-15,25.43,,,,,,false
2013-03-18,25.11,,,,,,false
2013-03-19,25.21,,,,,,false
2013-03-20,25.87,,,,,,false
2013-03-21,26.14,,,,,,false
2013-03-22,26.22,,,,,,false
2013-03-25,26.16,,,,,,false
2013-03-26,25.98,,,,,,false
2013-03-27,26.05,,,,,,false
2013-03-28,25.25,,,,,,false
2013-03-29,25.24,,,,,,false
2013-04-01,25.71,,,,,,false
2013-04-02,25.37,,,,,,false
2013-04-03,25.13,,,,,,false
2013-04-08,25.24,,,,,,false
2013-04-09,25.47,,,,,,false
2013-04-10,25.39,,,,,,false
2013-04-11,25.27,,,,,,false
2013-04-12,25.05,,,,,,false
2013-04-15,24.7,,,,,,false
2013-04-16,24.93,,,,,,false
2013-04-17,25.15,,,,,,false
2013-04-18,25.21,,,,,,false
2013-04-19,25.74,,,,,,false
2013-04-22,25.71,,,,,,false
2013-04-23,24.98,,,,,,false
2013-04-24,25.5,,,,,,false
2013-04-25,25.11,,,,,,false
2013-04-26,24.63,,,,,,false
2013-05-02,23.72,,,,,,false
2013-05-03,24.19,,,,,,false
2013-05-06,24.87,,,,,,false
2013-05-07,24.93,,,,,,false
2013-05-08,25.11,,,,,,false
2013-05-09,25.04,,,,,,false
2013-05-10,25.17,,,,,,false
2013-05-13,25.26,,,,,,false
2013-05-14,24.83,,,,,,false
2013-05-15,25.18,,,,,,false
2013-05-16,25.46,,,,,,false
2013-05-17,25.82,,,,,,false
2013-05-20,26.11,,,,,,false
2013-05-21,26.45,,,,,,false
2013-05-22,26.18,,,,,,false
2013-05-23,25.95,,,,,,false
2013-05-24,26.35,,,,,,false
2013-05-27,26.64,,,,,,false
2013-05-28,26.63,,,,,,false
2013-05-29,26.79,,,,,,false
2013-05-30,26.79,,,,,,false
2013-05-31,26.53,,,,,,false
2013-06-03,26.27,,,,,,false
2013-06-04,25.73,,,,,,false
2013-06-05,25.84,,,,,,false
2013-06-06,25.34,,,,,,false
2013-06-07,24.78,,,,,,false
2013-06-13,24.06,,,,,,false
2013-06-14,24.51,,,,,,false
2013-06-17,24.58,,,,,,false
2013-06-18,24.62,,,,,,false
2013-06-19,24.45,,,,,,false
2013-06-20,23.64,,,,,,false
2013-06-21,23.43,,,,,,false
2013-06-24,22.02,,,,,,false
2013-06-25,21.97,,,,,,false
2013-06-26,22.42,,,,,,false
2013-06-27,22.09,,,,,,false
2013-06-28,22.04,,,,,,false
2013-07-01,23.14,,,,,,false
2013-07-02,23.53,,,,,,false
2013-07-03,23.55,,,,,,false
2013-07-04,23.7,,,,,,false
2013-07-05,23.56,,,,,,false
2013-07-08,22.62,,,,,,false
2013-07-09,22.76,,,,,,false
2013-07-10,23.46,,,,,,false
2013-07-11,24.03,,,,,,false
2013-07-12,23.8,,,,,,false
2013-07-15,24.26,,,,,,false
2013-07-16,24.55,,,,,,false
2013-07-17,24.22,,,,,,false
2013-07-18,24.16,,,,,,false
2013-07-19,23.53,,,,,,false
2013-07-22,23.99,,,,,,false
2013-07-23,24.57,,,,,,false
2013-07-24,24.72,,,,,,false
2013-07-25,24.23,,,,,,false
2013-07-26,24.2,,,,,,false
2013-07-29,23.71,,,,,,false
2013-07-30,23.62,,,,,,false
2013-07-31,23.78,,,,,,false
2013-08-01,24.6,,,,,,false
2013-08-02,24.69,,,,,,false
2013-08-05,25.11,,,,,,false
2013-08-06,25.37,,,,,,false
2013-08-07,25.12,,,,,,false
2013-08-08,25.21,,,,,,false
2013-08-09,25.29,,,,,,false
2013-08-12,25.69,,,,,,false
2013-08-13,25.83,,,,,,false
2013-08-14,25.74,,,,,,false
2013-08-15,25.38,,,,,,false
2013-08-16,24.85,,,,,,false
2013-08-19,25.25,,,,,,false
2013-08-20,25.2,,,,,,false
2013-08-21,25.38,,,,,,false
2013-08-22,25.44,,,,,,false
2013-08-23,25.41,,,,,,false
2013-08-26,25.95,,,,,,false
2013-08-27,26.16,,,,,,false
2013-08-28,25.75,,,,,,false
2013-08-29,25.74,,,,,,false
2013-08-30,25.44,,,,,,false
2013-09-02,24.65,,,,,,false
2013-09-03,25.04,,,,,,false
2013-09-04,25.1,,,,,,false
2013-09-05,25.15,,,,,,false
2013-09-06,25.36,,,,,,false
2013-09-09,25.64,,,,,,false
2013-09-10,25.87,,,,,,false
2013-09-11,25.62,,,,,,false
2013-09-12,25.72,,,,,,false
2013-09-13,25.72,,,,,,false
2013-09-16,25.79,,,,,,false
2013-09-17,25.34,,,,,,false
2013-09-18,25.62,,,,,,false
2013-09-23,26.25,,,,,,false
2013-09-24,26.28,,,,,,false
2013-09-25,26.21,,,,,,false
2013-09-26,25.63,,,,,,false
2013-09-27,25.7,,,,,,false
2013-09-30,26.03,,,,,,false
2013-10-08,26.43,,,,,,false
2013-10-09,26.7,,,,,,false
2013-10-10,26.5,,,,,,false
2013-10-11,26.92,,,,,,false
2013-10-14,27.21,,,,,,false
2013-10-15,27.17,,,,,,false
2013-10-16,26.41,,,,,,false
2013-10-17,26.35,,,,,,false
2013-10-18,26.44,,,,,,false
2013-10-21,27.11,,,,,,false
2013-10-22,26.79,,,,,,false
2013-10-23,25.75,,,,,,false
2013-10-24,25.6,,,,,,false
2013-10-25,25.11,,,,,,false
2013-10-28,25.03,,,,,,false
2013-10-29,24.37,,,,,,false
2013-10-30,24.77,,,,,,false
2013-10-31,24.44,,,,,,false
2013-11-01,23.57,,,,,,false
2013-11-04,23.72,,,,,,false
2013-11-05,24.02,,,,,,false
2013-11-06,23.75,,,,,,false
2013-11-07,23.43,,,,,,false
2013-11-08,23.13,,,,,,false
2013-11-11,23.22,,,,,,false
2013-11-12,23.45,,,,,,false
2013-11-13,23.04,,,,,,false
2013-11-14,23.37,,,,,,false
2013-11-15,23.86,,,,,,false
2013-11-18,24.44,,,,,,false
2013-11-19,24.52,,,,,,false
2013-11-20,24.76,,,,,,false
2013-11-21,24.65,,,,,,false
2013-11-22,24.51,,,,,,false
2013-11-25,24.49,,,,,,false
2013-11-26,24.53,,,,,,false
2013-11-27,24.82,,,,,,false
2013-11-28,25.03,,,,,,false
2013-11-29,25.21,,,,,,false
2013-12-02,24.07,,,,,,false
2013-12-03,24.65,,,,,,false
2013-12-04,25.08,,,,,,false
2013-12-05,25.06,,,,,,false
2013-12-06,24.97,,,,,,false
2013-12-09,25.18,,,,,,false
2013-12-10,25.19,,,,,,false
2013-12-11,24.92,,,,,,false
2013-12-12,25.01,,,,,,false
2013-12-13,25.07,,,,,,false
2013-12-16,25.11,,,,,,false
2013-12-17,24.97,,,,,,false
2013-12-18,24.95,,,,,,false
2013-12-19,24.96,,,,,,false
2013-12-20,24.63,,,,,,false
2013-12-23,24.59,,,,,,false
2013-12-24,24.78,,,,,,false
2013-12-25,25.06,,,,,,false
2013-12-26,24.61,,,,,,false
2013-12-27,25.01,,,,,,false
2013-12-30,25.08,,,,,,false
2013-12-31,25.17,,,,,,false
2014-01-02,25.39,,,,,,false
2014-01-03,25.2,,,,,,false
2014-01-06,24.53,,,,,,false
2014-01-07,24.68,,,,,,false
2014-01-08,24.72,,,,,,false
2014-01-09,24.45,,,,,,false
2014-01-10,24.04,,,,,,false
2014-01-13,23.96,,,,,,false
2014-01-14,24.45,,,,,,false
2014-01-15,24.6,,,,,,false
2014-01-16,24.63,,,,,,false
2014-01-17,24.36,,,,,,false
2014-01-20,24.17,,,,,,false
2014-01-21,24.55,,,,,,false
2014-01-22,25.22,,,,,,false
2014-01-23,25.41,,,,,,false
2014-01-24,25.8,,,,,,false
2014-01-27,25.78,,,,,,false
2014-01-28,25.73,,,,,,false
2014-01-29,25.97,,,,,,false
2014-01-30,25.81,,,,,,false
2014-02-07,26.27,,,,,,false
2014-02-10,27.03,,,,,,false
2014-02-11,27.05,,,,,,false
2014-02-12,27.33,,,,,,false
2014-02-13,26.93,,,,,,false
2014-02-14,27.42,,,,,,false
2014-02-17,27.94,,,,,,false
2014-02-18,27.86,,,,,,false
2014-02-19,27.84,,,,,,false
2014-02-20,27.47,,,,,,false
2014-02-21,27.29,,,,,,false
2014-02-24,27.18,,,,,,false
2014-02-25,26.19,,,,,,false
2014-02-26,26.35,,,,,,false
2014-02-27,25.99,,,,,,false
2014-02-28,26.26,,,,,,false
2014-03-03,26.8,,,,,,false
2014-03-04,26.76,,,,,,false
2014-03-05,26.61,,,,,,false
2014-03-06,26.6,,,,,,false
2014-03-07,26.5,,,,,,false
2014-03-10,25.47,,,,,,false
2014-03-11,25.5,,,,,,false
2014-03-12,25.53,,,,,,false
2014-03-13,25.83,,,,,,false
2014-03-14,25.68,,,,,,false
2014-03-17,26.2,,,,,,false
2014-03-18,26.35,,,,,,false
2014-03-19,26.31,,,,,,false
2014-03-20,25.62,,,,,,false
2014-03-21,26.13,,,,,,false
2014-03-24,26.34,,,,,,false
2014-03-25,26.38,,,,,,false
2014-03-26,26.46,,,,,,false
2014-03-27,26.06,,,,,,false
2014-03-28,25.53,,,,,,false
2014-03-31,25.38,,,,,,false
2014-04-01,25.76,,,,,,false
2014-04-02,25.81,,,,,,false
2014-04-03,25.77,,,,,,false
2014-04-04,26.07,,,,,,false
2014-04-08,26.38,,,,,,false
2014-04-09,26.62,,,,,,false
2014-04-10,26.76,,,,,,false
2014-04-11,26.66,,,,,,false
2014-04-14,26.86,,,,,,false
2014-04-15,26.65,,,,,,false
2014-04-16,26.63,,,,,,false
2014-04-17,26.61,,,,,,false
2014-04-18,26.7,,,,,,false
2014-04-21,26.27,,,,,,false
2014-04-22,26.13,,,,,,false
2014-04-23,26.04,,,,,,false
2014-04-24,25.75,,,,,,false
2014-04-25,25.19,,,,,,false
2014-04-28,24.42,,,,,,false
2014-04-29,24.78,,,,,,false
2014-04-30,24.94,,,,,,false
2014-05-05,24.44,,,,,,false
2014-05-06,24.57,,,,,,false
2014-05-07,24.12,,,,,,false
2014-05-08,24.15,,,,,,false
2014-05-09,23.9,,,,,,false
2014-05-12,24.53,,,,,,false
2014-05-13,24.48,,,,,,false
2014-05-14,24.47,,,,,,false
2014-05-15,24.01,,,,,,false
2014-05-16,23.97,,,,,,false
2014-05-19,23.83,,,,,,false
2014-05-20,23.9,,,,,,false
2014-05-21,24.11,,,,,,false
2014-05-22,24.09,,,,,,false
2014-05-23,24.35,,,,,,false
2014-05-26,24.62,,,,,,false
2014-05-27,24.55,,,,,,false
2014-05-28,24.82,,,,,,false
2014-05-29,24.58,,,,,,false
2014-05-30,24.65,,,,,,false
2014-06-03,24.62,,,,,,false
2014-06-04,24.39,,,,,,false
2014-06-05,24.69,,,,,,false
2014-06-06,24.61,,,,,,false
2014-06-09,24.48,,,,,,false
2014-06-10,24.75,,,,,,false
2014-06-11,24.87,,,,,,false
2014-06-12,24.81,,,,,,false
2014-06-13,25.08,,,,,,false
2014-06-16,24.41,,,,,,false
2014-06-17,24.16,,,,,,false
2014-06-18,24.03,,,,,,false
2014-06-19,23.39,,,,,,false
2014-06-20,23.63,,,,,,false
2014-06-23,23.8,,,,,,false
2014-06-24,23.95,,,,,,false
2014-06-25,23.8,,,,,,false
2014-06-26,24.1,,,,,,false
2014-06-27,24.25,,,,,,false
2014-06-30,24.49,,,,,,false
2014-07-01,24.67,,,,,,false
2014-07-02,24.84,,,,,,false
2014-07-03,25.07,,,,,,false
2014-07-04,24.99,,,,,,false
2014-07-07,25.05,,,,,,false
2014-07-08,25.21,,,,,,false
2014-07-09,24.86,,,,,,false
2014-07-10,24.86,,,,,,false
2014-07-11,25.14,,,,,,false
2014-07-14,25.52,,,,,,false
2014-07-15,25.52,,,,,,false
2014-07-16,25.32,,,,,,false
2014-07-17,25.15,,,,,,false
2014-07-18,25.22,,,,,,false
2014-07-21,25.13,,,,,,false
2014-07-22,25.46,,,,,,false
2014-07-23,25.29,,,,,,false
2014-07-24,25.3,,,,,,false
2014-07-25,25.52,,,,,,false
2014-07-28,25.97,,,,,,false
2014-07-29,26.21,,,,,,false
2014-07-30,26.24,,,,,,false
2014-07-31,26.49,,,,,,false
2014-08-01,26.21,,,,,,false
2014-08-04,26.64,,,,,,false
2014-08-05,26.78,,,,,,false
2014-08-06,26.93,,,,,,false
2014-08-07,26.67,,,,,,false
2014-08-08,26.84,,,,,,false
2014-08-11,27.22,,,,,,false
2014-08-12,27.37,,,,,,false
2014-08-13,27.37,,,,,,false
2014-08-14,27.17,,,,,,false
2014-08-15,27.49,,,,,,false
2014-08-18,27.86,,,,,,false
2014-08-19,27.96,,,,,,false
2014-08-20,27.98,,,,,,false
2014-08-21,27.92,,,,,,false
2014-08-22,28.17,,,,,,false
2014-08-25,27.88,,,,,,false
2014-08-26,27.55,,,,,,false
2014-08-27,27.67,,,,,,false
2014-08-28,27.4,,,,,,false
2014-08-29,27.68,,,,,,false
2014-09-01,27.28,,,,,,false
2014-09-02,27.7,,,,,,false
2014-09-03,27.82,,,,,,false
2014-09-04,28.13,,,,,,false
2014-09-05,28.24,,,,,,false
2014-09-09,28.43,,,,,,false
2014-09-10,28.51,,,,,,false
2014-09-11,28.5,,,,,,false
2014-09-12,28.91,,,,,,false
2014-09-15,29.22,,,,,,false
2014-09-16,28.23,,,,,,false
2014-09-17,28.49,,,,,,false
2014-09-18,28.68,,,,,,false
2014-09-19,28.83,,,,,,false
2014-09-22,28.56,,,,,,false
2014-09-23,28.94,,,,,,false
2014-09-24,29.32,,,,,,false
2014-09-25,29.4,,,,,,false
2014-09-26,29.49,,,,,,false
2014-09-29,29.85,,,,,,false
2014-09-30,30.08,,,,,,false
2014-10-08,30.58,,,,,,false
2014-10-09,30.64,,,,,,false
2014-10-10,30.49,,,,,,false
2014-10-13,30.5,,,,,,false
2014-10-14,30.4,,,,,,false
2014-10-15,30.53,,,,,,false
2014-10-16,30.03,,,,,,false
2014-10-17,29.77,,,,,,false
2014-10-20,30.19,,,,,,false
2014-10-21,29.93,,,,,,false
2014-10-22,29.55,,,,,,false
2014-10-23,29.12,,,,,,false
2014-10-24,29.25,,,,,,false
2014-10-27,29.46,,,,,,false
2014-10-28,30.17,,,,,,false
2014-10-29,30.57,,,,,,false
2014-10-30,30.6,,,,,,false
2014-10-31,30.56,,,,,,false
2014-11-03,29.8,,,,,,false
2014-11-04,29.65,,,,,,false
2014-11-05,29.59,,,,,,false
2014-11-06,29.79,,,,,,false
2014-11-07,29.52,,,,,,false
2014-11-10,29.82,,,,,,false
2014-11-11,28.92,,,,,,false
2014-11-12,29.42,,,,,,false
2014-11-13,29.15,,,,,,false
2014-11-14,29.08,,,,,,false
2014-11-17,29.38,,,,,,false
2014-11-18,29.42,,,,,,false
2014-11-19,29.53,,,,,,false
2014-11-20,29.47,,,,,,false
2014-11-21,29.84,,,,,,false
2014-11-24,30.31,,,,,,false
2014-11-25,30.78,,,,,,false
2014-11-26,30.91,,,,,,false
2014-11-27,31.14,,,,,,false
2014-11-28,31.09,,,,,,false
2014-12-01,30.86,,,,,,false
2014-12-02,31.29,,,,,,false
2014-12-03,31.64,,,,,,false
2014-12-04,32.3,,,,,,false
2014-12-05,31.6,,,,,,false
2014-12-08,32.04,,,,,,false
2014-12-09,30.83,,,,,,false
2014-12-10,31.92,,,,,,false
2014-12-11,32.4,,,,,,false
2014-12-12,32.67,,,,,,false
2014-12-15,33.34,,,,,,false
2014-12-16,33.48,,,,,,false
2014-12-17,33.09,,,,,,false
2014-12-18,33.07,,,,,,false
2014-12-19,32.97,,,,,,false
2014-12-22,31.63,,,,,,false
2014-12-23,31.01,,,,,,false
2014-12-24,31.45,,,,,,false
2014-12-25,32.05,,,,,,false
2014-12-26,32.43,,,,,,false
2014-12-29,32.11,,,,,,false
2014-12-30,31.56,,,,,,false
2014-12-31,31.88,,,,,,false
2015-01-05,32.43,,,,,,false
2015-01-06,32.81,,,,,,false
2015-01-07,32.88,,,,,,false
2015-01-08,32.63,,,,,,false
2015-01-09,32.47,,,,,,false
2015-01-12,32,,,,,,false
2015-01-13,32.43,,,,,,false
2015-01-14,32.28,,,,,,false
2015-01-15,32.69,,,,,,false
2015-01-16,33.12,,,,,,false
2015-01-19,31.73,,,,,,false
2015-01-20,32.9,,,,,,false
2015-01-21,33.77,,,,,,false
2015-01-22,34.23,,,,,,false
2015-01-23,33.9,,,,,,false
2015-01-26,34.66,,,,,,false
2015-01-27,34.76,,,,,,false
2015-01-28,34.59,,,,,,false
2015-01-29,34.37,,,,,,false
2015-01-30,34,,,,,,false
2015-02-02,33.87,,,,,,false
2015-02-03,34.42,,,,,,false
2015-02-04,34.31,,,,,,false
2015-02-05,34.2,,,,,,false
2015-02-06,33.54,,,,,,false
2015-02-09,33.35,,,,,,false
2015-02-10,33.78,,,,,,false
2015-02-11,34.16,,,,,,false
2015-02-12,34.47,,,,,,false
2015-02-13,35.02,,,,,,false
2015-02-16,35.65,,,,,,false
2015-02-17,35.92,,,,,,false
2015-02-25,35.88,,,,,,false
2015-02-26,36.24,,,,,,false
2015-02-27,36.56,,,,,,false
2015-03-02,37.31,,,,,,false
2015-03-03,37.19,,,,,,false
2015-03-04,37.76,,,,,,false
2015-03-05,37.76,,,,,,false
2015-03-06,37.31,,,,,,false
2015-03-09,37.79,,,,,,false
2015-03-10,38.17,,,,,,false
2015-03-11,38.07,,,,,,false
2015-03-12,38.05,,,,,,false
2015-03-13,38.47,,,,,,false
2015-03-16,39.62,,,,,,false
2015-03-17,40.19,,,,,,false
2015-03-18,40.99,,,,,,false
2015-03-19,41.34,,,,,,false
2015-03-20,41.78,,,,,,false
2015-03-23,42.85,,,,,,false
2015-03-24,43.07,,,,,,false
2015-03-25,43.61,,,,,,false
2015-03-26,43.28,,,,,,false
2015-03-27,43.8,,,,,,false
2015-03-30,44.31,,,,,,false
2015-03-31,44.36,,,,,,false
2015-04-01,44.66,,,,,,false
2015-04-02,45.48,,,,,,false
2015-04-03,46.21,,,,,,false
2015-04-07,47.36,,,,,,false
2015-04-08,46.94,,,,,,false
2015-04-09,46.63,,,,,,false
2015-04-10,47.47,,,,,,false
2015-04-13,49.79,,,,,,false
2015-04-14,49.8,,,,,,false
2015-04-15,47.82,,,,,,false
2015-04-16,48.38,,,,,,false
2015-04-17,48.74,,,,,,false
2015-04-20,47.83,,,,,,false
2015-04-21,49.36,,,,,,false
2015-04-22,50.99,,,,,,false
2015-04-23,51.44,,,,,,false
2015-04-24,51.45,,,,,,false
2015-04-27,51.95,,,,,,false
2015-04-28,50.34,,,,,,false
2015-04-29,50.78,,,,,,false
2015-04-30,51.66,,,,,,false
2015-05-04,52.18,,,,,,false
2015-05-05,49.9,,,,,,false
2015-05-06,49.15,,,,,,false
2015-05-07,47.97,,,,,,false
2015-05-08,49.79,,,,,,false
2015-05-11,51.93,,,,,,false
2015-05-12,52.81,,,,,,false
2015-05-13,54.05,,,,,,false
2015-05-14,54.12,,,,,,false
2015-05-15,53.71,,,,,,false
2015-05-18,54.7,,,,,,false
2015-05-19,56.1,,,,,,false
2015-05-20,57.09,,,,,,false
2015-05-21,59.19,,,,,,false
2015-05-22,59.96,,,,,,false
2015-05-25,61.41,,,,,,false
2015-05-26,63.22,,,,,,false
2015-05-27,63.44,,,,,,false
2015-05-28,59.18,,,,,,false
2015-05-29,59.57,,,,,,false
2015-06-01,62.06,,,,,,false
2015-06-02,64.41,,,,,,false
2015-06-03,64.46,,,,,,false
2015-06-04,63.86,,,,,,false
2015-06-05,64.98,,,,,,false
2015-06-08,64.3,,,,,,false
2015-06-09,64.11,,,,,,false
2015-06-10,64.96,,,,,,false
2015-06-11,65.36,,,,,,false
2015-06-12,66.26,,,,,,false
2015-06-15,64.79,,,,,,false
2015-06-16,62.11,,,,,,false
2015-06-17,63.39,,,,,,false
2015-06-18,61.14,,,,,,false
2015-06-19,56.95,,,,,,false
2015-06-23,57.32,,,,,,false
2015-06-24,58.53,,,,,,false
2015-06-25,56.45,,,,,,false
2015-06-26,51.52,,,,,,false
2015-06-29,48.15,,,,,,false
2015-06-30,50.57,,,,,,false
2015-07-01,47.76,,,,,,false
2015-07-02,44.42,,,,,,false
2015-07-03,41.7,,,,,,false
2015-07-06,41.1,,,,,,false
2015-07-07,38.13,,,,,,false
2015-07-08,37.31,,,,,,false
2015-07-09,39.01,,,,,,false
2015-07-10,40.85,,,,,,false
2015-07-13,43.39,,,,,,false
2015-07-14,44.19,,,,,,false
2015-07-15,41.66,,,,,,false
2015-07-16,42.48,,,,,,false
2015-07-17,44.84,,,,,,false
2015-07-20,45.51,,,,,,false
2015-07-21,46.08,,,,,,false
2015-07-22,46.54,,,,,,false
2015-07-23,47.83,,,,,,false
2015-07-24,47.18,,,,,,false
2015-07-27,43.63,,,,,,false
2015-07-28,42.84,,,,,,false
2015-07-29,44.99,,,,,,false
2015-07-30,43.75,,,,,,false
2015-07-31,43.38,,,,,,false
2015-08-03,42.34,,,,,,false
2015-08-04,44.67,,,,,,false
2015-08-05,44.07,,,,,,false
2015-08-06,43.73,,,,,,false
2015-08-07,44.99,,,,,,false
2015-08-10,47.18,,,,,,false
2015-08-11,47.43,,,,,,false
2015-08-12,46.83,,,,,,false
2015-08-13,47.96,,,,,,false
2015-08-14,48.43,,,,,,false
2015-08-17,49.48,,,,,,false
2015-08-18,45.76,,,,,,false
2015-08-19,46.77,,,,,,false
2015-08-20,45.08,,,,,,false
2015-08-21,42.6,,,,,,false
2015-08-24,39.13,,,,,,false
2015-08-25,36.11,,,,,,false
2015-08-26,34.78,,,,,,false
2015-08-27,36.04,,,,,,false
2015-08-28,38.19,,,,,,false
2015-08-31,36.73,,,,,,false
2015-09-01,35.33,,,,,,false
2015-09-02,35.24,,,,,,false
2015-09-07,35.28,,,,,,false
2015-09-08,36.63,,,,,,false
2015-09-09,37.56,,,,,,false
2015-09-10,36.89,,,,,,false
2015-09-11,37.14,,,,,,false
2015-09-14,34.52,,,,,,false
2015-09-15,32.52,,,,,,false
2015-09-16,34.75,,,,,,false
2015-09-17,33.93,,,,,,false
2015-09-18,34.33,,,,,,false
2015-09-21,35.13,,,,,,false
2015-09-22,35.4,,,,,,false
2015-09-23,34.6,,,,,,false
2015-09-24,34.64,,,,,,false
2015-09-25,33.46,,,,,,false
2015-09-28,34.08,,,,,,false
2015-09-29,33.44,,,,,,false
2015-09-30,33.49,,,,,,false
2015-10-08,34.89,,,,,,false
2015-10-09,35.44,,,,,,false
2015-10-12,36.77,,,,,,false
2015-10-13,37.23,,,,,,false
2015-10-14,36.73,,,,,,false
2015-10-15,37.87,,,,,,false
2015-10-16,38.5,,,,,,false
2015-10-19,38.51,,,,,,false
2015-10-20,38.99,,,,,,false
2015-10-21,36.5,,,,,,false
2015-10-22,37.77,,,,,,false
2015-10-23,38.76,,,,,,false
2015-10-26,39.04,,,,,,false
2015-10-27,39.28,,,,,,false
2015-10-28,38.23,,,,,,false
2015-10-29,38.56,,,,,,false
2015-10-30,38.47,,,,,,false
2015-11-02,39.74,,,,,,false
2015-11-03,39.64,,,,,,false
2015-11-04,41.65,,,,,,false
2015-11-05,41.66,,,,,,false
2015-11-06,42.66,,,,,,false
2015-11-09,43.25,,,,,,false
2015-11-10,43.41,,,,,,false
2015-11-11,44.04,,,,,,false
2015-11-12,44.05,,,,,,false
2015-11-13,43.37,,,,,,false
2015-11-16,44.29,,,,,,false
2015-11-17,43.86,,,,,,false
2015-11-18,43.16,,,,,,false
2015-11-19,44.32,,,,,,false
2015-11-20,44.61,,,,,,false
2015-11-23,44.29,,,,,,false
2015-11-24,44.6,,,,,,false
2015-11-25,45.35,,,,,,false
2015-11-26,45.06,,,,,,false
2015-11-27,42.2,,,,,,false
2015-11-30,42.44,,,,,,false
2015-12-01,42.68,,,,,,false
2015-12-02,42.44,,,,,,false
2015-12-03,43.39,,,,,,false
2015-12-04,43,,,,,,false
2015-12-07,43.53,,,,,,false
2015-12-08,42.4,,,,,,false
2015-12-09,42.21,,,,,,false
2015-12-10,42.08,,,,,,false
2015-12-11,41.74,,,,,,false
2015-12-14,43.65,,,,,,false
2015-12-15,44.02,,,,,,false
2015-12-16,44.2,,,,,,false
2015-12-17,45.1,,,,,,false
2015-12-18,45.36,,,,,,false
2015-12-21,45.85,,,,,,false
2015-12-22,46.22,,,,,,false
2015-12-23,45.69,,,,,,false
2015-12-24,45.55,,,,,,false
2015-12-25,45.79,,,,,,false
2015-12-28,44.73,,,,,,false
2015-12-29,45.1,,,,,,false
2015-12-30,45.45,,,,,,false
2015-12-31,44.73,,,,,,false
2016-01-04,40.98,,,,,,false
2016-01-05,40.39,,,,,,false
2016-01-06,41.4,,,,,,false
2016-01-07,37.82,,,,,,false
2016-01-08,38.45,,,,,,false
2016-01-11,35.8,,,,,,false
2016-01-12,35.85,,,,,,false
2016-01-13,34.58,,,,,,false
2016-01-14,35.75,,,,,,false
2016-01-15,34.41,,,,,,false
2016-01-18,34.91,,,,,,false
2016-01-19,36.17,,,,,,false
2016-01-20,35.84,,,,,,false
2016-01-21,34.38,,,,,,false
2016-01-22,34.95,,,,,,false
2016-01-25,35.26,,,,,,false
2016-01-26,32.61,,,,,,false
2016-01-27,32.17,,,,,,false
2016-01-28,30.76,,,,,,false
2016-01-29,31.92,,,,,,false
2016-02-01,31.57,,,,,,false
2016-02-02,32.7,,,,,,false
2016-02-03,32.85,,,,,,false
2016-02-04,33.5,,,,,,false
2016-02-05,33.17,,,,,,false
2016-02-15,33.18,,,,,,false
2016-02-16,34.55,,,,,,false
2016-02-17,34.94,,,,,,false
2016-02-18,34.81,,,,,,false
2016-02-19,34.95,,,,,,false
2016-02-22,35.69,,,,,,false
2016-02-23,35.49,,,,,,false
2016-02-24,35.69,,,,,,false
2016-02-25,32.88,,,,,,false
2016-02-26,32.99,,,,,,false
2016-02-29,31.23,,,,,,false
2016-03-01,31.92,,,,,,false
2016-03-02,33.53,,,,,,false
2016-03-03,33.65,,,,,,false
2016-03-04,32.73,,,,,,false
2016-03-07,33.46,,,,,,false
2016-03-08,33.52,,,,,,false
2016-03-09,32.71,,,,,,false
2016-03-10,32.18,,,,,,false
2016-03-11,32.15,,,,,,false
2016-03-14,33.22,,,,,,false
2016-03-15,32.94,,,,,,false
2016-03-16,32.5,,,,,,false
2016-03-17,33.59,,,,,,false
2016-03-18,34.8,,,,,,false
2016-03-21,35.66,,,,,,false
2016-03-22,35.55,,,,,,false
2016-03-23,35.83,,,,,,false
2016-03-24,35.3,,,,,,false
2016-03-25,35.64,,,,,,false
2016-03-28,35.43,,,,,,false
2016-03-29,34.74,,,,,,false
2016-03-30,36.03,,,,,,false
2016-03-31,36.12,,,,,,false
2016-04-01,35.94,,,,,,false
2016-04-05,36.89,,,,,,false
2016-04-06,36.98,,,,,,false
2016-04-07,36.46,,,,,,false
2016-04-08,35.91,,,,,,false
2016-04-11,36.68,,,,,,false
2016-04-12,36.34,,,,,,false
2016-04-13,36.77,,,,,,false
2016-04-14,37.06,,,,,,false
2016-04-15,36.97,,,,,,false
2016-04-18,36.37,,,,,,false
2016-04-19,36.43,,,,,,false
2016-04-20,34.72,,,,,,false
2016-04-21,34.39,,,,,,false
2016-04-22,34.66,,,,,,false
2016-04-25,34.44,,,,,,false
2016-04-26,34.83,,,,,,false
2016-04-27,34.66,,,,,,false
2016-04-28,34.52,,,,,,false
2016-04-29,34.48,,,,,,false
2016-05-03,35.64,,,,,,false
2016-05-04,35.41,,,,,,false
2016-05-05,35.55,,,,,,false
2016-05-06,33.54,,,,,,false
2016-05-09,32.29,,,,,,false
2016-05-10,32.1,,,,,,false
2016-05-11,32.04,,,,,,false
2016-05-12,32.06,,,,,,false
2016-05-13,31.93,,,,,,false
2016-05-16,32.21,,,,,,false
2016-05-17,32.05,,,,,,false
2016-05-18,31.18,,,,,,false
2016-05-19,31.13,,,,,,false
2016-05-20,31.57,,,,,,false
2016-05-23,31.98,,,,,,false
2016-05-24,31.51,,,,,,false
2016-05-25,31.38,,,,,,false
2016-05-26,31.5,,,,,,false
2016-05-27,31.08,,,,,,false
2016-05-30,30.78,,,,,,false
2016-05-31,31.91,,,,,,false
2016-06-01,32,,,,,,false
2016-06-02,32.12,,,,,,false
2016-06-03,31.98,,,,,,false
2016-06-06,32.06,,,,,,false
2016-06-07,31.97,,,,,,false
2016-06-08,31.86,,,,,,false
2016-06-13,31.88,,,,,,false
2016-06-14,31.93,,,,,,false
2016-06-15,32.83,,,,,,false
2016-06-16,32.55,,,,,,false
2016-06-17,32.58,,,,,,false
2016-06-20,32.6,,,,,,false
2016-06-21,32.13,,,,,,false
2016-06-22,32.63,,,,,,false
2016-06-23,32.39,,,,,,false
2016-06-24,31.85,,,,,,false
2016-06-27,32.53,,,,,,false
2016-06-28,32.88,68.5,68.5121107266436,mid,mid,2011-06-28,false
2016-06-29,32.89,68.5,68.53932584269663,mid,mid,2011-06-28,false
2016-06-30,32.65,67.1,67.09844559585493,mid,mid,2011-06-28,false
2016-07-01,32.58,66.7,66.69542709232097,mid,mid,2011-06-28,false
2016-07-04,33.18,70.1,70.08620689655173,high,mid,2011-06-28,false
2016-07-05,33.38,70.5,70.54263565891473,high,mid,2011-06-28,false
2016-07-06,33.55,71.5,71.51462994836488,high,mid,2011-06-28,false
2016-07-07,33.58,71.5,71.53912295786759,high,mid,2011-06-28,false
2016-07-08,33.4,70.4,70.44673539518901,high,mid,2011-06-28,false
2016-07-11,33.44,70.6,70.55793991416309,high,mid,2011-06-28,false
2016-07-12,33.85,72.4,72.38421955403086,high,mid,2011-06-28,false
2016-07-13,34.14,73.2,73.17909168808912,high,mid,2011-06-28,false
2016-07-14,34.2,73.5,73.45890410958904,high,mid,2011-06-28,false
2016-07-15,34.07,72.9,72.88280581693756,high,mid,2011-06-28,false
2016-07-18,33.75,72,71.96581196581197,high,mid,2011-06-28,false
2016-07-19,33.69,71.6,71.56276686592656,high,mid,2011-06-28,false
2016-07-20,33.63,71.3,71.33105802047781,high,mid,2011-06-28,false
2016-07-21,33.74,72,71.95225916453538,high,mid,2011-06-28,false
2016-07-22,33.44,70.1,70.10221465076661,high,mid,2011-06-28,false
2016-07-25,33.42,69.9,69.87234042553192,mid,mid,2011-06-28,false
2016-07-26,33.86,72.4,72.3639455782313,high,mid,2011-06-28,false
2016-07-27,32.51,65.2,65.16567544604928,mid,mid,2011-06-28,false
2016-07-28,32.59,65.8,65.78947368421053,mid,mid,2011-06-28,false
2016-07-29,32.4,64.5,64.5462256149279,mid,mid,2011-06-28,false
2016-08-01,31.92,61.8,61.77966101694915,mid,mid,2011-06-28,false
2016-08-02,32.21,64.1,64.0982218458933,mid,mid,2011-06-28,false
2016-08-03,32.36,64.4,64.3824027072758,mid,mid,2011-06-28,false
2016-08-04,32.56,65.6,65.59594251901945,mid,mid,2011-06-28,false
2016-08-05,32.39,64.4,64.44256756756756,mid,mid,2011-06-28,false
2016-08-08,32.83,67.3,67.34177215189874,mid,mid,2011-06-28,false
2016-08-09,33.09,68.8,68.8026981450253,mid,mid,2011-06-28,false
2016-08-10,32.95,68.2,68.15501263689974,mid,mid,2011-06-28,false
2016-08-11,32.47,64.9,64.8989898989899,mid,mid,2011-06-28,false
2016-08-12,32.86,67.5,67.45164003364171,mid,mid,2011-06-28,false
2016-08-15,33.63,71.6,71.59663865546219,high,mid,2011-06-28,false
2016-08-16,33.76,72.4,72.37615449202352,high,mid,2011-06-28,false
2016-08-17,33.86,72.7,72.73489932885906,high,mid,2011-06-28,false
2016-08-18,33.84,72.5,72.50628667225482,high,mid,2011-06-28,false
2016-08-19,33.87,72.9,72.8643216080402,high,mid,2011-06-28,false
2016-08-22,33.49,70.5,70.5439330543933,high,mid,2011-06-28,false
2016-08-23,33.52,70.7,70.73578595317726,high,mid,2011-06-28,false
2016-08-24,33.59,71.3,71.26148705096074,high,mid,2011-06-28,false
2016-08-25,33.34,69.4,69.36560934891486,mid,mid,2011-06-28,false
2016-08-26,33.47,70.2,70.22518765638031,high,mid,2011-06-28,false
2016-08-29,33.54,71,71,high,mid,2011-06-28,false
2016-08-30,33.41,69.5,69.52539550374688,mid,mid,2011-06-28,false
2016-08-31,33.45,70,69.9667221297837,mid,mid,2011-06-28,false
2016-09-01,31.34,58.4,58.43724023275145,mid,mid,2011-06-28,false
2016-09-02,37.4,84.6,84.5514950166113,high,mid,2011-06-28,false
2016-09-05,37.6,84.7,84.73029045643153,high,mid,2011-06-28,false
2016-09-06,38.19,85.7,85.7379767827529,high,mid,2011-06-28,false
2016-09-07,38.21,85.7,85.74979287489643,high,mid,2011-06-28,false
2016-09-08,38.37,85.9,85.9271523178808,high,high,2011-06-28,false
2016-09-09,38.02,85,85.02894954507858,high,high,2011-06-28,false
2016-09-12,37.03,83.5,83.47107438016529,high,high,2011-06-28,false
2016-09-13,37.15,83.6,83.64987613542527,high,high,2011-06-28,false
2016-09-14,36.91,82.8,82.75577557755776,high,high,2011-06-28,false
2016-09-19,37.28,83.8,83.84171475680132,high,high,2011-06-28,false
2016-09-20,37.27,83.8,83.77265238879737,high,high,2011-06-28,false
2016-09-21,37.28,83.9,83.86831275720165,high,high,2011-06-28,false
2016-09-22,37.53,84.3,84.29276315789474,high,high,2011-06-28,false
2016-09-23,37.46,84.2,84.22350041084634,high,high,2011-06-28,false
2016-09-26,36.73,81.9,81.85550082101807,high,high,2011-06-28,false
2016-09-27,36.99,82.8,82.77276456111566,high,high,2011-06-28,false
2016-09-28,36.96,82.4,82.37704918032787,high,high,2011-06-28,false
2016-09-29,37.06,83.2,83.2104832104832,high,high,2011-06-28,false
2016-09-30,37.23,83.6,83.55155482815057,high,high,2011-06-28,false
2016-10-10,37.89,85.1,85.11856091578088,high,high,2011-06-28,false
2016-10-11,38.13,85.5,85.5392156862745,high,high,2011-06-28,false
2016-10-12,38.14,85.6,85.55102040816327,high,high,2011-06-28,false
2016-10-13,38.15,85.6,85.56280587275693,high,high,2011-06-28,false
2016-10-14,38.06,85.1,85.08557457212714,high,high,2011-06-28,false
2016-10-17,37.75,84.3,84.28338762214985,high,high,2011-06-28,false
2016-10-18,38.33,86.1,86.08624898291293,high,high,2011-06-28,false
2016-10-19,38.25,86,86.01626016260163,high,high,2011-06-28,false
2016-10-20,38.24,85.9,85.9463850528026,high,high,2011-06-28,false
2016-10-21,38.08,85,84.98376623376623,high,high,2011-06-28,false
2016-10-24,38.46,86.3,86.29359286293592,high,high,2011-06-28,false
2016-10-25,38.58,86.8,86.79092382495948,high,high,2011-06-28,false
2016-10-26,37.57,83.7,83.7246963562753,high,high,2011-06-28,false
2016-10-27,37.5,83.4,83.41423948220064,high,high,2011-06-28,false
2016-10-28,37.18,82.4,82.37671786580437,high,high,2011-06-28,false
2016-10-31,37.18,82.4,82.39095315024232,high,high,2011-06-28,false
2016-11-01,36.81,80.8,80.7909604519774,high,high,2011-06-28,false
2016-11-02,36.51,79.9,79.91935483870968,high,high,2011-06-28,false
2016-11-03,36.62,80,80.01611603545527,high,high,2011-06-28,false
2016-11-04,36.51,79.9,79.87117552334944,high,high,2011-06-28,false
2016-11-07,36.52,79.9,79.88736926790024,high,high,2011-06-28,false
2016-11-08,36.73,80.5,80.54662379421221,high,high,2011-06-28,false
2016-11-09,36.42,79.3,79.27710843373494,high,high,2011-06-28,false
2016-11-10,36.9,81.1,81.13964686998395,high,high,2011-06-28,false
2016-11-11,37.15,82.4,82.35765838011227,high,high,2011-06-28,false
2016-11-14,37.35,83.3,83.25320512820514,high,high,2011-06-28,false
2016-11-15,37.55,83.7,83.74699759807847,high,high,2011-06-28,false
2016-11-16,37.57,83.9,83.91999999999999,high,high,2011-06-28,false
2016-11-17,37.49,83.4,83.37330135891287,high,high,2011-06-28,false
2016-11-18,37.32,83,82.98722044728434,high,high,2011-06-28,false
2016-11-21,37.4,83.2,83.24022346368714,high,high,2011-06-28,false
2016-11-22,37.65,84.1,84.05103668261563,high,high,2011-06-28,false
2016-11-23,37.49,83.3,83.34661354581672,high,high,2011-06-28,false
2016-11-24,37.42,83.1,83.12101910828027,high,high,2011-06-28,false
2016-11-25,37.58,83.9,83.92999204455052,high,high,2011-06-28,false
2016-11-28,37.66,84.1,84.10174880763115,high,high,2011-06-28,false
2016-11-29,37.39,82.8,82.76409849086576,high,high,2011-06-28,false
2016-11-30,37.2,81.8,81.82539682539682,high,high,2011-06-28,false
2016-12-01,37.41,83,82.95003965107058,high,high,2011-06-28,false
2016-12-02,36.83,79.9,79.87321711568937,high,high,2011-06-28,false
2016-12-05,36.66,79.1,79.09738717339667,high,high,2011-06-28,false
2016-12-06,36.72,79.2,79.19303797468355,high,high,2011-06-28,false
2016-12-07,37.09,81.3,81.26482213438734,high,high,2011-06-28,false
2016-12-08,36.93,80.3,80.25276461295418,high,high,2011-06-28,false
2016-12-09,36.92,80.2,80.18942383583267,high,high,2011-06-28,false
2016-12-12,37.14,81.4,81.38801261829653,high,high,2011-06-28,false
2016-12-13,37.32,82.6,82.58471237194641,high,high,2011-06-28,false
2016-12-14,37.11,81.2,81.18110236220473,high,high,2011-06-28,false
2016-12-15,37.35,82.7,82.69079464988198,high,high,2011-06-28,false
2016-12-16,37.58,84,84.04088050314465,high,high,2011-06-28,false
2016-12-19,37.59,84.1,84.05341712490181,high,high,2011-06-28,false
2016-12-20,37.46,83.1,83.12401883830455,high,high,2011-06-28,false
2016-12-21,37.71,84.3,84.31372549019608,high,high,2011-06-28,false
2016-12-22,37.69,84.2,84.24764890282131,high,high,2011-06-28,false
2016-12-23,37.33,82.2,82.22396241190289,high,high,2011-06-28,false
2016-12-26,37.42,82.9,82.86384976525821,high,high,2011-06-28,false
2016-12-27,37.39,82.5,82.48631743549649,high,high,2011-06-28,false
2016-12-28,37.26,81.4,81.40625,high,high,2011-06-28,false
2016-12-29,37.15,80.9,80.87431693989072,high,high,2011-06-28,false
2016-12-30,37.23,81.4,81.35725429017161,high,high,2011-06-28,false
2017-01-03,37.55,83.6,83.55416991426344,high,high,2011-06-28,false
2017-01-04,37.95,85,85.04672897196261,high,high,2011-06-28,false
2017-01-05,37.99,85.1,85.05836575875486,high,high,2011-06-28,false
2017-01-06,37.79,84.7,84.68118195956454,high,high,2011-06-28,false
2017-01-09,38.01,85.1,85.08158508158508,high,high,2011-06-28,false
2017-01-10,37.89,84.9,84.86024844720497,high,high,2011-06-28,false
2017-01-11,37.5,82.9,82.93250581846394,high,high,2011-06-28,false
2017-01-12,37.16,80.4,80.38759689922482,high,high,2011-06-28,false
2017-01-13,36.72,77.6,77.61425251742835,high,high,2011-06-28,false
2017-01-16,35.79,74.7,74.69040247678018,high,high,2011-06-28,false
2017-01-17,36.07,75.6,75.56071152358855,high,high,2011-06-28,false
2017-01-18,36.09,75.6,75.57959814528593,high,high,2011-06-28,false
2017-01-19,35.93,75.1,75.13513513513513,high,high,2011-06-28,false
2017-01-20,36.4,76.5,76.46604938271605,high,high,2011-06-28,false
2017-01-23,36.7,77.6,77.56360832690825,high,high,2011-06-28,false
2017-01-24,36.63,77.3,77.27272727272727,high,high,2011-06-28,false
2017-01-25,36.74,78.1,78.06004618937644,high,high,2011-06-28,false
2017-01-26,37.01,79.7,79.6923076923077,high,high,2011-06-28,false
2017-02-03,36.93,78.9,78.93927747886241,high,high,2011-06-28,false
2017-02-06,37.25,81.1,81.10599078341014,high,high,2011-06-28,false
2017-02-07,37.2,80.8,80.81350729086722,high,high,2011-06-28,false
2017-02-08,37.4,82.4,82.43865030674846,high,high,2011-06-28,false
2017-02-09,37.62,84,83.98467432950191,high,high,2011-06-28,false
2017-02-10,37.6,83.9,83.92036753445635,high,high,2011-06-28,false
2017-02-13,37.78,84.6,84.6212700841622,high,high,2011-06-28,false
2017-02-14,37.92,85.1,85.09174311926606,high,high,2011-06-28,false
2017-02-15,37.58,83.6,83.57524828113063,high,high,2011-06-28,false
2017-02-16,37.83,84.8,84.80916030534351,high,high,2011-06-28,false
2017-02-17,37.52,82.8,82.76125095347064,high,high,2011-06-28,false
2017-02-20,37.97,85.2,85.21341463414635,high,high,2011-06-28,false
2017-02-21,38.26,86.7,86.74790555978676,high,high,2011-06-28,false
2017-02-22,38.46,87.1,87.06240487062405,high,high,2011-06-28,false
2017-02-23,38.5,87.3,87.30038022813689,high,high,2011-06-28,false
2017-02-24,38.53,87.4,87.38601823708207,high,high,2011-06-28,false
2017-02-27,38.23,86.3,86.33257403189066,high,high,2011-06-28,false
2017-02-28,38.39,86.7,86.72230652503794,high,high,2011-06-28,false
2017-03-01,38.46,87,86.9598180439727,high,high,2011-06-28,false
2017-03-02,38.25,86.4,86.36363636363636,high,high,2011-06-28,false
2017-03-03,38.39,86.7,86.6767600302801,high,high,2011-06-28,false
2017-03-06,38.77,87.8,87.82148260211801,high,high,2011-06-28,false
2017-03-07,38.83,87.8,87.83068783068782,high,high,2011-06-28,false
2017-03-08,38.66,87.6,87.61329305135952,high,high,2011-06-28,false
2017-03-09,38.31,86.2,86.18867924528301,high,high,2011-06-28,false
2017-03-10,38.38,86.3,86.3499245852187,high,high,2011-06-28,false
2017-03-13,38.72,87.6,87.64129615674454,high,high,2011-06-28,false
2017-03-14,38.66,87.6,87.57530120481928,high,high,2011-06-28,false
2017-03-15,38.6,87.4,87.3589164785553,high,high,2011-06-28,false
2017-03-16,38.94,87.9,87.89473684210526,high,high,2011-06-28,false
2017-03-17,38.6,87.3,87.30277986476334,high,high,2011-06-28,false
2017-03-20,38.68,87.5,87.53753753753753,high,high,2011-06-28,false
2017-03-21,38.81,87.8,87.77194298574643,high,high,2011-06-28,false
2017-03-22,38.7,87.5,87.48125937031485,high,high,2011-06-28,false
2017-03-23,38.81,87.8,87.79026217228464,high,high,2011-06-28,false
2017-03-24,38.98,87.9,87.94910179640718,high,high,2011-06-28,false
2017-03-27,38.74,87.4,87.43455497382199,high,high,2011-06-28,false
2017-03-28,38.64,87,86.99551569506725,high,high,2011-06-28,false
2017-03-29,38.52,86.4,86.40776699029125,high,high,2011-06-28,false
2017-03-30,37.93,83.4,83.35820895522387,high,high,2011-06-28,false
2017-03-31,38.1,84.1,84.11633109619687,high,high,2011-06-28,false
2017-04-05,38.91,87.9,87.85394932935915,high,high,2011-06-28,false
2017-04-06,38.99,88.1,88.08637379002235,high,high,2011-06-28,false
2017-04-07,39.11,88.2,88.24404761904762,high,high,2011-06-28,false
2017-04-10,38.99,88,88.02973977695167,high,high,2011-06-28,false
2017-04-11,39.29,88.4,88.41010401188707,high,high,2011-06-28,false
2017-04-12,39,88,87.97327394209354,high,high,2011-06-28,false
2017-04-13,39.25,88.3,88.27893175074183,high,high,2011-06-28,false
2017-04-14,38.64,86.6,86.5826538176427,high,high,2011-06-28,false
2017-04-17,38.21,84.2,84.22222222222221,high,high,2011-06-28,false
2017-04-18,38.06,83.3,83.27165062916359,high,high,2011-06-28,false
2017-04-19,37.65,81.4,81.43491124260355,high,high,2011-06-28,false
2017-04-20,37.68,81.5,81.52254249815225,high,high,2011-06-28,false
2017-04-21,37.43,79.7,79.68980797636632,high,high,2011-06-28,false
2017-04-24,36.39,73.1,73.13653136531364,high,high,2011-06-28,false
2017-04-25,36.51,73.7,73.74631268436578,high,high,2011-06-28,false
2017-04-26,36.44,73.3,73.32350773765658,high,high,2011-06-28,false
2017-04-27,36.53,73.9,73.85861561119293,high,high,2011-06-28,false
2017-04-28,36.62,74,74.02501839587933,high,high,2011-06-28,false
2017-05-02,32.84,59,58.970588235294116,mid,high,2011-06-28,false
2017-05-03,32.75,58.6,58.559882439382804,mid,high,2011-06-28,false
2017-05-04,32.63,57.9,57.856093979442,mid,high,2011-06-28,false
2017-05-05,32.19,55.5,55.53925165077036,mid,high,2011-06-28,false
2017-05-08,31.57,52.1,52.12609970674487,mid,mid,2011-06-28,false
2017-05-09,31.77,52.7,52.74725274725275,mid,mid,2011-06-28,false
2017-05-10,31.06,50.7,50.73206442166911,mid,mid,2011-06-28,false
2017-05-11,30.9,50.4,50.40234089246525,mid,mid,2011-06-28,false
2017-05-12,30.64,49.5,49.48830409356725,mid,mid,2011-06-28,false
2017-05-15,30.62,49.4,49.3791088385683,mid,mid,2011-06-28,false
2017-05-16,31.2,51.4,51.386861313868614,mid,mid,2011-06-28,false
2017-05-17,31.27,51.6,51.568198395331876,mid,mid,2011-06-28,false
2017-05-18,30.82,49.8,49.78134110787172,mid,mid,2011-06-28,false
2017-05-19,30.77,49.6,49.59941733430444,mid,mid,2011-06-28,false
2017-05-22,30.33,48.5,48.54439592430859,mid,mid,2011-06-28,false
2017-05-23,29.71,47.5,47.49090909090909,mid,mid,2011-06-28,false
2017-05-24,29.78,47.6,47.60174418604651,mid,mid,2011-06-28,false
2017-05-25,29.96,48.1,48.07552650689906,mid,mid,2011-06-28,false
2017-05-26,29.73,47.5,47.46008708272859,mid,mid,2011-06-28,false
2017-05-31,29.64,47.3,47.2806381435823,mid,mid,2011-06-28,false
2017-06-01,29.06,45.9,45.94202898550724,mid,mid,2011-06-28,false
2017-06-02,29.38,46.5,46.488052136133234,mid,mid,2011-06-28,false
2017-06-05,29.58,47.3,47.25036179450072,mid,mid,2011-06-28,false
2017-06-06,29.73,47.7,47.650036153289946,mid,mid,2011-06-28,false
2017-06-07,30.24,48.8,48.77167630057804,mid,mid,2011-06-28,false
2017-06-08,29.99,48.4,48.375451263537904,mid,mid,2011-06-28,false
2017-06-09,30.1,48.6,48.62914862914863,mid,mid,2011-06-28,false
2017-06-12,29.97,48.2,48.23359769286229,mid,mid,2011-06-28,false
2017-06-13,30.34,49.1,49.06340057636888,mid,mid,2011-06-28,false
2017-06-14,30.28,48.9,48.88408927285817,mid,mid,2011-06-28,false
2017-06-15,30.57,49.6,49.64028776978417,mid,mid,2011-06-28,false
2017-06-16,30.52,49.3,49.31703810208483,mid,mid,2011-06-28,false
2017-06-19,30.67,50.1,50.07183908045977,mid,mid,2011-06-28,false
2017-06-20,30.62,49.9,49.89231873653984,mid,mid,2011-06-28,false
2017-06-21,30.7,50.2,50.21520803443329,mid,mid,2011-06-28,false
2017-06-22,30.21,48.6,48.60215053763441,mid,mid,2011-06-28,false
2017-06-23,30.23,48.6,48.63896848137536,mid,mid,2011-06-28,false
2017-06-26,30.73,50.3,50.32211882605584,mid,mid,2011-06-28,false
2017-06-27,30.76,50.4,50.42918454935622,mid,mid,2011-06-28,false
2017-06-28,30.61,49.7,49.749821300929234,mid,mid,2011-06-28,false
2017-06-29,30.78,50.7,50.71428571428571,mid,mid,2011-06-28,false
2017-06-30,30.89,51.4,51.39186295503212,mid,mid,2011-06-28,false
2017-07-03,31.08,51.9,51.925820256776035,mid,mid,2011-06-28,false
2017-07-04,30.92,51.6,51.60370634354954,mid,mid,2011-06-28,false
2017-07-05,31.02,51.8,51.78062678062678,mid,mid,2011-06-28,false
2017-07-06,31.02,51.8,51.81494661921708,mid,mid,2011-06-28,false
2017-07-07,31.1,52.2,52.204836415362735,mid,mid,2011-06-28,false
2017-07-10,31.01,51.7,51.67022032693674,mid,mid,2011-06-28,false
2017-07-11,30.63,49.6,49.64488636363637,mid,mid,2011-06-28,false
2017-07-12,30.64,49.8,49.82256919801277,mid,mid,2011-06-28,false
2017-07-13,30.57,49.2,49.219858156028366,mid,mid,2011-06-28,false
2017-07-14,30.46,48.6,48.61800141743444,mid,mid,2011-06-28,false
2017-07-17,29.18,45.2,45.18413597733711,mid,mid,2011-06-28,false
2017-07-18,29.48,46,46.00141542816702,mid,mid,2011-06-28,false
2017-07-19,30.05,47.8,47.80763790664781,mid,mid,2011-06-28,false
2017-07-20,30.23,48.3,48.26855123674912,mid,mid,2011-06-28,false
2017-07-21,30.35,48.7,48.65819209039548,mid,mid,2011-06-28,false
2017-07-24,30.51,49,48.97671136203247,mid,mid,2011-06-28,false
2017-07-25,30.43,48.7,48.73060648801128,mid,mid,2011-06-28,false
2017-07-26,30.39,48.6,48.625792811839325,mid,mid,2011-06-28,false
2017-07-27,30.6,49.7,49.71830985915493,mid,mid,2011-06-28,false
2017-07-28,30.74,50.5,50.52779732582688,mid,mid,2011-06-28,false
2017-07-31,31.13,52.8,52.81293952180028,mid,mid,2011-06-28,false
2017-08-01,31.08,52.5,52.49472944483485,mid,mid,2011-06-28,false
2017-08-02,30.89,51.6,51.615168539325836,mid,mid,2011-06-28,false
2017-08-03,30.94,51.9,51.92982456140351,mid,mid,2011-06-28,false
2017-08-04,30.75,50.4,50.420757363253855,mid,mid,2011-06-28,false
2017-08-07,31.12,52.8,52.838121934127535,mid,mid,2011-06-28,false
2017-08-08,31.13,53,53.01120448179272,mid,mid,2011-06-28,false
2017-08-09,31.32,53.6,53.60391882435269,mid,mid,2011-06-28,false
2017-08-10,31.08,52.5,52.51748251748252,mid,mid,2011-06-28,false
2017-08-11,30.48,48.5,48.49755415793152,mid,mid,2011-06-28,false
2017-08-14,31.11,52.8,52.79329608938548,mid,mid,2011-06-28,false
2017-08-15,31.25,53.5,53.524075366364265,mid,mid,2011-06-28,false
2017-08-16,31.29,53.7,53.69595536959554,mid,mid,2011-06-28,false
2017-08-17,31.51,54.1,54.146341463414636,mid,mid,2011-06-28,false
2017-08-18,31.41,53.9,53.899721448467965,mid,mid,2011-06-28,false
2017-08-21,31.68,54.9,54.90605427974948,mid,mid,2011-06-28,false
2017-08-22,31.55,54.2,54.17246175243393,mid,mid,2011-06-28,false
2017-08-23,31.3,53.6,53.57887421820708,mid,mid,2011-06-28,false
2017-08-24,31.1,52.5,52.5,mid,mid,2011-06-28,false
2017-08-25,31.44,53.9,53.92088827203331,mid,mid,2011-06-28,false
2017-08-28,31.83,55.3,55.33980582524271,mid,mid,2011-06-28,false
2017-08-29,31.76,55.1,55.09355509355509,mid,mid,2011-06-28,false
2017-08-30,31.97,56.4,56.4404432132964,mid,mid,2011-06-28,false
2017-08-31,32.05,57.2,57.2318339100346,mid,mid,2011-06-28,false
2017-09-01,32.23,58.2,58.229598893499315,mid,mid,2011-06-28,false
2017-09-04,32.42,58.9,58.880442294402215,mid,mid,2011-06-28,false
2017-09-05,32.44,59.1,59.11602209944752,mid,mid,2011-06-28,false
2017-09-06,32.58,60,59.97239475500346,mid,mid,2011-06-28,false
2017-09-07,32.33,58.3,58.34482758620689,mid,mid,2011-06-28,false
2017-09-08,32.39,58.6,58.5802894555479,mid,mid,2011-06-28,false
2017-09-11,32.74,61.1,61.08815426997245,mid,mid,2011-06-28,false
2017-09-12,32.71,61,60.97728836889195,mid,mid,2011-06-28,false
2017-09-13,32.9,62.1,62.104539202200826,mid,mid,2011-06-28,false
2017-09-14,32.82,61.3,61.30584192439863,mid,mid,2011-06-28,false
2017-09-15,32.58,59.9,59.89010989010989,mid,mid,2011-06-28,false
2017-09-18,32.76,61.2,61.15305422100206,mid,mid,2011-06-28,false
2017-09-19,32.62,60.1,60.08230452674898,mid,mid,2011-06-28,false
2017-09-20,32.9,62.2,62.23440712816998,mid,mid,2011-06-28,false
2017-09-21,32.53,59.3,59.31506849315068,mid,mid,2011-06-28,false
2017-09-22,32.32,57.9,57.90554414784395,mid,mid,2011-06-28,false
2017-09-25,31.92,55.5,55.47195622435021,mid,mid,2011-06-28,false
2017-09-26,32.05,56.7,56.664388243335615,mid,mid,2011-06-28,false
2017-09-27,32.24,57.7,57.71857923497268,mid,mid,2011-06-28,false
2017-09-28,32.1,56.9,56.86006825938566,mid,mid,2011-06-28,false
2017-09-29,32.31,58,57.98090040927695,mid,mid,2011-06-28,false
2017-10-09,32.63,60.5,60.46353101567825,mid,mid,2011-06-28,false
2017-10-10,32.77,61.4,61.444141689373296,mid,mid,2011-06-28,false
2017-10-11,32.63,60.4,60.44928522804629,mid,mid,2011-06-28,false
2017-10-12,32.6,60,60,mid,mid,2011-06-28,false
2017-10-13,32.84,61.9,61.9306594153637,mid,mid,2011-06-28,false
2017-10-16,32.39,58.2,58.22010869565217,mid,mid,2011-06-28,false
2017-10-17,32.41,58.5,58.45213849287168,mid,mid,2011-06-28,false
2017-10-18,32.18,57.1,57.12347354138399,mid,mid,2011-06-28,false
2017-10-19,31.89,54.6,54.57627118644067,mid,mid,2011-06-28,false
2017-10-20,32.23,57.5,57.45257452574526,mid,mid,2011-06-28,false
2017-10-23,32.43,58.8,58.83547731888964,mid,mid,2011-06-28,false
2017-10-24,32.36,58,57.98376184032477,mid,mid,2011-06-28,false
2017-10-25,32.59,60,60.04056795131846,mid,mid,2011-06-28,false
2017-10-26,32.7,61.1,61.14864864864865,mid,mid,2011-06-28,false
2017-10-27,32.5,59.1,59.08170155300473,mid,mid,2011-06-28,false
2017-10-30,31.93,55,54.99325236167342,mid,mid,2011-06-28,false
2017-10-31,32.19,57,57.04652730950775,mid,mid,2011-06-28,false
2017-11-01,29.37,43.3,43.261455525606465,mid,mid,2011-06-28,false
2017-11-02,29.07,42.8,42.76094276094276,mid,mid,2011-06-28,false
2017-11-03,28.79,42.4,42.395693135935396,mid,mid,2011-06-28,false
2017-11-06,29.18,43.1,43.10692669804976,mid,mid,2011-06-28,false
2017-11-07,29.34,43.3,43.346774193548384,mid,mid,2011-06-28,false
2017-11-08,29.38,43.6,43.58629952988583,mid,mid,2011-06-28,false
2017-11-09,29.59,44.5,44.49664429530201,mid,mid,2011-06-28,false
2017-11-10,29.72,44.7,44.735077129443326,mid,mid,2011-06-28,false
2017-11-13,29.85,45.4,45.375335120643435,mid,mid,2011-06-28,false
2017-11-14,29.6,44.5,44.47421299397187,mid,mid,2011-06-28,false
2017-11-15,29.27,43.1,43.1057563587684,mid,mid,2011-06-28,false
2017-11-16,29.36,43.3,43.27759197324414,mid,mid,2011-06-28,false
2017-11-17,28.47,41.8,41.77807486631016,mid,mid,2011-06-28,false
2017-11-20,28.75,42.2,42.15096860387442,mid,mid,2011-06-28,false
2017-11-21,28.86,42.3,42.323097463284384,mid,mid,2011-06-28,false
2017-11-22,28.77,42.2,42.16144096064043,mid,mid,2011-06-28,false
2017-11-23,28.02,41.3,41.333333333333336,mid,mid,2011-06-28,false
2017-11-24,28.03,41.4,41.372418387741504,mid,mid,2011-06-28,false
2017-11-27,27.68,40.6,40.612516644474034,mid,mid,2011-06-28,false
2017-11-28,28.14,41.5,41.51696606786427,mid,mid,2011-06-28,false
2017-11-29,28.23,41.7,41.68882978723404,mid,mid,2011-06-28,false
2017-11-30,27.99,41.3,41.2624584717608,mid,mid,2011-06-28,false
2017-12-01,28.23,41.8,41.766268260292165,mid,mid,2011-06-28,false
2017-12-04,28.08,41.4,41.406768414067685,mid,mid,2011-06-28,false
2017-12-05,27.46,40.1,40.11936339522546,mid,mid,2011-06-28,false
2017-12-06,27.63,40.4,40.357852882703774,mid,mid,2011-06-28,false
2017-12-07,27.46,40.1,40.13245033112583,mid,mid,2011-06-28,false
2017-12-08,27.79,40.7,40.70152217074785,mid,mid,2011-06-28,false
2017-12-11,27.81,40.7,40.74074074074074,mid,mid,2011-06-28,false
2017-12-12,27.56,40.3,40.3172504957039,mid,mid,2011-06-28,false
2017-12-13,27.76,40.7,40.686922060766186,mid,mid,2011-06-28,false
2017-12-14,27.79,40.8,40.79207920792079,mid,mid,2011-06-28,false
2017-12-15,27.58,40.3,40.303430079155675,mid,mid,2011-06-28,false
2017-12-18,27.44,39.9,39.88134475939354,mid,mid,2011-06-28,false
2017-12-19,27.67,40.5,40.51383399209486,mid,mid,2011-06-28,false
2017-12-20,27.45,39.9,39.89466754443713,mid,mid,2011-06-28,false
2017-12-21,27.63,40.5,40.46052631578947,mid,mid,2011-06-28,false
2017-12-22,27.66,40.5,40.499671268902034,mid,mid,2011-06-28,false
2017-12-25,27.41,39.7,39.68462549277267,mid,mid,2011-06-28,false
2017-12-26,27.56,40.3,40.31516743269862,mid,mid,2011-06-28,false
2017-12-27,27.36,39.4,39.43569553805774,mid,mid,2011-06-28,false
2017-12-28,27.48,40.1,40.131147540983605,mid,mid,2011-06-28,false
2017-12-29,27.7,41,41.02228047182175,mid,mid,2011-06-28,false
2018-01-02,28.06,42.1,42.108709888670596,mid,mid,2011-06-28,false
2018-01-03,28.32,42.7,42.67015706806283,mid,mid,2011-06-28,false
2018-01-04,28.46,42.8,42.77305428384565,mid,mid,2011-06-28,false
2018-01-05,28.46,42.8,42.810457516339866,mid,mid,2011-06-28,false
2018-01-08,28.6,43.2,43.17439581972567,mid,mid,2011-06-28,false
2018-01-09,28.6,43.2,43.21148825065274,mid,mid,2011-06-28,false
2018-01-10,28.43,42.7,42.66144814090019,mid,mid,2011-06-28,false
2018-01-11,28.49,43,42.95958279009127,mid,mid,2011-06-28,false
2018-01-12,28.39,42.5,42.54071661237785,mid,mid,2011-06-28,false
2018-01-15,27.78,40.9,40.88541666666667,mid,mid,2011-06-28,false
2018-01-16,28,41.8,41.76968119713728,mid,mid,2011-06-28,false
2018-01-17,27.86,41.4,41.352405721716515,mid,mid,2011-06-28,false
2018-01-18,27.97,41.7,41.65042235217673,mid,mid,2011-06-28,false
2018-01-19,27.91,41.4,41.42857142857143,mid,mid,2011-06-28,false
2018-01-22,28.25,42.6,42.63465282284231,mid,mid,2011-06-28,false
2018-01-23,28.29,42.7,42.67185473411154,mid,mid,2011-06-28,false
2018-01-24,28.44,43,42.968243681140635,mid,mid,2011-06-28,false
2018-01-25,28.38,42.7,42.74611398963731,mid,mid,2011-06-28,false
2018-01-26,28.4,42.8,42.84789644012945,mid,mid,2011-06-28,false
2018-01-29,28.09,42,42.04398447606727,mid,mid,2011-06-28,false
2018-01-30,28.09,42.1,42.081447963800905,mid,mid,2011-06-28,false
2018-01-31,27.57,39.9,39.85788113695091,mid,mid,2011-06-28,false
2018-02-01,26.7,37.1,37.12072304712718,mid,mid,2011-06-28,false
2018-02-02,26.83,37.7,37.67741935483871,mid,mid,2011-06-28,false
2018-02-05,26.82,37.7,37.65312701482914,mid,mid,2011-06-28,false
2018-02-06,25.5,28.8,28.801546391752574,low,mid,2011-06-28,false
2018-02-07,25.52,29.1,29.10495814552479,low,mid,2011-06-28,false
2018-02-08,25.76,31.2,31.209781209781212,mid,mid,2011-06-28,false
2018-02-09,24.89,21,20.964630225080384,low,mid,2011-06-28,false
2018-02-12,25.53,29.3,29.30591259640103,low,mid,2011-06-28,false
2018-02-13,25.7,30.4,30.378933847141944,mid,mid,2011-06-28,false
2018-02-14,25.79,31.7,31.70731707317073,mid,mid,2011-06-28,false
2018-02-22,26.33,35.1,35.08659397049391,mid,mid,2011-06-28,false
2018-02-23,26.44,35.8,35.76923076923077,mid,mid,2011-06-28,false
2018-02-26,27.01,38.6,38.56502242152467,mid,mid,2011-06-28,false
2018-02-27,26.91,38.2,38.2202304737516,mid,mid,2011-06-28,false
2018-02-28,26.96,38.6,38.57965451055662,mid,mid,2011-06-28,false
2018-03-01,27.23,39.2,39.19437340153453,mid,mid,2011-06-28,false
2018-03-02,27.07,38.8,38.78594249201278,mid,mid,2011-06-28,false
2018-03-05,27.07,38.8,38.8250319284802,mid,mid,2011-06-28,false
2018-03-06,27.46,40.1,40.14039566049777,mid,mid,2011-06-28,false
2018-03-07,27.2,39.1,39.09438775510204,mid,mid,2011-06-28,false
2018-03-08,27.39,39.7,39.7068196303378,mid,mid,2011-06-28,false
2018-03-09,27.73,41.3,41.33757961783439,mid,mid,2011-06-28,false
2018-03-12,28.12,43,42.96626352641629,mid,mid,2011-06-28,false
2018-03-13,27.92,42.2,42.17557251908397,mid,mid,2011-06-28,false
2018-03-14,27.65,40.8,40.81373172282263,mid,mid,2011-06-28,false
2018-03-15,27.6,40.7,40.66073697585769,mid,mid,2011-06-28,false
2018-03-16,27.45,39.9,39.93650793650794,mid,mid,2011-06-28,false
2018-03-19,27.46,40.2,40.16497461928934,mid,mid,2011-06-28,false
2018-03-20,27.52,40.4,40.393151553582754,mid,mid,2011-06-28,false
2018-03-21,27.28,39.2,39.163498098859314,mid,mid,2011-06-28,false
2018-03-22,27.14,38.6,38.632045598480055,mid,mid,2011-06-28,false
2018-03-23,25.75,30.8,30.82278481012658,mid,mid,2011-06-28,false
2018-03-26,26.24,34.2,34.15559772296015,mid,mid,2011-06-28,false
2018-03-27,26.79,37.5,37.54740834386852,mid,mid,2011-06-28,false
2018-03-28,26.51,35.9,35.881238155401135,mid,mid,2011-06-28,false
2018-03-29,26.79,37.6,37.62626262626262,mid,mid,2011-06-28,false
2018-03-30,27.13,38.8,38.801261829652994,mid,mid,2011-06-28,false
2018-04-02,27.18,39.1,39.09205548549811,mid,mid,2011-06-28,false
2018-04-03,26.92,38.1,38.05923125393825,mid,mid,2011-06-28,false
2018-04-04,26.74,37,37.02770780856423,mid,mid,2011-06-28,false
2018-04-09,26.76,37.2,37.19320327249843,mid,mid,2011-06-28,false
2018-04-10,26.95,38.4,38.42767295597484,mid,mid,2011-06-28,false
2018-04-11,27.01,38.6,38.59208045254557,mid,mid,2011-06-28,false
2018-04-12,26.86,37.9,37.93969849246231,mid,mid,2011-06-28,false
2018-04-13,26.76,37.2,37.162586315128685,mid,mid,2011-06-28,false
2018-04-16,26.66,36.6,36.57465495608532,mid,mid,2011-06-28,false
2018-04-17,26.13,32.9,32.85266457680251,mid,mid,2011-06-28,false
2018-04-18,26.45,35.3,35.27568922305765,mid,mid,2011-06-28,false
2018-04-19,26.6,36.1,36.067626800250466,mid,mid,2011-06-28,false
2018-04-20,26.06,32.4,32.35294117647059,mid,mid,2011-06-28,false
2018-04-23,25.82,31.3,31.269543464665418,mid,mid,2011-06-28,false
2018-04-24,26.4,35,35,mid,mid,2011-06-28,false
2018-04-25,26.41,35.1,35.10306058713304,mid,mid,2011-06-28,false
2018-04-26,25.88,31.6,31.647940074906366,mid,mid,2011-06-28,false
2018-04-27,25.95,31.9,31.877729257641924,mid,mid,2011-06-28,false
2018-05-02,23.53,9.4,9.351620947630924,low,mid,2011-06-28,false
2018-05-03,23.76,11,11.02803738317757,low,mid,2011-06-28,false
2018-05-04,23.73,11,10.95890410958904,low,mid,2011-06-28,false
2018-05-07,24.17,14.3,14.250155569383946,low,mid,2011-06-28,false
2018-05-08,24.27,14.8,14.800995024875622,low,low,2011-06-28,false
2018-05-09,24.21,14.4,14.418893722809198,low,low,2011-06-28,false
2018-05-10,24.28,14.9,14.906832298136646,low,low,2011-06-28,false
2018-05-11,24.07,13.6,13.594040968342643,low,low,2011-06-28,false
2018-05-14,23.99,13,13.027295285359802,low,low,2011-06-28,false
2018-05-15,24.14,14.1,14.07315561066336,low,low,2011-06-28,false
2018-05-16,24.09,13.8,13.754646840148698,low,low,2011-06-28,false
2018-05-17,23.86,12.1,12.136222910216718,low,low,2011-06-28,false
2018-05-18,23.96,12.9,12.871287128712872,low,low,2011-06-28,false
2018-05-21,24.26,15.1,15.089672232529376,low,low,2011-06-28,false
2018-05-22,24.34,15.3,15.327564894932014,low,low,2011-06-28,false
2018-05-23,24,13.2,13.156269302038295,low,low,2011-06-28,false
2018-05-24,23.83,11.9,11.913580246913579,low,low,2011-06-28,false
2018-05-25,23.52,9,9.006785934608267,low,low,2011-06-28,false
2018-05-28,23.39,8.3,8.261405672009865,low,low,2011-06-28,false
2018-05-29,23.17,6.7,6.715958102279728,low,low,2011-06-28,false
2018-05-30,22.43,3.9,3.9408866995073892,low,low,2011-06-28,false
2018-05-31,22.7,5,4.984615384615385,low,low,2011-06-28,false
2018-06-01,22.42,3.9,3.936039360393604,low,low,2011-06-28,false
2018-06-04,22.42,4,3.995082974800246,low,low,2011-06-28,false
2018-06-05,22.79,5.3,5.343980343980344,low,low,2011-06-28,false
2018-06-06,22.74,5.3,5.2793124616329035,low,low,2011-06-28,false
2018-06-07,22.6,4.8,4.846625766871165,low,low,2011-06-28,false
2018-06-08,22.34,3.3,3.310852237890864,low,low,2011-06-28,false
2018-06-11,22.58,4.7,4.7181372549019605,low,low,2011-06-28,false
2018-06-12,22.82,5.8,5.817513778322106,low,low,2011-06-28,false
2018-06-13,22.37,3.6,3.610771113831089,low,low,2011-06-28,false
2018-06-14,22.27,3.1,3.058103975535168,low,low,2011-06-28,false
2018-06-15,21.89,2,1.9559902200488997,low,low,2011-06-28,false
2018-06-18,21.89,2,2.0158827122785583,low,low,2011-06-28,false
2018-06-19,20.53,0.4,0.4273504273504274,low,low,2011-06-28,false
2018-06-20,20.76,0.5,0.5491153142159854,low,low,2011-06-28,false
2018-06-21,20.32,0.4,0.3658536585365854,low,low,2011-06-28,false
2018-06-22,20.53,0.5,0.5484460694698354,low,low,2011-06-28,false
2018-06-25,20.39,0.5,0.48721071863580995,low,low,2011-06-28,false
2018-06-26,20.5,0.5,0.5477784540474742,low,low,2011-06-28,false
2018-06-27,20.28,0.4,0.36496350364963503,low,low,2011-06-28,false
2018-06-28,20.05,0.2,0.182370820668693,low,low,2011-06-28,false
2018-06-29,20.67,0.9,0.850546780072904,low,low,2011-06-28,false
2018-07-02,20.35,0.5,0.546448087431694,low,low,2011-06-28,false
2018-07-03,20.56,0.9,0.9101941747572815,low,low,2011-06-28,false
2018-07-04,20.26,0.4,0.3638568829593693,low,low,2011-06-28,false
2018-07-05,19.72,0.1,0.12121212121212122,low,low,2011-06-28,false
2018-07-06,19.75,0.2,0.18170805572380377,low,low,2011-06-28,false
2018-07-09,20.2,0.5,0.48426150121065376,low,low,2011-06-28,false
2018-07-10,20.33,0.8,0.7864488808227466,low,low,2011-06-28,false
2018-07-11,19.96,0.3,0.3022974607013301,low,low,2011-06-28,false
2018-07-12,20.49,1.1,1.0876132930513596,low,low,2011-06-28,false
2018-07-13,20.61,1.4,1.3888888888888888,low,low,2011-06-28,false
2018-07-16,20.6,1.4,1.388050694025347,low,low,2011-06-28,false
2018-07-17,20.58,1.4,1.3872135102533172,low,low,2011-06-28,false
2018-07-18,20.43,1.1,1.0849909584086799,low,low,2011-06-28,false
2018-07-19,20.26,0.7,0.6626506024096386,low,low,2011-06-28,false
2018-07-20,20.51,1.3,1.3245033112582782,low,low,2011-06-28,false
2018-07-23,20.66,1.7,1.7448856799037304,low,low,2011-06-28,false
2018-07-24,21.02,2.3,2.285027059530968,low,low,2011-06-28,false
2018-07-25,21.02,2.3,2.34375,low,low,2011-06-28,false
2018-07-26,20.87,2.1,2.1021021021021022,low,low,2011-06-28,false
2018-07-27,20.79,2,1.9807923169267705,low,low,2011-06-28,false
2018-07-30,20.54,1.5,1.4997000599880024,low,low,2011-06-28,false
2018-07-31,20.56,1.6,1.618705035971223,low,low,2011-06-28,false
2018-08-01,20.23,0.6,0.5991611743559018,low,low,2011-06-28,false
2018-08-02,19.78,0.2,0.23952095808383234,low,low,2011-06-28,false
2018-08-03,19.54,0.1,0.11968880909634949,low,low,2011-06-28,false
2018-08-06,19.12,0.1,0.11961722488038277,low,low,2011-06-28,false
2018-08-07,19.63,0.2,0.23909145248057379,low,low,2011-06-28,false
2018-08-08,19.33,0.2,0.17921146953405018,low,low,2011-06-28,false
2018-08-09,19.82,0.5,0.5373134328358209,low,low,2011-06-28,false
2018-08-10,19.86,0.6,0.5966587112171837,low,low,2011-06-28,false
2018-08-13,19.96,0.8,0.7751937984496124,low,low,2011-06-28,false
2018-08-14,19.89,0.7,0.6555423122765197,low,low,2011-06-28,false
2018-08-15,19.47,0.2,0.23823704586063135,low,low,2011-06-28,false
2018-08-16,19.29,0.2,0.17857142857142858,low,low,2011-06-28,false
2018-08-17,18.97,0.1,0.1189767995240928,low,low,2011-06-28,false
2018-08-20,19.08,0.2,0.178359096313912,low,low,2011-06-28,false
2018-08-21,19.32,0.4,0.35650623885918004,low,low,2011-06-28,false
2018-08-22,19.1,0.2,0.23752969121140144,low,low,2011-06-28,false
2018-08-23,19.19,0.4,0.35608308605341243,low,low,2011-06-28,false
2018-08-24,19.14,0.4,0.3558718861209964,low,low,2011-06-28,false
2018-08-27,19.56,0.8,0.7705986959098993,low,low,2011-06-28,false
2018-08-28,19.59,0.8,0.8293838862559242,low,low,2011-06-28,false
2018-08-29,19.46,0.7,0.6512729425695678,low,low,2011-06-28,false
2018-08-30,19.17,0.4,0.41420118343195267,low,low,2011-06-28,false
2018-08-31,18.96,0.1,0.11827321111768185,low,low,2011-06-28,false
2018-09-03,18.65,0.1,0.1182033096926714,low,low,2011-06-28,false
2018-09-04,18.84,0.2,0.1772002362669817,low,low,2011-06-28,false
2018-09-05,18.53,0.1,0.11806375442739078,low,low,2011-06-28,false
2018-09-06,18.44,0.1,0.11799410029498525,low,low,2011-06-28,false
2018-09-07,18.44,0.2,0.1768867924528302,low,low,2011-06-28,false
2018-09-10,18.11,0.1,0.11785503830288745,low,low,2011-06-28,false
2018-09-11,18.1,0.1,0.11778563015312131,low,low,2011-06-28,false
2018-09-12,18.06,0.1,0.11771630370806356,low,low,2011-06-28,false
2018-09-13,18.17,0.3,0.29411764705882354,low,low,2011-06-28,false
2018-09-14,17.99,0.1,0.11757789535567313,low,low,2011-06-28,false
2018-09-17,17.72,0.1,0.11750881316098707,low,low,2011-06-28,false
2018-09-18,18.04,0.2,0.23487962419260128,low,low,2011-06-28,false
2018-09-19,18.25,0.5,0.528169014084507,low,low,2011-06-28,false
2018-09-20,18.25,0.6,0.5865102639296188,low,low,2011-06-28,false
2018-09-21,18.52,0.8,0.7620164126611958,low,low,2011-06-28,false
2018-09-25,18.48,0.8,0.7615700058582308,low,low,2011-06-28,false
2018-09-26,18.57,0.9,0.936768149882904,low,low,2011-06-28,false
2018-09-27,18.36,0.6,0.6436512580456407,low,low,2011-06-28,false
2018-09-28,18.53,1,0.9941520467836258,low,low,2011-06-28,false
2018-10-08,17.95,0.2,0.17533606078316774,low,low,2011-06-28,false
2018-10-09,17.89,0.2,0.17523364485981308,low,low,2011-06-28,false
2018-10-10,17.88,0.2,0.17513134851138354,low,low,2011-06-28,false
2018-10-11,16.68,0.1,0.11668611435239205,low,low,2011-06-28,false
2018-10-12,16.6,0.1,0.11661807580174927,low,low,2011-06-28,false
2018-10-15,16.31,0.1,0.11655011655011654,low,low,2011-06-28,false
2018-10-16,15.91,0.1,0.11648223645894001,low,low,2011-06-28,false
2018-10-17,16.02,0.2,0.17462165308498254,low,low,2011-06-28,false
2018-10-18,15.6,0.1,0.11634671320535195,low,low,2011-06-28,false
2018-10-19,16.03,0.3,0.29069767441860467,low,low,2011-06-28,false
2018-10-22,16.83,0.5,0.5229517722254503,low,low,2011-06-28,false
2018-10-23,16.52,0.4,0.40650406504065045,low,low,2011-06-28,false
2018-10-24,16.49,0.4,0.4062681369704005,low,low,2011-06-28,false
2018-10-25,16.45,0.4,0.40603248259860786,low,low,2011-06-28,false
2018-10-26,16.43,0.4,0.4057971014492754,low,low,2011-06-28,false
2018-10-29,16.15,0.3,0.34762456546929316,low,low,2011-06-28,false
2018-10-30,16.31,0.5,0.4632310364794441,low,low,2011-06-28,false
2018-10-31,16.58,0.8,0.7523148148148148,low,low,2011-06-28,false
2018-11-01,16.59,0.8,0.8097165991902834,low,low,2011-06-28,false
2018-11-02,17.14,1,1.0404624277456647,low,low,2011-06-28,false
2018-11-05,17.14,1.1,1.0976314269208551,low,low,2011-06-28,false
2018-11-06,17.14,1.2,1.1547344110854503,low,low,2011-06-28,false
2018-11-07,17.06,1,1.03866128101558,low,low,2011-06-28,false
2018-11-08,16.94,1,1.0380622837370241,low,low,2011-06-28,false
2018-11-09,16.9,1,1.037463976945245,low,low,2011-06-28,false
2018-11-12,17.33,1.4,1.3824884792626728,low,low,2011-06-28,false
2018-11-13,17.62,1.4,1.4392630972941853,low,low,2011-06-28,false
2018-11-14,17.55,1.4,1.4384349827387801,low,low,2011-06-28,false
2018-11-15,17.83,1.6,1.6101207590569295,low,low,2011-06-28,false
2018-11-16,17.97,1.8,1.839080459770115,low,low,2011-06-28,false
2018-11-19,18.02,2,1.9529006318207927,low,low,2011-06-28,false
2018-11-20,17.51,1.4,1.4351320321469576,low,low,2011-06-28,false
2018-11-21,17.58,1.5,1.549053356282272,low,low,2011-06-28,false
2018-11-22,17.57,1.5,1.548165137614679,low,low,2011-06-28,false
2018-11-23,16.91,1.1,1.0888252148997135,low,low,2011-06-28,false
2018-11-26,16.88,1,1.0309278350515463,low,low,2011-06-28,false
2018-11-27,16.95,1.3,1.2593016599885518,low,low,2011-06-28,false
2018-11-28,17.16,1.5,1.5446224256292906,low,low,2011-06-28,false
2018-11-29,16.81,1,0.9719839908519153,low,low,2011-06-28,false
2018-11-30,16.93,1.3,1.2571428571428571,low,low,2011-06-28,false
2018-12-03,17.46,1.8,1.770416904625928,low,low,2011-06-28,false
2018-12-04,17.53,1.9,1.8835616438356164,low,low,2011-06-28,false
2018-12-05,17.4,1.8,1.7683970336565886,low,low,2011-06-28,false
2018-12-06,17.05,1.4,1.4253135689851768,low,low,2011-06-28,false
2018-12-07,17.06,1.5,1.5384615384615385,low,low,2011-06-28,false
2018-12-10,16.87,1.1,1.082004555808656,low,low,2011-06-28,false
2018-12-11,17.01,1.5,1.479795105293113,low,low,2011-06-28,false
2018-12-12,17.01,1.5,1.5358361774744027,low,low,2011-06-28,false
2018-12-13,17.21,2,1.9897669130187607,low,low,2011-06-28,false
2018-12-14,16.82,1,1.0227272727272727,low,low,2011-06-28,false
2018-12-17,16.09,0.3,0.34071550255536626,low,low,2011-06-28,false
2018-12-18,16.01,0.2,0.22701475595913734,low,low,2011-06-28,false
2018-12-19,15.81,0.2,0.17016449234259784,low,low,2011-06-28,false
2018-12-20,15.85,0.2,0.22675736961451248,low,low,2011-06-28,false
2018-12-21,15.75,0.2,0.16997167138810199,low,low,2011-06-28,false
2018-12-24,15.92,0.4,0.39637599093997733,low,low,2011-06-28,false
2018-12-25,15.75,0.2,0.22637238256932654,low,low,2011-06-28,false
2018-12-26,15.69,0.2,0.16968325791855204,low,low,2011-06-28,false
2018-12-27,15.53,0.1,0.11305822498586772,low,low,2011-06-28,false
2018-12-28,15.55,0.2,0.1694915254237288,low,low,2011-06-28,false
2019-01-02,15.4,0.1,0.1129305477131564,low,low,2011-06-28,false
2019-01-03,15.32,0.1,0.1128668171557562,low,low,2011-06-28,false
2019-01-04,15.66,0.4,0.39481105470953193,low,low,2011-06-28,false
2019-01-07,15.94,0.8,0.8455467869222096,low,low,2011-06-28,false
2019-01-08,15.9,0.7,0.7323943661971831,low,low,2011-06-28,false
2019-01-09,15.95,1,0.9572072072072071,low,low,2011-06-28,false
2019-01-10,15.93,0.9,0.9003939223410242,low,low,2011-06-28,false
2019-01-11,16.04,1.2,1.2373453318335208,low,low,2011-06-28,false
2019-01-14,15.94,1,1.0118043844856661,low,low,2011-06-28,false
2019-01-15,16.17,1.5,1.4606741573033708,low,low,2011-06-28,false
2019-01-16,16.14,1.4,1.403705783267827,low,low,2011-06-28,false
2019-01-17,16.01,1.2,1.1784511784511784,low,low,2011-06-28,false
2019-01-18,16.18,1.6,1.6264722378014584,low,low,2011-06-28,false
2019-01-21,16.29,1.7,1.6816143497757847,low,low,2011-06-28,false
2019-01-22,16.05,1.4,1.400560224089636,low,low,2011-06-28,false
2019-01-23,16.09,1.5,1.5117581187010078,low,low,2011-06-28,false
2019-01-24,16.18,1.8,1.790710688304421,low,low,2011-06-28,false
2019-01-25,16.13,1.6,1.5659955257270695,low,low,2011-06-28,false
2019-01-28,16.1,1.6,1.5651201788708775,low,low,2011-06-28,false
2019-01-29,15.92,0.9,0.8938547486033519,low,low,2011-06-28,false
2019-01-30,15.76,0.6,0.6141820212171971,low,low,2011-06-28,false
2019-01-31,15.65,0.4,0.390625,low,low,2011-06-28,false
2019-02-01,16.09,1.7,1.7289459007250418,low,low,2011-06-28,false
2019-02-11,16.48,2.5,2.4526198439241917,low,low,2011-06-28,false
2019-02-12,16.61,2.8,2.785515320334262,low,low,2011-06-28,false
2019-02-13,16.87,3.1,3.11804008908686,low,low,2011-06-28,false
2019-02-14,16.95,3.5,3.5058430717863103,low,low,2011-06-28,false
2019-02-15,16.83,3.1,3.0589543937708563,low,low,2011-06-28,false
2019-02-18,17.41,4.3,4.280155642023346,low,low,2011-06-28,false
2019-02-19,17.4,4.3,4.277777777777778,low,low,2011-06-28,false
2019-02-20,17.39,4.2,4.21987784564131,low,low,2011-06-28,false
2019-02-21,17.36,4.2,4.217536071032186,low,low,2011-06-28,false
2019-02-22,17.77,4.9,4.936217415418747,low,low,2011-06-28,false
2019-02-25,18.75,6.3,6.263858093126386,low,low,2011-06-28,false
2019-02-26,18.76,6.3,6.315789473684211,low,low,2011-06-28,false
2019-02-27,18.7,6.3,6.256921373200443,low,low,2011-06-28,false
2019-02-28,18.73,6.3,6.30879911455451,low,low,2011-06-28,false
2019-03-01,18.89,6.5,6.526548672566372,low,low,2011-06-28,false
2019-03-04,19.21,7,7.020453289110005,low,low,2011-06-28,false
2019-03-05,19.68,7.6,7.569060773480663,low,low,2011-06-28,false
2019-03-06,19.99,8.1,8.117062396466041,low,low,2011-06-28,false
2019-03-07,20.2,8.4,8.388520971302428,low,low,2011-06-28,false
2019-03-08,19.42,7.2,7.225592939878654,low,low,2011-06-28,false
2019-03-11,20.21,8.5,8.489525909592063,low,low,2011-06-28,false
2019-03-12,20.57,9.6,9.586776859504132,low,low,2011-06-28,false
2019-03-13,20.14,8.3,8.314977973568281,low,low,2011-06-28,false
2019-03-14,19.71,7.6,7.649972482113373,low,low,2011-06-28,false
2019-03-15,19.95,8.1,8.085808580858085,low,low,2011-06-28,false
2019-03-18,20.47,9.3,9.290819131390874,low,low,2011-06-28,false
2019-03-19,20.55,9.7,9.670329670329672,low,low,2011-06-28,false
2019-03-20,20.53,9.6,9.610104338275672,low,low,2011-06-28,false
2019-03-21,20.79,10.4,10.373216245883645,low,low,2011-06-28,false
2019-03-22,20.93,10.8,10.75150850246846,low,low,2011-06-28,false
2019-03-25,20.65,10.1,10.087719298245613,low,low,2011-06-28,false
2019-03-26,20.1,8.4,8.383561643835616,low,low,2011-06-28,false
2019-03-27,20.33,9.1,9.090909090909092,low,low,2011-06-28,false
2019-03-28,19.99,8.3,8.264915161466886,low,low,2011-06-28,false
2019-03-29,20.64,10.2,10.22975929978118,low,low,2011-06-28,false
2019-04-01,21.41,11.4,11.372334609075997,low,low,2011-06-28,false
2019-04-02,21.47,11.5,11.475409836065573,low,low,2011-06-28,false
2019-04-03,21.7,11.9,11.90606226105953,low,low,2011-06-28,false
2019-04-04,21.83,12.3,12.281659388646288,low,low,2011-06-28,false
2019-04-05,21.83,12.3,12.329514457174032,low,low,2011-06-28,false
2019-04-08,21.73,12,11.995637949836423,low,low,2011-06-28,false
2019-04-09,21.78,12.2,12.20708446866485,low,low,2011-06-28,false
2019-04-10,21.76,12.1,12.145969498910675,low,low,2011-06-28,false
2019-04-11,21.31,11.2,11.15949918345128,low,low,2011-06-28,false
2019-04-12,21.25,11.2,11.153427638737758,low,low,2011-06-28,false
2019-04-15,21.05,11.1,11.092985318107667,low,low,2011-06-28,false
2019-04-16,21.49,11.7,11.73913043478261,low,low,2011-06-28,false
2019-04-17,21.58,11.8,11.787072243346007,low,low,2011-06-28,false
2019-04-18,21.47,11.6,11.617806731813246,low,low,2011-06-28,false
2019-04-19,21.59,11.9,11.882799782962561,low,low,2011-06-28,false
2019-04-22,21.25,11.2,11.225596529284164,low,low,2011-06-28,false
2019-04-23,20.94,10.9,10.948509485094851,low,low,2011-06-28,false
2019-04-24,21.1,11.2,11.159263271939327,low,low,2011-06-28,false
2019-04-25,20.28,8.9,8.933405522468869,low,low,2011-06-28,false
2019-04-26,20.09,8.3,8.333333333333332,low,low,2011-06-28,false
2019-04-29,19.62,7.4,7.409410492157924,low,low,2011-06-28,false
2019-04-30,19.77,7.7,7.72972972972973,low,low,2011-06-28,false
2019-05-01,19.77,7.8,7.779578606158834,low,low,2011-06-28,false
2019-05-02,19.77,7.8,7.829373650107992,low,low,2011-06-28,false
2019-05-03,19.77,7.9,7.879114948731786,low,low,2011-06-28,false
2019-05-06,19.46,7.2,7.1736785329018335,low,low,2011-06-28,false
2019-05-07,19.73,7.7,7.708894878706199,low,low,2011-06-28,false
2019-05-08,19.61,7.4,7.435344827586207,low,low,2011-06-28,false
2019-05-09,19.38,7.1,7.054388799138395,low,low,2011-06-28,false
2019-05-10,20.07,8.7,8.719052744886975,low,low,2011-06-28,false
2019-05-13,19.79,8.2,8.176438945669714,low,low,2011-06-28,false
2019-05-14,19.63,7.6,7.634408602150537,low,low,2011-06-28,false
2019-05-15,20.07,8.9,8.866200967221923,low,low,2011-06-28,false
2019-05-16,20.16,9.2,9.183673469387756,low,low,2011-06-28,false
2019-05-17,19.5,7.3,7.3000536768652715,low,low,2011-06-28,false
2019-05-20,19.4,7.1,7.081545064377683,low,low,2011-06-28,false
2019-05-21,19.72,7.9,7.935656836461126,low,low,2011-06-28,false
2019-05-22,19.41,7.1,7.127545551982852,low,low,2011-06-28,false
2019-05-23,19.02,6.5,6.480985538296732,low,low,2011-06-28,false
2019-05-24,18.92,6.4,6.370449678800856,low,low,2011-06-28,false
2019-05-27,19.37,7.1,7.116104868913857,low,low,2011-06-28,false
2019-05-28,19.34,7.1,7.112299465240642,low,low,2011-06-28,false
2019-05-29,19.32,7.1,7.055050774986638,low,low,2011-06-28,false
2019-05-30,19.2,6.9,6.891025641025641,low,low,2011-06-28,false
2019-05-31,19.17,6.8,6.833956219967965,low,low,2011-06-28,false
2019-06-03,18.86,6.3,6.296691568836713,low,low,2011-06-28,false
2019-06-04,18.62,6,5.973333333333334,low,low,2011-06-28,false
2019-06-05,18.56,5.9,5.91684434968017,low,low,2011-06-28,false
2019-06-06,18.16,5.4,5.380927011188066,low,low,2011-06-28,false
2019-06-07,18.16,5.4,5.431309904153355,low,low,2011-06-28,false
2019-06-10,18.31,5.6,5.64129856306546,low,low,2011-06-28,false
2019-06-11,18.95,6.7,6.702127659574468,low,low,2011-06-28,false
2019-06-12,18.77,6.5,6.485911749069643,low,low,2011-06-28,false
2019-06-13,18.67,6.3,6.269925611052073,low,low,2011-06-28,false
2019-06-14,18.37,5.7,5.735528412108338,low,low,2011-06-28,false
2019-06-17,18.66,6.3,6.316348195329087,low,low,2011-06-28,false
2019-06-18,18.61,6.2,6.206896551724138,low,low,2011-06-28,false
2019-06-19,18.86,6.8,6.839872746553552,low,low,2011-06-28,false
2019-06-20,19.22,7.7,7.684154742978272,low,low,2011-06-28,false
2019-06-21,19.47,8.4,8.421610169491526,low,low,2011-06-28,false
2019-06-24,19.47,8.5,8.470089994706195,low,low,2011-06-28,false
2019-06-25,19.29,7.8,7.777777777777778,low,low,2011-06-28,false
2019-06-26,19.26,7.7,7.720782654680064,low,low,2011-06-28,false
2019-06-27,19.43,8.4,8.350951374207188,low,low,2011-06-28,false
2019-06-28,19.21,7.7,7.659799260433175,low,low,2011-06-28,false
2019-07-01,19.73,9.4,9.398099260823653,low,low,2011-06-28,false
2019-07-02,19.67,9.1,9.129287598944591,low,low,2011-06-28,false
2019-07-03,19.49,8.7,8.702531645569621,low,low,2011-06-28,false
2019-07-04,19.4,8.3,8.276225619399051,low,low,2011-06-28,false
2019-07-05,19.29,7.9,7.903055848261328,low,low,2011-06-28,false
2019-07-08,18.63,6.3,6.266456029489205,low,low,2011-06-28,false
2019-07-09,18.66,6.4,6.421052631578947,low,low,2011-06-28,false
2019-07-10,18.51,5.9,5.891635981062598,low,low,2011-06-28,false
2019-07-11,18.51,5.9,5.94111461619348,low,low,2011-06-28,false
2019-07-12,18.59,6.3,6.25328428796637,low,low,2011-06-28,false
2019-07-15,18.81,6.9,6.932773109243698,low,low,2011-06-28,false
2019-07-16,18.82,7,6.981627296587926,low,low,2011-06-28,false
2019-07-17,18.8,6.9,6.925498426023085,low,low,2011-06-28,false
2019-07-18,18.48,5.9,5.873099108547457,low,low,2011-06-28,false
2019-07-19,18.68,6.7,6.708595387840671,low,low,2011-06-28,false
2019-07-22,18.32,5.6,5.605028810895757,low,low,2011-06-28,false
2019-07-23,18.49,6,5.968586387434556,low,low,2011-06-28,false
2019-07-24,18.67,6.8,6.802721088435375,low,low,2011-06-28,false
2019-07-25,18.74,7,7.00836820083682,low,low,2011-06-28,false
2019-07-26,18.78,7.2,7.2138003136434925,low,low,2011-06-28,false
2019-07-29,18.76,7.2,7.157784743991641,low,low,2011-06-28,false
2019-07-30,18.86,7.6,7.624020887728459,low,low,2011-06-28,false
2019-07-31,18.78,7.3,7.306889352818372,low,low,2011-06-28,false
2019-08-01,18.65,6.6,6.624934793948878,low,low,2011-06-28,false
2019-08-02,18.42,5.7,5.735140771637122,low,low,2011-06-28,false
2019-08-05,18.19,5.4,5.419489317352788,low,low,2011-06-28,false
2019-08-06,17.81,4.7,4.6875,low,low,2011-06-28,false
2019-08-07,17.71,4.6,4.580947423217074,low,low,2011-06-28,false
2019-08-08,17.82,4.8,4.786680541103017,low,low,2011-06-28,false
2019-08-09,17.63,4.6,4.5761830473218925,low,low,2011-06-28,false
2019-08-12,17.95,5.1,5.093555093555094,low,low,2011-06-28,false
2019-08-13,17.84,4.9,4.935064935064935,low,low,2011-06-28,false
2019-08-14,17.95,5.2,5.192107995846314,low,low,2011-06-28,false
2019-08-15,18.03,5.4,5.396990140114167,low,low,2011-06-28,false
2019-08-16,18.09,5.5,5.549792531120332,low,low,2011-06-28,false
2019-08-19,18.67,7.4,7.413167444271643,low,low,2011-06-28,false
2019-08-20,18.66,7.3,7.305699481865285,low,low,2011-06-28,false
2019-08-21,18.71,7.6,7.612635939927499,low,low,2011-06-28,false
2019-08-22,18.71,7.7,7.6604554865424435,low,low,2011-06-28,false
2019-08-23,18.71,7.7,7.708225556130367,low,low,2011-06-28,false
2019-08-26,18.58,6.9,6.876938986556359,low,low,2011-06-28,false
2019-08-27,18.87,8.6,8.578811369509044,low,low,2011-06-28,false
2019-08-28,18.81,8.3,8.316115702479339,low,low,2011-06-28,false
2019-08-29,18.84,8.5,8.466701084150749,low,low,2011-06-28,false
2019-08-30,18.67,7.5,7.533539731682147,low,low,2011-06-28,false
2019-09-02,19.75,11.6,11.552346570397113,low,low,2011-06-28,false
2019-09-03,19.88,12,12.010309278350515,low,low,2011-06-28,false
2019-09-04,20.06,12.5,12.467800103039671,low,low,2011-06-28,false
2019-09-05,20.24,13.1,13.130792996910401,low,low,2011-06-28,false
2019-09-06,20.29,13.4,13.432835820895523,low,low,2011-06-28,false
2019-09-09,20.69,14.8,14.814814814814813,low,low,2011-06-28,false
2019-09-10,20.63,14.6,14.601542416452443,low,low,2011-06-28,false
2019-09-11,20.53,14.2,14.182939362795477,low,low,2011-06-28,false
2019-09-12,20.61,14.6,14.637904468412943,low,low,2011-06-28,false
2019-09-13,20.61,14.7,14.681724845995895,low,low,2011-06-28,false
2019-09-16,20.63,14.8,14.77680861980503,low,low,2011-06-28,false
2019-09-17,20.24,13.1,13.128205128205128,low,low,2011-06-28,false
2019-09-18,20.26,13.3,13.2752434648898,low,low,2011-06-28,false
2019-09-19,20.45,13.9,13.883196721311474,low,low,2011-06-28,false
2019-09-20,20.52,14.1,14.132104454685098,low,low,2011-06-28,false
2019-09-23,20.39,13.8,13.817809621289662,low,low,2011-06-28,false
2019-09-24,20.44,13.9,13.91304347826087,low,low,2011-06-28,false
2019-09-25,20.09,12.6,12.627811860940696,low,low,2011-06-28,false
2019-09-26,19.66,11,11.037301992846194,low,low,2011-06-28,false
2019-09-27,19.77,11.7,11.746680286006129,low,low,2011-06-28,false
2019-09-30,19.53,10.7,10.668708524757529,low,low,2011-06-28,false
2019-10-01,19.53,10.7,10.714285714285714,low,low,2011-06-28,false
2019-10-02,19.53,10.8,10.759816420193777,low,low,2011-06-28,false
2019-10-03,19.53,10.8,10.805300713557594,low,low,2011-06-28,false
2019-10-04,19.53,10.9,10.850738665308201,low,low,2011-06-28,false
2019-10-07,19.53,10.9,10.896130346232178,low,low,2011-06-28,false
2019-10-08,19.54,11,10.992366412213741,low,low,2011-06-28,false
2019-10-09,19.71,11.5,11.546286876907425,low,low,2011-06-28,false
2019-10-10,19.97,12.7,12.65887137773259,low,low,2011-06-28,false
2019-10-11,20,12.8,12.804878048780488,low,low,2011-06-28,false
2019-10-14,20.3,14.1,14.068054850177756,low,low,2011-06-28,false
2019-10-15,20.05,12.9,12.893401015228426,low,low,2011-06-28,false
2019-10-16,19.97,12.7,12.683916793505833,low,low,2011-06-28,false
2019-10-17,19.93,12.5,12.474645030425965,low,low,2011-06-28,false
2019-10-18,19.66,11.4,11.353269133299545,low,low,2011-06-28,false
2019-10-21,19.61,11.1,11.144883485309018,low,low,2011-06-28,false
2019-10-22,19.82,12.4,12.354430379746836,low,low,2011-06-28,false
2019-10-23,19.65,11.3,11.336032388663968,low,low,2011-06-28,false
2019-10-24,19.62,11.2,11.229135053110774,low,low,2011-06-28,false
2019-10-25,19.76,12,12.032355915065724,low,low,2011-06-28,false
2019-10-28,20.06,13.3,13.340070742799393,low,low,2011-06-28,false
2019-10-29,19.79,12.4,12.424242424242424,low,low,2011-06-28,false
2019-10-30,19.58,11,11.00454316002019,low,low,2011-06-28,false
2019-10-31,19.49,10.5,10.494450050454086,low,low,2011-06-28,false
2019-11-01,20.11,13.8,13.817448310640442,low,low,2011-06-28,false
2019-11-04,20.21,14.2,14.163306451612904,low,low,2011-06-28,false
2019-11-05,20.46,15.3,15.264483627204031,low,low,2011-06-28,false
2019-11-06,20.27,14.6,14.551863041289023,low,low,2011-06-28,false
2019-11-07,20.39,15.1,15.148465022647207,low,low,2011-06-28,false
2019-11-08,20.31,14.8,14.788732394366196,low,low,2011-06-28,false
2019-11-11,19.89,12.8,12.770236299648063,low,low,2011-06-28,false
2019-11-12,19.9,12.8,12.814070351758794,low,low,2011-06-28,false
2019-11-13,19.92,12.9,12.908086388749373,low,low,2011-06-28,false
2019-11-14,20.06,13.6,13.60441767068273,low,low,2011-06-28,false
2019-11-15,19.89,12.8,12.794781736076267,low,low,2011-06-28,false
2019-11-18,19.99,13.4,13.390170511534604,low,low,2011-06-28,false
2019-11-19,20.32,15.1,15.137844611528822,low,low,2011-06-28,false
2019-11-20,20.18,14.2,14.228456913827655,low,low,2011-06-28,false
2019-11-21,20.19,14.3,14.271407110665999,low,low,2011-06-28,false
2019-11-22,19.99,13.4,13.413413413413414,low,low,2011-06-28,false
2019-11-25,19.98,13.3,13.256628314157078,low,low,2011-06-28,false
2019-11-26,19.9,12.9,12.85,low,low,2011-06-28,false
2019-11-27,20,13.6,13.59320339830085,low,low,2011-06-28,false
2019-11-28,19.94,13,13.036963036963037,low,low,2011-06-28,false
2019-11-29,19.95,13.1,13.130304543185222,low,low,2011-06-28,false
2019-12-02,20,13.7,13.722554890219559,low,low,2011-06-28,false
2019-12-03,20.09,14.3,14.264339152119701,low,low,2011-06-28,false
2019-12-04,20.07,14.1,14.107676969092722,low,low,2011-06-28,false
2019-12-05,20.27,15.3,15.296462381664174,low,low,2011-06-28,false
2019-12-06,20.45,16.2,16.185258964143426,low,low,2011-06-28,false
2019-12-09,20.5,16.4,16.42608262817322,low,low,2011-06-28,false
2019-12-10,20.57,17,17.01492537313433,low,low,2011-06-28,false
2019-12-11,20.52,16.6,16.5589259075087,low,low,2011-06-28,false
2019-12-12,20.46,16.3,16.25248508946322,low,low,2011-06-28,false
2019-12-13,20.72,17.7,17.73472429210134,low,low,2011-06-28,false
2019-12-16,20.37,15.8,15.789473684210526,low,low,2011-06-28,false
2019-12-17,20.64,17.6,17.568238213399503,low,low,2011-06-28,false
2019-12-18,20.67,17.8,17.75793650793651,low,low,2011-06-28,false
2019-12-19,20.7,17.8,17.848289538919186,low,low,2011-06-28,false
2019-12-20,20.49,16.4,16.402378592666008,low,low,2011-06-28,false
2019-12-23,20.14,14.4,14.413075780089152,low,low,2011-06-28,false
2019-12-24,20.41,16,16.03960396039604,low,low,2011-06-28,false
2019-12-25,20.49,16.5,16.5264720435428,low,low,2011-06-28,false
2019-12-26,20.62,17.6,17.556874381800196,low,low,2011-06-28,false
2019-12-27,20.47,16.4,16.411270390509145,low,low,2011-06-28,false
2019-12-30,20.72,18.2,18.181818181818183,low,low,2011-06-28,false
2019-12-31,20.83,18.5,18.469135802469136,low,low,2011-06-28,false
2020-01-01,20.83,18.5,18.509378084896348,low,low,2011-06-28,false
2020-01-02,21.18,19.1,19.092254563394178,low,low,2011-06-28,false
2020-01-03,21.21,19.1,19.13214990138067,low,low,2011-06-28,false
2020-01-06,21.39,19.4,19.418432725480532,low,low,2011-06-28,false
2020-01-07,21.64,20.1,20.147783251231527,low,low,2011-06-28,false
2020-01-08,21.35,19.4,19.399310684391924,low,low,2011-06-28,false
2020-01-09,21.64,20.2,20.226377952755907,low,low,2011-06-28,false
2020-01-10,21.6,20,20.01967535661584,low,low,2011-06-28,false
2020-01-13,21.91,21.1,21.140609636184855,low,low,2011-06-28,false
2020-01-14,21.84,21,20.982800982800985,low,low,2011-06-28,false
2020-01-15,21.77,20.7,20.726915520628683,low,low,2011-06-28,false
2020-01-16,21.76,20.7,20.667648502700047,low,low,2011-06-28,false
2020-01-17,21.71,20.5,20.461236506378803,low,low,2011-06-28,false
2020-01-20,22.01,21.5,21.481118195193723,low,low,2011-06-28,false
2020-01-21,21.76,20.7,20.73529411764706,low,low,2011-06-28,false
2020-01-22,21.95,21.4,21.411073003429692,low,low,2011-06-28,false
2020-01-23,21.19,19,19.000979431929483,low,low,2011-06-28,false
2020-01-24,21.19,19,19.040626529613313,low,low,2011-06-28,false
2020-01-27,21.19,19.1,19.08023483365949,low,low,2011-06-28,false
2020-01-28,21.19,19.1,19.119804400977994,low,low,2011-06-28,false
2020-01-29,21.19,19.2,19.159335288367547,low,low,2011-06-28,false
2020-01-30,21.19,19.2,19.198827552515876,low,low,2011-06-28,false
2020-01-31,21.19,19.2,19.23828125,low,low,2011-06-28,false
2020-02-03,19.34,9.5,9.51683748169839,low,low,2011-06-28,false
2020-02-04,19.67,11.3,11.317073170731708,low,low,2011-06-28,false
2020-02-05,20.14,14.3,14.334470989761092,low,low,2011-06-28,false
2020-02-06,20.74,18.2,18.17738791423002,low,low,2011-06-28,false
2020-02-07,20.89,18.6,18.606916707257675,low,low,2011-06-28,false
2020-02-10,21.13,19.1,19.084712755598833,low,low,2011-06-28,false
2020-02-11,21.08,19,19.02676399026764,low,low,2011-06-28,false
2020-02-12,21.42,20.1,20.087548638132297,low,low,2011-06-28,false
2020-02-13,21.24,19.6,19.64025279533301,low,low,2011-06-28,false
2020-02-14,21.25,19.8,19.776482021379984,low,low,2011-06-28,false
2020-02-17,21.91,22,22.000971345313257,low,low,2011-06-28,false
2020-02-18,22.14,22.5,22.52427184466019,low,low,2011-06-28,false
2020-02-19,21.95,22.1,22.12518195050946,low,low,2011-06-28,false
2020-02-20,22.35,23.5,23.47235693501455,low,low,2011-06-28,false
2020-02-21,22.62,24.9,24.866698982064957,low,low,2011-06-28,false
2020-02-24,22.89,25.6,25.581395348837212,low,low,2011-06-28,false
2020-02-25,22.99,26,25.956416464891042,low,low,2011-06-28,false
2020-02-26,22.42,24,24.007744433688284,low,low,2011-06-28,false
2020-02-27,22.47,24.3,24.286405418480893,low,low,2011-06-28,false
2020-02-28,21.35,19.9,19.874274661508704,low,low,2011-06-28,false
2020-03-02,22.15,22.6,22.61962300628323,low,low,2011-06-28,false
2020-03-03,22.34,23.4,23.381642512077295,low,low,2011-06-28,false
2020-03-04,22.35,23.6,23.56349589570256,low,low,2011-06-28,false
2020-03-05,22.69,25.2,25.193050193050194,low,low,2011-06-28,false
2020-03-06,22.52,24.5,24.505547515677762,low,low,2011-06-28,false
2020-03-09,21.62,20.6,20.63645130183221,low,low,2011-06-28,false
2020-03-10,22.18,22.8,22.795180722891565,low,low,2011-06-28,false
2020-03-11,21.88,21.8,21.772639691714836,low,low,2011-06-28,false
2020-03-12,21.5,20.4,20.365912373615792,low,low,2011-06-28,false
2020-03-13,21.31,19.7,19.682386910490855,low,low,2011-06-28,false
2020-03-16,20.34,15.4,15.44011544011544,low,low,2011-06-28,false
2020-03-17,20.37,15.6,15.576923076923077,low,low,2011-06-28,false
2020-03-18,20.03,13.4,13.35896203748198,low,low,2011-06-28,false
2020-03-19,20.14,14.2,14.217098943323728,low,low,2011-06-28,false
2020-03-20,20.41,15.9,15.938550168026886,low,low,2011-06-28,false
2020-03-23,19.6,10.7,10.652591170825335,low,low,2011-06-28,false
2020-03-24,19.99,13.2,13.237410071942445,low,low,2011-06-28,false
2020-03-25,20.45,16.3,16.25119846596357,low,low,2011-06-28,false
2020-03-26,20.24,14.9,14.853857211308096,low,low,2011-06-28,false
2020-03-27,20.17,14.4,14.415708812260537,low,low,2011-06-28,false
2020-03-30,19.78,12,11.96744853997128,low,low,2011-06-28,false
2020-03-31,19.86,12.2,12.248803827751196,low,low,2011-06-28,false
2020-04-01,19.76,11.7,11.669057867049258,low,low,2011-06-28,false
2020-04-02,20.38,16,15.965583173996176,low,low,2011-06-28,false
2020-04-03,20.23,14.9,14.906832298136646,low,low,2011-06-28,false
2020-04-06,20.23,14.9,14.947468958930276,low,low,2011-06-28,false
2020-04-07,20.84,18.9,18.949880668257755,low,low,2011-06-28,false
2020-04-08,20.85,19,18.98854961832061,low,low,2011-06-28,false
2020-04-09,20.98,19.4,19.360991893180735,low,low,2011-06-28,false
2020-04-10,20.59,17.7,17.683508102955194,low,low,2011-06-28,false
2020-04-13,20.43,16.4,16.38875655073845,low,low,2011-06-28,false
2020-04-14,20.88,19.1,19.142857142857142,low,low,2011-06-28,false
2020-04-15,20.82,18.8,18.8005711565921,low,low,2011-06-28,false
2020-04-16,20.99,19.6,19.55280685061846,low,low,2011-06-28,false
2020-04-17,21,19.6,19.591060389919164,low,low,2011-06-28,false
2020-04-20,21.24,20.4,20.437262357414447,low,low,2011-06-28,false
2020-04-21,21.09,19.8,19.80997624703088,low,low,2011-06-28,false
2020-04-22,21.26,20.7,20.655270655270655,low,low,2011-06-28,false
2020-04-23,21.18,20,19.981015662078786,low,low,2011-06-28,false
2020-04-24,20.85,19.1,19.07020872865275,low,low,2011-06-28,false
2020-04-27,20.84,19,19.01375059269796,low,low,2011-06-28,false
2020-04-28,20.71,18.4,18.388625592417064,low,low,2011-06-28,false
2020-04-29,20.72,18.5,18.52202747513027,low,low,2011-06-28,false
2020-04-30,21.19,20.5,20.501893939393938,low,low,2011-06-28,false
2020-05-01,21.19,20.5,20.539517274017985,low,low,2011-06-28,false
2020-05-04,21.19,20.6,20.57710501419111,low,low,2011-06-28,false
2020-05-05,21.19,20.6,20.61465721040189,low,low,2011-06-28,false
2020-05-06,23.05,28.1,28.071833648393195,low,low,2011-06-28,false
2020-05-07,23.02,27.9,27.86962683042041,low,low,2011-06-28,false
2020-05-08,23.27,28.9,28.942398489140697,low,low,2011-06-28,false
2020-05-11,23.24,28.7,28.73997168475696,low,low,2011-06-28,false
2020-05-12,23.3,29.2,29.150943396226413,low,low,2011-06-28,false
2020-05-13,23.41,29.9,29.89156058462989,low,low,2011-06-28,false
2020-05-14,23.19,28.5,28.510838831291235,low,low,2011-06-28,false
2020-05-15,23.29,29.2,29.156853509185115,low,low,2011-06-28,false
2020-05-18,23.17,28.4,28.436911487758948,low,low,2011-06-28,false
2020-05-19,23.46,30.4,30.352941176470587,mid,low,2011-06-28,false
2020-05-20,23.18,28.5,28.45719661335842,low,low,2011-06-28,false
2020-05-21,22.92,27.4,27.40949694405266,low,low,2011-06-28,false
2020-05-22,22.51,25.8,25.798872180451127,low,low,2011-06-28,false
2020-05-25,22.49,25.8,25.786754344762798,low,low,2011-06-28,false
2020-05-26,22.89,27.3,27.27699530516432,low,low,2011-06-28,false
2020-05-27,22.7,26.7,26.70107930549038,low,low,2011-06-28,false
2020-05-28,22.66,26.5,26.50093808630394,low,low,2011-06-28,false
2020-05-29,22.84,27.2,27.191748710736054,low,low,2011-06-28,false
2020-06-01,23.48,30.6,30.646672914714152,mid,low,2011-06-28,false
2020-06-02,23.4,30.2,30.210772833723652,mid,low,2011-06-28,false
2020-06-03,23.43,30.4,30.383895131086142,mid,low,2011-06-28,false
2020-06-04,23.45,30.6,30.603649976602714,mid,low,2011-06-28,false
2020-06-05,23.48,30.8,30.77642656688494,mid,low,2011-06-28,false
2020-06-08,23.44,30.4,30.434782608695656,mid,low,2011-06-28,false
2020-06-09,23.5,30.9,30.887850467289717,mid,low,2011-06-28,false
2020-06-10,23.55,31.5,31.48061653432975,mid,low,2011-06-28,false
2020-06-11,23.4,30.2,30.158730158730158,mid,low,2011-06-28,false
2020-06-12,23.45,30.7,30.65795613625758,mid,low,2011-06-28,false
2020-06-15,22.5,25.7,25.652985074626866,low,low,2011-06-28,false
2020-06-16,22.95,27.6,27.5990675990676,low,low,2011-06-28,false
2020-06-17,23.12,28.3,28.33178005591799,low,low,2011-06-28,false
2020-06-18,23.11,28.2,28.22543083372147,low,low,2011-06-28,false
2020-06-19,23.32,29.7,29.702048417132215,low,low,2011-06-28,false
2020-06-22,23.27,29.3,29.269427640763148,low,low,2011-06-28,false
2020-06-23,23.35,29.9,29.906976744186046,low,low,2011-06-28,false
2020-06-24,23.28,29.3,29.335192933519295,low,low,2011-06-28,false
2020-06-25,23.28,29.4,29.36802973977695,low,low,2011-06-28,false
2020-06-26,23.28,29.4,29.400836042731072,low,low,2011-06-28,false
2020-06-29,23.19,28.7,28.737233054781804,low,low,2011-06-28,false
2020-06-30,23.57,32.1,32.06496519721578,mid,low,2011-06-28,false
2020-07-01,23.63,32.3,32.28200371057514,mid,low,2011-06-28,false
2020-07-02,23.98,34.6,34.63143254520167,mid,low,2011-06-28,false
2020-07-03,24.26,36.3,36.329935125115846,mid,low,2011-06-28,false
2020-07-06,25.22,44.2,44.233441408059285,mid,low,2011-06-28,false
2020-07-07,25.53,46.9,46.89814814814815,mid,low,2011-06-28,false
2020-07-08,26.12,50.1,50.115687181860245,mid,low,2011-06-28,false
2020-07-09,26.75,53.5,53.515263644773356,mid,mid,2011-06-28,false
2020-07-10,26.69,53.3,53.25936199722607,mid,mid,2011-06-28,false
2020-07-13,27.53,56.6,56.56192236598891,mid,mid,2011-06-28,false
2020-07-14,27.26,55.5,55.51963048498846,mid,mid,2011-06-28,false
2020-07-15,26.68,53.2,53.18559556786704,mid,mid,2011-06-28,false
2020-07-16,25.34,44.9,44.946931241347485,mid,mid,2011-06-28,false
2020-07-17,25.45,45.9,45.89483394833948,mid,mid,2011-06-28,false
2020-07-20,26.17,50.4,50.391885661595204,mid,mid,2011-06-28,false
2020-07-21,26.35,51.7,51.65898617511521,mid,mid,2011-06-28,false
2020-07-22,26.59,52.6,52.60248733302626,mid,mid,2011-06-28,false
2020-07-23,26.6,52.8,52.762430939226526,mid,mid,2011-06-28,false
2020-07-24,25.27,44.5,44.45467096180396,mid,mid,2011-06-28,false
2020-07-27,25.32,44.8,44.75620975160994,mid,mid,2011-06-28,false
2020-07-28,25.61,47,46.98850574712644,mid,mid,2011-06-28,false
2020-07-29,26.27,51.2,51.24080882352941,mid,mid,2011-06-28,false
2020-07-30,26.22,50.8,50.80385852090033,mid,mid,2011-06-28,false
2020-07-31,26.49,52.3,52.34159779614325,mid,mid,2011-06-28,false
2020-08-03,27.1,55.3,55.254703992657184,mid,mid,2011-06-28,false
2020-08-04,26.99,55,54.954128440366965,mid,mid,2011-06-28,false
2020-08-05,27.26,55.8,55.84594222833562,mid,mid,2011-06-28,false
2020-08-06,27.23,55.8,55.77451879010083,mid,mid,2011-06-28,false
2020-08-07,26.95,54.8,54.83279890059551,mid,mid,2011-06-28,false
2020-08-10,27.1,55.3,55.265567765567766,mid,mid,2011-06-28,false
2020-08-11,26.59,52.6,52.5858123569794,mid,mid,2011-06-28,false
2020-08-12,26.26,50.9,50.91491308325708,mid,mid,2011-06-28,false
2020-08-13,26.33,51.3,51.30315500685872,mid,mid,2011-06-28,false
2020-08-14,26.65,53.2,53.199268738574034,mid,mid,2011-06-28,false
2020-08-17,27.18,55.7,55.687528551850164,mid,mid,2011-06-28,false
2020-08-18,27.39,56.4,56.39269406392694,mid,mid,2011-06-28,false
2020-08-19,26.92,54.6,54.58694659972615,mid,mid,2011-06-28,false
2020-08-20,26.62,52.9,52.87408759124088,mid,mid,2011-06-28,false
2020-08-21,26.82,54.3,54.263565891472865,mid,mid,2011-06-28,false
2020-08-24,27.01,55.1,55.104831358249776,mid,mid,2011-06-28,false
2020-08-25,26.89,54.4,54.441913439635535,mid,mid,2011-06-28,false
2020-08-26,26.39,51.5,51.502732240437155,mid,mid,2011-06-28,false
2020-08-27,26.59,52.5,52.48065543923532,mid,mid,2011-06-28,false
2020-08-28,27.07,55.4,55.36851683348498,mid,mid,2011-06-28,false
2020-08-31,26.96,55,54.979536152796726,mid,mid,2011-06-28,false
2020-09-01,26.71,53.5,53.5,mid,mid,2011-06-28,false
2020-09-02,26.71,53.5,53.52112676056338,mid,mid,2011-06-28,false
2020-09-03,26.51,52.1,52.13442325158947,mid,mid,2011-06-28,false
2020-09-04,26.28,50.8,50.794371311847485,mid,mid,2011-06-28,false
2020-09-07,25.67,46.8,46.77858439201452,mid,mid,2011-06-28,false
2020-09-08,25.78,47.9,47.93650793650794,mid,mid,2011-06-28,false
2020-09-09,25.09,41.6,41.56844968268359,mid,mid,2011-06-28,false
2020-09-10,24.74,38.8,38.78568192115995,mid,mid,2011-06-28,false
2020-09-11,25.05,41.2,41.16847826086957,mid,mid,2011-06-28,false
2020-09-14,25.15,42.5,42.50792213671345,mid,mid,2011-06-28,false
2020-09-15,25.32,44.3,44.25339366515837,mid,mid,2011-06-28,false
2020-09-16,25.18,42.8,42.78606965174129,mid,mid,2011-06-28,false
2020-09-17,25.21,43.3,43.30922242314648,mid,mid,2011-06-28,false
2020-09-18,25.6,46.5,46.452779032986896,mid,mid,2011-06-28,false
2020-09-21,25.52,46.1,46.115627822944894,mid,mid,2011-06-28,false
2020-09-22,25.18,42.8,42.75395033860045,mid,mid,2011-06-28,false
2020-09-23,25.32,44.3,44.314079422382676,mid,mid,2011-06-28,false
2020-09-24,24.73,38.6,38.6107352277853,mid,mid,2011-06-28,false
2020-09-25,24.72,38.6,38.59332732191163,mid,mid,2011-06-28,false
2020-09-28,24.54,37,36.9986480396575,mid,mid,2011-06-28,false
2020-09-29,24.71,38.5,38.46846846846847,mid,mid,2011-06-28,false
2020-09-30,24.59,37.4,37.41557856821252,mid,mid,2011-06-28,false
2020-10-01,24.59,37.4,37.44374437443744,mid,mid,2011-06-28,false
2020-10-02,24.59,37.5,37.47188484030589,mid,mid,2011-06-28,false
2020-10-05,24.59,37.5,37.5,mid,mid,2011-06-28,false
2020-10-06,24.59,37.5,37.52808988764045,mid,mid,2011-06-28,false
2020-10-07,24.59,37.6,37.55615453728661,mid,mid,2011-06-28,false
2020-10-08,24.59,37.6,37.58419398293669,mid,mid,2011-06-28,false
2020-10-09,25.23,43.8,43.76122082585278,mid,mid,2011-06-28,false
2020-10-12,25.95,49.3,49.30462090623598,mid,mid,2011-06-28,false
2020-10-13,26.02,49.5,49.506726457399104,mid,mid,2011-06-28,false
2020-10-14,25.89,49.1,49.08112953832362,mid,mid,2011-06-28,false
2020-10-15,25.71,47.6,47.58064516129033,mid,mid,2011-06-28,false
2020-10-16,25.61,46.8,46.842812360053735,mid,mid,2011-06-28,false
2020-10-19,25.26,44,44.001790510295436,mid,mid,2011-06-28,false
2020-10-20,25.5,46.1,46.12975391498881,mid,mid,2011-06-28,false
2020-10-21,25.24,43.8,43.78354203935599,mid,mid,2011-06-28,false
2020-10-22,25.09,41.6,41.618238712561464,mid,mid,2011-06-28,false
2020-10-23,24.68,38.3,38.337801608579085,mid,mid,2011-06-28,false
2020-10-26,24.69,38.5,38.45466726217061,mid,mid,2011-06-28,false
2020-10-27,24.76,39,39.017857142857146,mid,mid,2011-06-28,false
2020-10-28,24.88,40,39.98215082552432,mid,mid,2011-06-28,false
2020-10-29,24.95,40.5,40.49955396966994,mid,mid,2011-06-28,false
2020-10-30,24.41,35.5,35.532768613464114,mid,mid,2011-06-28,false
2020-11-02,23.23,27.8,27.807486631016044,low,mid,2011-06-28,false
2020-11-03,23.56,30.7,30.734966592427615,mid,mid,2011-06-28,false
2020-11-04,23.54,30.5,30.4986642920748,mid,mid,2011-06-28,false
2020-11-05,23.97,33.4,33.37783711615487,mid,mid,2011-06-28,false
2020-11-06,23.78,32.3,32.2508896797153,mid,mid,2011-06-28,false
2020-11-09,24.2,34.8,34.77100933748333,mid,mid,2011-06-28,false
2020-11-10,24.01,33.7,33.733333333333334,mid,mid,2011-06-28,false
2020-11-11,23.76,31.9,31.896934695690803,mid,mid,2011-06-28,false
2020-11-12,23.84,32.6,32.63765541740675,mid,mid,2011-06-28,false
2020-11-13,23.8,32.4,32.445628051486906,mid,mid,2011-06-28,false
2020-11-16,24.11,34.4,34.42768411712511,mid,mid,2011-06-28,false
2020-11-17,23.91,33.1,33.12638580931264,mid,mid,2011-06-28,false
2020-11-18,23.91,33.2,33.156028368794324,mid,mid,2011-06-28,false
2020-11-19,23.98,33.6,33.58440407620735,mid,mid,2011-06-28,false
2020-11-20,24.2,35,35.031000885739594,mid,mid,2011-06-28,false
2020-11-23,24.38,35.9,35.85657370517929,mid,mid,2011-06-28,false
2020-11-24,24.35,35.6,35.61946902654867,mid,mid,2011-06-28,false
2020-11-25,23.85,32.6,32.64042459088899,mid,mid,2011-06-28,false
2020-11-26,23.81,32.4,32.360742705570296,mid,mid,2011-06-28,false
2020-11-27,23.87,32.9,32.920901458241275,mid,mid,2011-06-28,false
2020-11-30,23.71,31.4,31.360424028268554,mid,mid,2011-06-28,false
2020-12-01,24.06,34.3,34.260485651214125,mid,mid,2011-06-28,false
2020-12-02,24.09,34.5,34.46601941747573,mid,mid,2011-06-28,false
2020-12-03,24.1,34.6,34.58314953683282,mid,mid,2011-06-28,false
2020-12-04,24.21,35.3,35.273368606701936,mid,mid,2011-06-28,false
2020-12-07,24.08,34.3,34.33230498016748,mid,mid,2011-06-28,false
2020-12-08,24.07,34.3,34.31718061674009,mid,mid,2011-06-28,false
2020-12-09,23.66,31,30.95552619991193,mid,mid,2011-06-28,false
2020-12-10,23.73,31.6,31.602112676056336,mid,mid,2011-06-28,false
2020-12-11,23.37,28.7,28.684557853057633,low,mid,2011-06-28,false
2020-12-14,23.23,27.5,27.48460861917326,low,mid,2011-06-28,false
2020-12-15,23.25,27.6,27.64835164835165,low,mid,2011-06-28,false
2020-12-16,23.16,27,26.977152899824254,low,mid,2011-06-28,false
2020-12-17,23.41,29.2,29.161176987263943,low,mid,2011-06-28,false
2020-12-18,23.35,28.6,28.621597892888502,low,mid,2011-06-28,false
2020-12-21,23.74,31.8,31.81219833260202,mid,mid,2011-06-28,false
2020-12-22,23.19,27.2,27.236842105263158,low,mid,2011-06-28,false
2020-12-23,23.38,28.9,28.890837352038577,low,mid,2011-06-28,false
2020-12-24,23.02,26.3,26.292725679228745,low,mid,2011-06-28,false
2020-12-25,23.29,28.2,28.20849759088918,low,mid,2011-06-28,false
2020-12-28,23.16,27,26.970227670753065,low,mid,2011-06-28,false
2020-12-29,23.02,26.3,26.301969365426697,low,mid,2011-06-28,false
2020-12-30,23.25,27.8,27.77777777777778,low,mid,2011-06-28,false
2020-12-31,23.6,31,31.045037166593794,mid,mid,2011-06-28,false
2021-01-01,23.6,31.1,31.075174825174823,mid,mid,2011-06-28,false
2021-01-04,24.02,34.5,34.469200524246396,mid,mid,2011-06-28,false
2021-01-05,24.27,36.3,36.2882096069869,mid,mid,2011-06-28,false
2021-01-06,24.27,36.3,36.31601920558708,mid,mid,2011-06-28,false
2021-01-07,24.31,36.4,36.38743455497382,mid,mid,2011-06-28,false
2021-01-08,24.36,36.6,36.58962058438727,mid,mid,2011-06-28,false
2021-01-11,24,34.2,34.21970357454228,mid,mid,2011-06-28,false
2021-01-12,24.31,36.4,36.42701525054466,mid,mid,2011-06-28,false
2021-01-13,24.14,35.4,35.36585365853659,mid,mid,2011-06-28,false
2021-01-14,23.95,33.7,33.696125380931655,mid,mid,2011-06-28,false
2021-01-15,23.87,33.3,33.28981723237598,mid,mid,2011-06-28,false
2021-01-18,24.24,36.1,36.05915615484994,mid,mid,2011-06-28,false
2021-01-19,24.12,35.3,35.30434782608695,mid,mid,2011-06-28,false
2021-01-20,24.33,36.6,36.592785745328115,mid,mid,2011-06-28,false
2021-01-21,24.64,39.5,39.53084274543875,mid,mid,2011-06-28,false
2021-01-22,24.66,39.8,39.77420755536257,mid,mid,2011-06-28,false
2021-01-25,24.67,39.8,39.84375,mid,mid,2011-06-28,false
2021-01-26,24.28,36.4,36.44251626898048,mid,mid,2011-06-28,false
2021-01-27,24.35,36.7,36.73026886383347,mid,mid,2011-06-28,false
2021-01-28,23.8,32.6,32.553099263112266,mid,mid,2011-06-28,false
2021-01-29,23.57,30.7,30.675909878682845,mid,mid,2011-06-28,false
2021-02-01,23.78,32.4,32.35166738847986,mid,mid,2011-06-28,false
2021-02-02,24.02,34.5,34.45887445887446,mid,mid,2011-06-28,false
2021-02-03,23.8,32.6,32.626568585028124,mid,mid,2011-06-28,false
2021-02-04,23.53,30.2,30.190311418685123,mid,mid,2011-06-28,false
2021-02-05,23.25,27.5,27.496757457846954,low,mid,2011-06-28,false
2021-02-08,23.57,30.7,30.726015557476234,mid,mid,2011-06-28,false
2021-02-09,24.06,34.9,34.85961123110151,mid,mid,2011-06-28,false
2021-02-10,24.28,36.7,36.70120898100173,mid,mid,2011-06-28,false
2021-02-11,24.28,36.7,36.72852826931377,mid,mid,2011-06-28,false
2021-02-12,24.28,36.8,36.755823986195,mid,mid,2011-06-28,false
2021-02-15,24.28,36.8,36.783096162138854,mid,mid,2011-06-28,false
2021-02-16,24.28,36.8,36.810344827586206,mid,mid,2011-06-28,false
2021-02-17,24.28,36.8,36.83757001292546,mid,mid,2011-06-28,false
2021-02-18,24.58,39,39.01808785529715,mid,mid,2011-06-28,false
2021-02-19,24.84,41.8,41.756349547998276,mid,mid,2011-06-28,false
2021-02-22,24.67,40.3,40.3184165232358,mid,mid,2011-06-28,false
2021-02-23,24.59,39.4,39.35483870967742,mid,mid,2011-06-28,false
2021-02-24,24.23,36.1,36.070507308684434,mid,mid,2011-06-28,false
2021-02-25,24.14,35.5,35.45337344220026,mid,mid,2011-06-28,false
2021-02-26,23.59,30.6,30.627147766323027,mid,mid,2011-06-28,false
2021-03-01,24.02,34.4,34.435379991412624,mid,mid,2011-06-28,false
2021-03-02,23.87,33.2,33.21888412017167,mid,mid,2011-06-28,false
2021-03-03,24.2,36,35.95023595023595,mid,mid,2011-06-28,false
2021-03-04,23.74,31.7,31.732418524871353,mid,mid,2011-06-28,false
2021-03-05,23.72,31.5,31.50450064294899,mid,mid,2011-06-28,false
2021-03-08,23.19,26.8,26.778063410454156,low,mid,2011-06-28,false
2021-03-09,22.67,24.3,24.282655246252677,low,mid,2011-06-28,false
2021-03-10,22.52,23.7,23.715753424657535,low,mid,2011-06-28,false
2021-03-11,23.07,26.1,26.059050064184852,low,mid,2011-06-28,false
2021-03-12,23.15,26.5,26.475620188195037,low,mid,2011-06-28,false
2021-03-15,22.97,25.5,25.523728088926887,low,mid,2011-06-28,false
2021-03-16,23.06,26.1,26.06837606837607,low,mid,2011-06-28,false
2021-03-17,23.16,26.7,26.655275523280647,low,mid,2011-06-28,false
2021-03-18,23.37,28.7,28.693424423569596,low,mid,2011-06-28,false
2021-03-19,23.14,26.5,26.46180110968843,low,mid,2011-06-28,false
2021-03-22,23.51,29.9,29.906143344709896,low,mid,2011-06-28,false
2021-03-23,23.2,27,27.036247334754798,low,mid,2011-06-28,false
2021-03-24,22.92,25.3,25.2770673486786,low,mid,2011-06-28,false
2021-03-25,22.96,25.5,25.47933532168726,low,mid,2011-06-28,false
2021-03-26,23.34,28.4,28.449744463373083,low,mid,2011-06-28,false
2021-03-29,23.42,29.3,29.289059174116645,low,mid,2011-06-28,false
2021-03-30,23.53,30.5,30.46808510638298,mid,mid,2011-06-28,false
2021-03-31,23.43,29.4,29.43428328370906,low,mid,2011-06-28,false
2021-04-01,23.64,31.5,31.505102040816325,mid,mid,2011-06-28,false
2021-04-02,23.67,31.6,31.576710582235446,mid,mid,2011-06-28,false
2021-04-05,23.67,31.6,31.60577740016992,mid,mid,2011-06-28,false
2021-04-06,23.74,32.4,32.39915074309979,mid,mid,2011-06-28,false
2021-04-07,23.76,32.6,32.555178268251275,mid,mid,2011-06-28,false
2021-04-08,23.78,33,32.96563428086551,mid,mid,2011-06-28,false
2021-04-09,23.7,31.8,31.8490245971162,mid,mid,2011-06-28,false
2021-04-12,23.33,28.3,28.27469266638406,low,mid,2011-06-28,false
2021-04-13,23.25,27.5,27.500000000000004,low,mid,2011-06-28,false
2021-04-14,23.5,30,29.987293519695047,low,mid,2011-06-28,false
2021-04-15,23.5,30,30.016934801016088,mid,mid,2011-06-28,false
2021-04-16,23.71,32.1,32.07786711807025,mid,mid,2011-06-28,false
2021-04-19,24,35.1,35.06768189509306,mid,mid,2011-06-28,false
2021-04-20,24.02,35.4,35.39112050739958,mid,mid,2011-06-28,false
2021-04-21,23.96,34.7,34.65765004226542,mid,mid,2011-06-28,false
2021-04-22,24.08,35.9,35.91043514997887,mid,mid,2011-06-28,false
2021-04-23,24.15,36.6,36.57094594594595,mid,mid,2011-06-28,false
2021-04-26,24.05,35.6,35.584634867032506,mid,mid,2011-06-28,false
2021-04-27,24.07,35.9,35.86497890295359,mid,mid,2011-06-28,false
2021-04-28,24.23,37.3,37.28384647827921,mid,mid,2011-06-28,false
2021-04-29,24.26,37.5,37.52107925801012,mid,mid,2011-06-28,false
2021-04-30,24.17,36.8,36.78887484197219,mid,mid,2011-06-28,false
2021-05-03,24.17,36.8,36.815501263689974,mid,mid,2011-06-28,false
2021-05-04,24.17,36.8,36.84210526315789,mid,mid,2011-06-28,false
2021-05-05,24.17,36.9,36.868686868686865,mid,mid,2011-06-28,false
2021-05-06,20.63,16,15.986537652503156,low,mid,2011-06-28,false
2021-05-07,20.51,15.1,15.096719932716567,low,mid,2011-06-28,false
2021-05-10,20.6,15.8,15.762925598991174,low,mid,2011-06-28,false
2021-05-11,20.52,15.2,15.210084033613445,low,mid,2011-06-28,false
2021-05-12,20.68,16.4,16.37967240655187,low,low,2011-06-28,false
2021-05-13,20.45,14.7,14.651553316540722,low,low,2011-06-28,false
2021-05-14,20.7,16.5,16.53378094838439,low,low,2011-06-28,false
2021-05-17,20.87,17.4,17.36577181208054,low,low,2011-06-28,false
2021-05-18,20.94,17.7,17.69392033542977,low,low,2011-06-28,false
2021-05-19,20.8,16.9,16.932103939647945,low,low,2011-06-28,false
2021-05-20,20.62,16,16.003351487222456,low,low,2011-06-28,false
2021-05-21,20.54,15.5,15.452261306532664,low,low,2011-06-28,false
2021-05-24,20.59,15.8,15.780661364587695,low,low,2011-06-28,false
2021-05-25,20.82,17.1,17.11297071129707,low,low,2011-06-28,false
2021-05-26,20.82,17.1,17.14763697197825,low,low,2011-06-28,false
2021-05-27,21.01,18.1,18.06020066889632,low,low,2011-06-28,false
2021-05-28,20.93,17.8,17.843710823234435,low,low,2011-06-28,false
2021-05-31,21.14,18.4,18.421052631578945,low,low,2011-06-28,false
2021-06-01,21.17,18.5,18.45511482254697,low,low,2011-06-28,false
2021-06-02,20.99,18,18.030050083472453,low,low,2011-06-28,false
2021-06-03,20.92,17.7,17.73049645390071,low,low,2011-06-28,false
2021-06-04,20.98,18,18.015012510425354,low,low,2011-06-28,false
2021-06-07,21.07,18.3,18.34097540641934,low,low,2011-06-28,false
2021-06-08,20.91,17.7,17.666666666666668,low,low,2011-06-28,false
2021-06-09,20.92,17.8,17.784256559766764,low,low,2011-06-28,false
2021-06-10,21.13,18.6,18.609492089925062,low,low,2011-06-28,false
2021-06-11,21.02,18.4,18.352059925093634,low,low,2011-06-28,false
2021-06-14,19.08,7.4,7.362728785357738,low,low,2011-06-28,false
2021-06-15,18.91,7.1,7.110187110187111,low,low,2011-06-28,false
2021-06-16,18.65,5.8,5.818786367414797,low,low,2011-06-28,false
2021-06-17,18.81,6.8,6.813460739509764,low,low,2011-06-28,false
2021-06-18,18.87,7.1,7.142857142857142,low,low,2011-06-28,false
2021-06-21,19.03,7.5,7.4719800747198,low,low,2011-06-28,false
2021-06-22,19.13,7.7,7.676348547717843,low,low,2011-06-28,false
2021-06-23,19.26,8.1,8.087930319369557,low,low,2011-06-28,false
2021-06-24,19.15,7.8,7.75290215588723,low,low,2011-06-28,false
2021-06-25,19.34,8.5,8.495648570244509,low,low,2011-06-28,false
2021-06-28,19.36,8.5,8.533554266777134,low,low,2011-06-28,true
2021-06-29,19.2,8,7.953603976801989,low,low,2011-07-15,true
2021-06-30,19.33,8.4,8.4472049689441,low,low,2011-07-15,true
2021-07-01,19.1,7.6,7.6158940397351,low,low,2011-07-15,true
2021-07-02,18.93,7.3,7.281754240794373,low,low,2011-07-15,true
2021-07-05,19.05,7.5,7.526881720430108,low,low,2011-07-15,true
2021-07-06,19.03,7.5,7.523770152955766,low,low,2011-07-15,true
2021-07-07,19.15,7.9,7.933884297520661,low,low,2011-07-15,true
2021-07-08,19.08,7.7,7.68277571251549,low,low,2011-07-15,true
2021-07-09,19.21,8.3,8.298926507018994,low,low,2011-07-15,true
2021-07-12,19.46,9.3,9.286009079653322,low,low,2011-07-15,true
2021-07-13,19.63,10.3,10.313531353135314,low,low,2011-07-15,true
2021-07-14,19.48,9.4,9.443298969072165,low,low,2011-07-15,true
2021-07-15,19.58,10,10.016488046166529,low,low,2011-07-15,true
2021-07-16,19.54,9.9,9.934047815333882,low,low,2011-07-18,true
2021-07-19,19.45,9.2,9.192085737840065,low,low,2011-07-19,true
2021-07-20,19.47,9.5,9.480626545754328,low,low,2011-07-20,true
2021-07-21,19.71,10.9,10.882110469909316,low,low,2011-07-21,true
2021-07-22,19.83,11.7,11.70651277823578,low,low,2011-07-22,true
2021-07-23,19.72,11,11.005770816158284,low,low,2011-07-25,true
2021-07-26,19.41,9.1,9.10964550700742,low,low,2011-07-26,true
2021-07-27,19.02,7.5,7.460840890354493,low,low,2011-07-27,true
2021-07-28,18.75,6.4,6.430338004946414,low,low,2011-07-28,true
2021-07-29,19.14,8,7.996702390766694,low,low,2011-07-29,true
2021-07-30,19.18,8.2,8.20280296784831,low,low,2011-08-01,true
2021-08-02,19.41,9.3,9.315746084089035,low,low,2011-08-02,true
2021-08-03,19.27,8.6,8.615004122011543,low,low,2011-08-03,true
2021-08-04,19.57,10.4,10.387469084913437,low,low,2011-08-04,true
2021-08-05,19.49,9.9,9.934047815333882,low,low,2011-08-05,true
2021-08-06,19.55,10.4,10.387469084913437,low,low,2011-08-08,true
2021-08-09,19.71,11.3,11.33553173948887,low,low,2011-08-09,true
2021-08-10,19.82,12.2,12.201154163231658,low,low,2011-08-10,true
2021-08-11,20,13.4,13.396537510305029,low,low,2011-08-11,true
2021-08-12,20.04,13.5,13.478977741137676,low,low,2011-08-12,true
2021-08-13,20.04,13.5,13.520197856553997,low,low,2011-08-15,true
2021-08-16,20,13.4,13.437757625721353,low,low,2011-08-16,true
2021-08-17,19.55,10.4,10.42868920032976,low,low,2011-08-17,true
2021-08-18,19.69,11.3,11.253091508656224,low,low,2011-08-18,true
2021-08-19,19.7,11.3,11.294311624072547,low,low,2011-08-19,true
2021-08-20,19.63,11,11.005770816158284,low,low,2011-08-22,true
2021-08-23,19.94,12.9,12.943116240725475,low,low,2011-08-23,true
2021-08-24,20.14,14.6,14.550700741962078,low,low,2011-08-24,true
2021-08-25,20.34,15.9,15.869744435284419,low,low,2011-08-25,true
2021-08-26,20.31,15.7,15.663643858202803,low,low,2011-08-26,true
2021-08-27,20.48,16.8,16.81780708985985,low,low,2011-08-29,true
2021-08-30,20.6,17.9,17.930750206100576,low,low,2011-08-30,true
2021-08-31,20.68,18.6,18.590272052761748,low,low,2011-08-31,true
2021-09-01,18.97,7.5,7.460840890354493,low,low,2011-09-01,true
2021-09-02,19.27,8.7,8.697444352844188,low,low,2011-09-02,true
2021-09-03,19.18,8.3,8.285243198680957,low,low,2011-09-05,true
2021-09-06,19.39,9.3,9.315746084089035,low,low,2011-09-06,true
2021-09-07,19.78,12.4,12.366034624896951,low,low,2011-09-07,true
2021-09-08,19.9,13,12.984336356141798,low,low,2011-09-08,true
2021-09-09,20.15,14.8,14.83924154987634,low,low,2011-09-09,true
2021-09-10,20.12,14.6,14.633140972794722,low,low,2011-09-12,true
2021-09-13,20.23,15.4,15.416323165704865,low,low,2011-09-13,true
2021-09-14,19.98,13.5,13.520197856553997,low,low,2011-09-14,true
2021-09-15,20.08,14.5,14.46826051112943,low,low,2011-09-15,true
2021-09-16,19.72,11.8,11.830173124484748,low,low,2011-09-16,true
2021-09-17,19.6,10.9,10.882110469909316,low,low,2011-09-19,true
2021-09-20,19.6,10.9,10.923330585325639,low,low,2011-09-20,true
2021-09-21,19.6,11,10.964550700741963,low,low,2011-09-21,true
2021-09-22,19.8,12.7,12.654575432811214,low,low,2011-09-22,true
2021-09-23,19.88,13,12.984336356141798,low,low,2011-09-23,true
2021-09-24,19.56,10.7,10.6760098928277,low,low,2011-09-26,true
2021-09-27,19.03,7.7,7.666941467436109,low,low,2011-09-27,true
2021-09-28,19.17,8.3,8.285243198680957,low,low,2011-09-28,true
2021-09-29,18.55,5.4,5.399835119538335,low,low,2011-09-29,true
2021-09-30,18.81,6.9,6.8837592745259695,low,low,2011-10-03,true
2021-10-01,18.81,6.9,6.9221260815822,low,low,2011-10-03,true
2021-10-04,18.81,7,6.963329213020189,low,low,2011-10-04,true
2021-10-05,18.81,7,7.0045323444581795,low,low,2011-10-05,true
2021-10-06,18.81,7,7.045735475896168,low,low,2011-10-06,true
2021-10-07,18.81,7.1,7.086938607334157,low,low,2011-10-07,true
2021-10-08,18.74,6.4,6.427688504326329,low,low,2011-10-10,true
2021-10-11,18.71,6.3,6.3452822414503505,low,low,2011-10-11,true
2021-10-12,18.35,4.9,4.861969509682735,low,low,2011-10-12,true
2021-10-13,18.39,5,4.985578903996704,low,low,2011-10-13,true
2021-10-14,18.46,5.2,5.150391429748661,low,low,2011-10-14,true
2021-10-15,18.5,5.3,5.315203955500618,low,low,2011-10-17,true
2021-10-18,18.62,5.9,5.8508446641944785,low,low,2011-10-18,true
2021-10-19,18.78,7,7.0045323444581795,low,low,2011-10-19,true
2021-10-20,18.75,6.8,6.798516687268233,low,low,2011-10-20,true
2021-10-21,18.72,6.6,6.592501030078286,low,low,2011-10-21,true
2021-10-22,18.52,5.5,5.480016481252576,low,low,2011-10-24,true
2021-10-25,18.74,6.8,6.798516687268233,low,low,2011-10-25,true
2021-10-26,18.72,6.7,6.6749072929542645,low,low,2011-10-26,true
2021-10-27,18.58,5.8,5.7684384013185,low,low,2011-10-27,true
2021-10-28,18.32,4.9,4.861969509682735,low,low,2011-10-28,true
2021-10-29,18.47,5.2,5.23279769262464,low,low,2011-10-31,true
2021-11-01,17.94,4,4.03790688092295,low,low,2011-11-01,true
2021-11-02,17.76,3.7,3.7494849608570253,low,low,2011-11-02,true
2021-11-03,17.87,4,3.996703749484961,low,low,2011-11-03,true
2021-11-04,17.76,3.8,3.7906880922950146,low,low,2011-11-04,true
2021-11-05,17.5,3.4,3.378656777915121,low,low,2011-11-07,true
2021-11-08,17.57,3.6,3.584672435105068,low,low,2011-11-08,true
2021-11-09,17.71,3.8,3.7906880922950146,low,low,2011-11-09,true
2021-11-10,17.66,3.7,3.7494849608570253,low,low,2011-11-10,true
2021-11-11,17.83,4.2,4.1615162752369175,low,low,2011-11-11,true
2021-11-12,17.9,4.4,4.367531932426864,low,low,2011-11-14,true
2021-11-15,17.75,3.9,3.9142974866089824,low,low,2011-11-15,true
2021-11-16,17.62,3.7,3.7082818294190356,low,low,2011-11-16,true
2021-11-17,17.76,4.1,4.07911001236094,low,low,2011-11-17,true
2021-11-18,17.72,4,3.955500618046971,low,low,2011-11-18,true
2021-11-19,17.95,4.7,4.738360115368768,low,low,2011-11-21,true
2021-11-22,18.16,5.2,5.23279769262464,low,low,2011-11-22,true
2021-11-23,18.17,5.3,5.315203955500618,low,low,2011-11-23,true
2021-11-24,18.17,5.4,5.356407086938607,low,low,2011-11-24,true
2021-11-25,18.11,5.2,5.150391429748661,low,low,2011-11-25,true
2021-11-26,18.07,5,5.026782035434693,low,low,2011-11-28,true
2021-11-29,18.1,5.2,5.150391429748661,low,low,2011-11-29,true
2021-11-30,18.14,5.3,5.274000824062629,low,low,2011-11-30,true
2021-12-01,18.2,5.6,5.603625875566543,low,low,2011-12-01,true
2021-12-02,18.11,5.3,5.274000824062629,low,low,2011-12-02,true
2021-12-03,18.31,5.8,5.80964153275649,low,low,2011-12-05,true
2021-12-06,18.15,5.4,5.356407086938607,low,low,2011-12-06,true
2021-12-07,18.08,5.1,5.067985166872682,low,low,2011-12-07,true
2021-12-08,18.31,5.9,5.933250927070458,low,low,2011-12-08,true
2021-12-09,18.35,6.1,6.098063452822414,low,low,2011-12-09,true
2021-12-10,18.33,6.1,6.056860321384425,low,low,2011-12-12,true
2021-12-13,18.47,6.5,6.510094767202307,low,low,2011-12-13,true
2021-12-14,18.39,6.3,6.30407911001236,low,low,2011-12-14,true
2021-12-15,18.38,6.3,6.262875978574371,low,low,2011-12-15,true
2021-12-16,18.56,7.1,7.128141738772147,low,low,2011-12-16,true
2021-12-17,18.4,6.4,6.386485372888339,low,low,2011-12-19,true
2021-12-20,18.08,5.1,5.109188298310672,low,low,2011-12-20,true
2021-12-21,18.26,5.9,5.892047795632468,low,low,2011-12-21,true
2021-12-22,18.31,6.1,6.056860321384425,low,low,2011-12-22,true
2021-12-23,18.41,6.6,6.551297898640297,low,low,2011-12-23,true
2021-12-24,18.28,5.9,5.933250927070458,low,low,2011-12-26,true
2021-12-27,18.28,6,5.974454058508447,low,low,2011-12-27,true
2021-12-28,18.29,6,6.0156571899464355,low,low,2011-12-28,true
2021-12-29,18.19,5.8,5.7684384013185,low,low,2011-12-29,true
2021-12-30,18.33,6.4,6.386485372888339,low,low,2011-12-30,true
2021-12-31,18.44,6.9,6.9221260815822,low,low,2012-03-08,true
2022-01-03,18.44,7,6.960461285008238,low,low,2012-03-08,true
2022-01-04,18.4,6.8,6.75174969123096,low,low,2012-03-08,true
2022-01-05,18.08,5.1,5.1440329218107,low,low,2012-03-08,true
2022-01-06,18.12,5.4,5.429864253393665,low,low,2012-03-08,true
2022-01-07,18.01,4.9,4.8519736842105265,low,low,2012-03-08,true
2022-01-10,18.05,5,5.0143855322646935,low,low,2012-03-08,true
2022-01-11,17.93,4.6,4.560394412489729,low,low,2012-03-08,true
2022-01-12,18.05,5.1,5.092402464065708,low,low,2012-03-08,true
2022-01-13,17.8,4.2,4.1871921182266005,low,low,2012-03-08,true
2022-01-14,17.73,4,3.9803036520311856,low,low,2012-03-08,true
2022-01-17,17.89,4.6,4.5939294503691555,low,low,2012-03-08,true
2022-01-18,17.92,4.7,4.674046740467404,low,low,2012-03-08,true
2022-01-19,17.82,4.3,4.344262295081967,low,low,2012-03-08,true
2022-01-20,17.69,3.8,3.8099139696845556,low,low,2012-03-08,true
2022-01-21,17.49,3.4,3.357903357903358,low,low,2012-03-08,true
2022-01-24,17.49,3.4,3.3974621367171514,low,low,2012-03-08,true
2022-01-25,16.91,2.5,2.495908346972177,low,low,2012-03-08,true
2022-01-26,17.03,2.8,2.78118609406953,low,low,2012-03-08,true
2022-01-27,16.61,2.1,2.085036794766966,low,low,2012-03-08,true
2022-01-28,16.52,1.9,1.9207192480588478,low,low,2012-03-08,true
2022-01-31,16.52,2,1.9607843137254901,low,low,2012-03-08,true
2022-02-01,16.52,2,2.000816659861168,low,low,2012-03-08,true
2022-02-02,16.52,2,2.0408163265306123,low,low,2012-03-08,true
2022-02-03,16.52,2.1,2.08078335373317,low,low,2012-03-08,true
2022-02-04,16.52,2.1,2.1207177814029365,low,low,2012-03-08,true
2022-02-07,16.82,2.5,2.4867509172441906,low,low,2012-03-08,true
2022-02-08,16.98,3,3.015484922575387,low,low,2012-03-08,true
2022-02-09,17.21,3.5,3.5030549898167007,low,low,2012-03-08,true
2022-02-10,17.22,3.5,3.542345276872964,low,low,2012-03-08,true
2022-02-11,16.99,3.1,3.0525030525030523,low,low,2012-03-08,true
2022-02-14,16.85,2.6,2.6037428803905613,low,low,2012-03-08,true
2022-02-15,17,3.1,3.13135420902806,low,low,2012-03-08,true
2022-02-16,17.04,3.3,3.2926829268292686,low,low,2012-03-08,true
2022-02-17,17.03,3.3,3.29134498171475,low,low,2012-03-08,true
2022-02-18,17.2,3.7,3.6555645816409426,low,low,2012-03-08,true
2022-02-21,17.26,3.8,3.8164839626471783,low,low,2012-03-08,true
2022-02-22,17.07,3.5,3.49025974025974,low,low,2012-03-08,true
2022-02-23,17.32,3.9,3.894523326572008,low,low,2012-03-08,true
2022-02-24,17.03,3.3,3.32522303325223,low,low,2012-03-08,true
2022-02-25,17.16,3.7,3.7292257802999593,low,low,2012-03-08,true
2022-02-28,17.25,3.9,3.9303079416531608,low,low,2012-03-08,true
2022-03-01,17.3,4,4.0097205346294045,low,low,2012-03-08,true
2022-03-02,17.31,4,4.048582995951417,low,low,2012-03-08,true
2022-03-03,17.3,4,4.046944556859571,low,low,2012-03-08,true
2022-03-04,17.17,3.8,3.762135922330097,low,low,2012-03-08,true
2022-03-07,16.82,2.5,2.507076425394258,low,low,2012-03-08,true
2022-03-08,16.24,1.6,1.5763945028294262,low,low,2012-03-08,true
2022-03-09,15.93,0.8,0.8084074373484237,low,low,2012-03-09,true
2022-03-10,16.19,1.6,1.6168148746968474,low,low,2012-03-12,true
2022-03-11,16.33,1.8,1.8181818181818181,low,low,2012-03-12,true
2022-03-14,15.95,1,0.9700889248181084,low,low,2012-03-14,true
2022-03-15,15.05,0.1,0.08084074373484236,low,low,2012-03-15,true
2022-03-16,15.52,0.2,0.20210185933710592,low,low,2012-03-16,true
2022-03-17,15.79,0.6,0.6063055780113177,low,low,2012-03-19,true
2022-03-18,15.96,1.1,1.1313131313131313,low,low,2012-03-19,true
2022-03-21,16.03,1.3,1.333872271624899,low,low,2012-03-21,true
2022-03-22,16.03,1.4,1.3742926434923202,low,low,2012-03-22,true
2022-03-23,16.11,1.7,1.6572352465642683,low,low,2012-03-23,true
2022-03-24,16,1.2,1.1721907841552142,low,low,2012-04-05,true
2022-03-25,15.8,0.6,0.6464646464646464,low,low,2012-04-05,true
2022-03-28,15.84,0.7,0.7269789983844911,low,low,2012-04-05,true
2022-03-29,15.76,0.6,0.6055712555510698,low,low,2012-04-05,true
2022-03-30,16.07,1.7,1.6545601291364003,low,low,2012-04-05,true
2022-03-31,15.96,1.3,1.290843081887858,low,low,2012-04-05,true
2022-04-01,16.06,1.7,1.6935483870967745,low,low,2012-04-05,true
2022-04-04,16.06,1.7,1.7331721080209594,low,low,2012-04-05,true
2022-04-05,16.06,1.8,1.7727639000805804,low,low,2012-04-05,true
2022-04-06,16.05,1.7,1.6921837228041903,low,low,2012-04-06,true
2022-04-07,15.73,0.5,0.4834810636583401,low,low,2012-04-09,true
2022-04-08,15.76,0.7,0.684655658477648,low,low,2012-04-09,true
2022-04-11,15.28,0.1,0.12087026591458502,low,low,2012-04-11,true
2022-04-12,15.51,0.2,0.24174053182917005,low,low,2012-04-12,true
2022-04-13,15.32,0.2,0.201450443190975,low,low,2012-04-13,true
2022-04-14,15.52,0.4,0.36261079774375504,low,low,2012-04-16,true
2022-04-15,15.39,0.2,0.24164317358034634,low,low,2012-04-16,true
2022-04-18,15.36,0.2,0.24174053182917005,low,low,2012-04-18,true
2022-04-19,15.42,0.4,0.36261079774375504,low,low,2012-04-19,true
2022-04-20,15.07,0.1,0.12087026591458502,low,low,2012-04-20,true
2022-04-21,14.59,0,0.040290088638195005,low,low,2012-04-23,true
2022-04-22,14.55,0,0.04027386226339106,low,low,2012-04-23,true
2022-04-25,13.64,0,0.04027386226339106,low,low,2012-04-26,true
2022-04-26,13.3,0,0.040257648953301126,low,low,2012-04-26,true
2022-04-27,13.8,0.1,0.12077294685990338,low,low,2012-04-27,true
2022-04-28,13.77,0.1,0.12077294685990338,low,low,2012-05-02,true
2022-04-29,14.27,0.2,0.2012072434607646,low,low,2012-05-02,true
2022-05-02,14.27,0.2,0.2413515687851971,low,low,2012-05-02,true
2022-05-03,14.27,0.3,0.2815768302493966,low,low,2012-05-03,true
2022-05-04,14.27,0.3,0.32180209171359614,low,low,2012-05-04,true
2022-05-05,14.89,0.4,0.4424778761061947,low,low,2012-05-07,true
2022-05-06,14.57,0.4,0.4020908725371934,low,low,2012-05-07,true
2022-05-09,14.68,0.5,0.4827031375703942,low,low,2012-05-09,true
2022-05-10,14.89,0.6,0.5631536604987932,low,low,2012-05-10,true
2022-05-11,15.01,0.6,0.6436041834271923,low,low,2012-05-11,true
2022-05-12,14.99,0.6,0.6436041834271923,low,low,2012-05-14,true
2022-05-13,15.12,0.8,0.8041817450743868,low,low,2012-05-14,true
2022-05-16,15.1,0.8,0.8045052292839904,low,low,2012-05-16,true
2022-05-17,15.16,0.9,0.8849557522123894,low,low,2012-05-17,true
2022-05-18,15.1,0.8,0.8447304907481898,low,low,2012-05-18,true
2022-05-19,15.19,1,0.9654062751407884,low,low,2012-05-21,true
2022-05-20,15.44,1.3,1.286690792119019,low,low,2012-05-21,true
2022-05-23,15.53,1.5,1.4883346741753822,low,low,2012-05-23,true
2022-05-24,14.98,0.6,0.6436041834271923,low,low,2012-05-24,true
2022-05-25,15.22,1,1.0458567980691875,low,low,2012-05-25,true
2022-05-26,15.4,1.3,1.3274336283185841,low,low,2012-05-28,true
2022-05-27,15.37,1.2,1.2464817048652996,low,low,2012-05-28,true
2022-05-30,15.47,1.5,1.4883346741753822,low,low,2012-05-30,true
2022-05-31,15.68,1.9,1.8905872888173776,low,low,2012-05-31,true
2022-06-01,15.64,1.8,1.8101367658889784,low,low,2012-06-01,true
2022-06-02,15.76,2.3,2.252614641995173,low,low,2012-06-04,true
2022-06-03,15.76,2.3,2.2919179734620023,low,low,2012-06-04,true
2022-06-06,16.04,3.3,3.337354242058705,low,low,2012-06-08,true
2022-06-07,16.06,3.6,3.577170418006431,low,low,2012-06-08,true
2022-06-08,16.13,3.9,3.8971474487746085,low,low,2012-06-08,true
2022-06-09,15.92,2.7,2.6516673362796306,low,low,2012-06-11,true
2022-06-10,16.2,4.2,4.176706827309237,low,low,2012-06-11,true
2022-06-13,16.57,4.9,4.861390116512656,low,low,2012-06-13,true
2022-06-14,16.69,5.1,5.142627561269586,low,low,2012-06-14,true
2022-06-15,16.65,5.1,5.102450783447168,low,low,2012-06-15,true
2022-06-16,16.64,5.1,5.102450783447168,low,low,2012-06-18,true
2022-06-17,16.76,5.3,5.261044176706827,low,low,2012-06-18,true
2022-06-20,16.78,5.3,5.303334672559261,low,low,2012-06-20,true
2022-06-21,16.63,5.1,5.102450783447168,low,low,2012-06-21,true
2022-06-22,16.38,4.4,4.41944556046605,low,low,2012-06-25,true
2022-06-23,16.66,5.3,5.261044176706827,low,low,2012-06-25,true
2022-06-24,16.82,5.6,5.620232838217584,low,low,2012-06-25,true
2022-06-27,16.91,6,6.024096385542169,low,low,2012-06-27,true
2022-06-28,17.13,6.7,6.746987951807229,low,low,2012-06-28,true
2022-06-29,16.82,5.7,5.662650602409639,low,low,2012-06-29,true
2022-06-30,17.01,6.5,6.4658634538152615,low,low,2012-07-02,true
2022-07-01,16.97,6.3,6.262545162585307,low,low,2012-07-02,true
2022-07-04,17.2,7.2,7.188755020080322,low,low,2012-07-04,true
2022-07-05,17.18,7.1,7.148594377510039,low,low,2012-07-05,true
2022-07-06,16.92,6.1,6.104417670682731,low,low,2012-07-06,true
2022-07-07,16.99,6.4,6.425702811244979,low,low,2012-07-09,true
2022-07-08,16.85,5.8,5.820955439582496,low,low,2012-07-09,true
2022-07-11,16.65,5.3,5.261044176706827,low,low,2012-07-11,true
2022-07-12,16.48,4.6,4.578313253012048,low,low,2012-07-12,true
2022-07-13,16.53,4.9,4.9397590361445785,low,low,2012-07-13,true
2022-07-14,16.61,5.2,5.220883534136546,low,low,2012-07-16,true
2022-07-15,16.31,4.4,4.375752709755119,low,low,2012-07-16,true
2022-07-18,16.61,5.3,5.301204819277109,low,low,2012-07-18,true
2022-07-19,16.65,5.5,5.502008032128514,low,low,2012-07-19,true
2022-07-20,16.85,6.1,6.144578313253012,low,low,2012-07-20,true
2022-07-21,16.68,5.6,5.622489959839357,low,low,2012-07-23,true
2022-07-22,16.52,5,4.97792051384986,low,low,2012-07-23,true
2022-07-25,16.38,4.5,4.497991967871486,low,low,2012-07-26,true
2022-07-26,16.57,5.1,5.13849859494179,low,low,2012-07-26,true
2022-07-27,16.63,5.5,5.499799277398635,low,low,2012-07-27,true
2022-07-28,16.68,5.8,5.820955439582496,low,low,2012-07-30,true
2022-07-29,16.53,5.1,5.096308186195827,low,low,2012-07-30,true
2022-08-01,16.65,5.7,5.740666399036531,low,low,2012-08-01,true
2022-08-02,16.2,4.2,4.2151746286631875,low,low,2012-08-02,true
2022-08-03,16.08,3.7,3.6531513448414294,low,low,2012-08-03,true
2022-08-04,16.16,4.1,4.054596547571256,low,low,2012-08-06,true
2022-08-05,16.44,4.7,4.695024077046549,low,low,2012-08-06,true
2022-08-08,16.58,5.4,5.41951023685267,low,low,2012-08-08,true
2022-08-09,16.62,5.7,5.700521878763549,low,low,2012-08-09,true
2022-08-10,16.57,5.4,5.379365716579687,low,low,2012-08-10,true
2022-08-11,16.87,6.9,6.864712966680048,low,low,2012-08-13,true
2022-08-12,16.82,6.6,6.5810593900481535,low,low,2012-08-13,true
2022-08-15,16.87,6.9,6.945002007226013,low,low,2012-08-15,true
2022-08-16,16.93,7.3,7.266158169409875,low,low,2012-08-16,true
2022-08-17,16.99,7.6,7.5873143315937375,low,low,2012-08-17,true
2022-08-18,16.9,7.1,7.065435568044961,low,low,2012-08-20,true
2022-08-19,16.72,6.3,6.260032102728733,low,low,2012-08-20,true
2022-08-22,16.92,7.3,7.306302689682859,low,low,2012-08-22,true
2022-08-23,16.92,7.3,7.346447209955841,low,low,2012-08-23,true
2022-08-24,16.48,4.9,4.857486953030912,low,low,2012-08-24,true
2022-08-25,16.59,5.6,5.5800883179446,low,low,2012-08-27,true
2022-08-26,16.52,5.3,5.256821829855538,low,low,2012-08-27,true
2022-08-29,16.55,5.4,5.379365716579687,low,low,2012-08-29,true
2022-08-30,16.48,4.9,4.897631473303894,low,low,2012-08-30,true
2022-08-31,16.16,4.1,4.0947410678442395,low,low,2012-08-31,true
2022-09-01,16.58,5.7,5.700521878763549,low,low,2012-09-04,true
2022-09-02,16.57,5.6,5.617977528089887,low,low,2012-09-04,true
2022-09-05,16.67,6.4,6.420545746388442,low,low,2012-09-05,true
2022-09-06,16.95,7.9,7.945425361155698,low,low,2012-09-06,true
2022-09-07,16.96,8,7.985553772070626,low,low,2012-09-07,true
2022-09-08,16.89,7.4,7.423756019261638,low,low,2012-09-10,true
2022-09-09,17.02,8.4,8.42358604091456,low,low,2012-09-10,true
2022-09-12,17.02,8.5,8.467094703049758,low,low,2012-09-12,true
2022-09-13,16.98,8.1,8.146067415730338,low,low,2012-09-13,true
2022-09-14,16.85,7.2,7.223113964686998,low,low,2012-09-14,true
2022-09-15,16.49,5,5.016051364365971,low,low,2012-09-17,true
2022-09-16,16.08,3.7,3.6903329322101888,low,low,2012-09-17,true
2022-09-19,15.98,3,3.009630818619583,low,low,2012-09-19,true
2022-09-20,16.1,3.9,3.932584269662921,low,low,2012-09-20,true
2022-09-21,16.14,4.1,4.13322632423756,low,low,2012-09-21,true
2022-09-22,16.11,4,4.012841091492777,low,low,2012-09-24,true
2022-09-23,15.92,2.7,2.6875250701965503,low,low,2012-09-24,true
2022-09-26,15.7,2,1.9662921348314606,low,low,2012-09-26,true
2022-09-27,16,3.2,3.1701444622792936,low,low,2012-09-27,true
2022-09-28,15.64,1.8,1.8057784911717496,low,low,2012-09-28,true
2022-09-29,15.65,1.9,1.886035313001605,low,low,2012-10-08,true
2022-09-30,15.51,1.5,1.52426795026073,low,low,2012-10-08,true
2022-10-03,15.51,1.6,1.5637530072173216,low,low,2012-10-08,true
2022-10-04,15.51,1.6,1.6032064128256511,low,low,2012-10-08,true
2022-10-05,15.51,1.6,1.6426282051282053,low,low,2012-10-08,true
2022-10-06,15.51,1.7,1.682018422106528,low,low,2012-10-08,true
2022-10-07,15.51,1.7,1.7213771016813448,low,low,2012-10-08,true
2022-10-10,15.34,1.2,1.1613936724068883,low,low,2012-10-10,true
2022-10-11,15.46,1.5,1.4817781337605127,low,low,2012-10-11,true
2022-10-12,15.81,2.8,2.843412094513416,low,low,2012-10-12,true
2022-10-13,15.83,2.9,2.8834601521826193,low,low,2012-10-15,true
2022-10-14,16.2,5.2,5.164131305044036,low,low,2012-10-15,true
2022-10-17,16.3,5.3,5.286343612334802,low,low,2012-10-17,true
2022-10-18,16.37,5.5,5.4865839006808175,low,low,2012-10-18,true
2022-10-19,16.21,5.2,5.206247496996395,low,low,2012-10-19,true
2022-10-20,16.15,4.8,4.845814977973569,low,low,2012-10-22,true
2022-10-21,16.17,5,5.00400320256205,low,low,2012-10-22,true
2022-10-24,16.01,3.8,3.7645174209050865,low,low,2012-10-24,true
2022-10-25,15.92,3.2,3.2438926712054466,low,low,2012-10-25,true
2022-10-26,16.19,5.2,5.246295554665599,low,low,2012-10-26,true
2022-10-27,16.17,5.1,5.12615138165799,low,low,2012-10-29,true
2022-10-28,15.7,2.4,2.401921537229784,low,low,2012-10-29,true
2022-10-31,15.74,2.5,2.482979575490589,low,low,2012-10-31,true
2022-11-01,16.39,6,5.967160592711253,low,low,2012-11-01,true
2022-11-02,16.55,6.8,6.848217861433721,low,low,2012-11-02,true
2022-11-03,16.57,7,7.048458149779736,low,low,2012-11-05,true
2022-11-04,16.93,9.3,9.32746196957566,low,low,2012-11-05,true
2022-11-07,16.96,9.6,9.571485782939527,low,low,2012-11-07,true
2022-11-08,16.93,9.4,9.371245494593513,low,low,2012-11-08,true
2022-11-09,16.9,9,9.010812975570685,low,low,2012-11-09,true
2022-11-10,16.8,8.2,8.16980376451742,low,low,2012-11-12,true
2022-11-11,16.94,9.5,9.527622097678142,low,low,2012-11-12,true
2022-11-14,16.93,9.5,9.491389667601121,low,low,2012-11-14,true
2022-11-15,17.21,11.1,11.093311974369243,low,low,2012-11-15,true
2022-11-16,17.12,10.6,10.612735282338805,low,low,2012-11-16,true
2022-11-17,17.16,10.9,10.893071686023228,low,low,2012-11-19,true
2022-11-18,17.1,10.6,10.608486789431545,low,low,2012-11-19,true
2022-11-21,17.09,10.6,10.612735282338805,low,low,2012-11-21,true
2022-11-22,16.93,9.5,9.531437725270324,low,low,2012-11-22,true
2022-11-23,16.92,9.3,9.331197436924308,low,low,2012-11-23,true
2022-11-24,16.94,9.7,9.691629955947137,low,low,2012-11-26,true
2022-11-25,16.87,8.9,8.8871096877502,low,low,2012-11-26,true
2022-11-28,16.77,8.1,8.129755706848218,low,low,2012-11-28,true
2022-11-29,17.05,10.7,10.692831397677214,low,low,2012-11-29,true
2022-11-30,17.02,10.5,10.492591109331197,low,low,2012-11-30,true
2022-12-01,17.11,11,10.973167801361635,low,low,2012-12-03,true
2022-12-02,17.06,10.8,10.848678943154523,low,low,2012-12-03,true
2022-12-05,17.21,11.7,11.653984781738085,low,low,2012-12-05,true
2022-12-06,17.15,11.3,11.253504205046056,low,low,2012-12-06,true
2022-12-07,17.15,11.3,11.293552262715258,low,low,2012-12-07,true
2022-12-08,17.12,11.1,11.093311974369243,low,low,2012-12-10,true
2022-12-09,17.12,11.1,11.128903122497999,low,low,2012-12-10,true
2022-12-12,18.08,14.7,14.657589106928315,low,low,2012-12-12,true
2022-12-13,17.98,14.2,14.177012414897877,low,low,2012-12-13,true
2022-12-14,17.9,13.9,13.856627953544255,low,low,2012-12-14,true
2022-12-15,17.9,13.9,13.896676011213458,low,low,2012-12-17,true
2022-12-16,17.84,13.7,13.650920736589272,low,low,2012-12-17,true
2022-12-19,17.44,12.4,12.37484981978374,low,low,2012-12-19,true
2022-12-20,17.28,12,11.974369243091711,low,low,2012-12-20,true
2022-12-21,17.18,11.6,11.613936724068882,low,low,2012-12-21,true
2022-12-22,16.98,10.1,10.13215859030837,low,low,2012-12-24,true
2022-12-23,16.92,9.4,9.44755804643715,low,low,2012-12-24,true
2022-12-26,17.14,11.4,11.413696435722867,low,low,2012-12-26,true
2022-12-27,17.27,12.1,12.134561473768523,low,low,2012-12-27,true
2022-12-28,17.22,12.1,12.054465358430116,low,low,2012-12-28,true
2022-12-29,17.19,11.8,11.774128954745695,low,low,2012-12-31,true
2022-12-30,17.21,12,12.049639711769416,low,low,2012-12-31,true
2023-01-02,17.21,12.1,12.089671737389912,low,low,2013-01-04,true
2023-01-03,17.47,12.8,12.845138055222089,low,low,2013-01-04,true
2023-01-04,17.45,12.8,12.8,low,low,2013-01-04,true
2023-01-05,17.62,13.4,13.36,low,low,2013-01-07,true
2023-01-06,17.63,13.4,13.434626149540186,low,low,2013-01-07,true
2023-01-09,17.71,13.6,13.639999999999999,low,low,2013-01-09,true
2023-01-10,17.72,13.8,13.76,low,low,2013-01-10,true
2023-01-11,17.64,13.5,13.48,low,low,2013-01-11,true
2023-01-12,17.64,13.5,13.52,low,low,2013-01-14,true
2023-01-13,17.77,14.1,14.114354258296682,low,low,2013-01-14,true
2023-01-16,17.96,15,15.040000000000001,low,low,2013-01-16,true
2023-01-17,17.98,15.2,15.160000000000002,low,low,2013-01-17,true
2023-01-18,18.02,15.3,15.32,low,low,2013-01-18,true
2023-01-19,18.17,16.4,16.36,low,low,2013-01-21,true
2023-01-20,18.29,16.8,16.753298680527788,low,low,2013-01-21,true
2023-01-23,18.29,16.8,16.8,low,low,2013-01-23,true
2023-01-24,18.29,16.8,16.84,low,low,2013-01-24,true
2023-01-25,18.29,16.9,16.88,low,low,2013-01-25,true
2023-01-26,18.29,16.9,16.919999999999998,low,low,2013-01-28,true
2023-01-27,18.29,17,16.953218712514996,low,low,2013-01-28,true
2023-01-30,18.37,17.5,17.48,low,low,2013-01-30,true
2023-01-31,18.39,17.6,17.64,low,low,2013-01-31,true
2023-02-01,18.6,18.8,18.8,low,low,2013-02-01,true
2023-02-02,18.62,19,18.96,low,low,2013-02-04,true
2023-02-03,18.53,18.5,18.512594962015193,low,low,2013-02-04,true
2023-02-06,18.41,17.8,17.8,low,low,2013-02-06,true
2023-02-07,18.45,18,18.04,low,low,2013-02-07,true
2023-02-08,18.32,17.2,17.24,low,low,2013-02-08,true
2023-02-09,18.56,18.8,18.8,low,low,2013-02-18,true
2023-02-10,18.5,18.4,18.39264294282287,low,low,2013-02-18,true
2023-02-13,18.64,19.3,19.26458832933653,low,low,2013-02-18,true
2023-02-14,18.71,19.9,19.93607670795046,low,low,2013-02-18,true
2023-02-15,18.66,19.5,19.528753993610223,low,low,2013-02-18,true
2023-02-16,18.39,17.7,17.684630738522955,low,low,2013-02-18,true
2023-02-17,18.26,16.6,16.600159616919395,low,low,2013-02-18,true
2023-02-20,18.58,19,19.04191616766467,low,low,2013-02-20,true
2023-02-21,18.68,19.9,19.880239520958085,low,low,2013-02-21,true
2023-02-22,18.66,19.7,19.680638722554892,low,low,2013-02-22,true
2023-02-23,18.63,19.4,19.36127744510978,low,low,2013-02-25,true
2023-02-24,18.58,19.1,19.074221867517956,low,low,2013-02-25,true
2023-02-27,18.49,18.4,18.40319361277445,low,low,2013-02-27,true
2023-02-28,18.64,19.5,19.520958083832333,low,low,2013-02-28,true
2023-03-01,18.74,20.6,20.59880239520958,low,low,2013-03-01,true
2023-03-02,18.68,20.1,20.119760479041915,low,low,2013-03-04,true
2023-03-03,18.72,20.5,20.47086991221069,low,low,2013-03-04,true
2023-03-06,18.74,20.7,20.718562874251496,low,low,2013-03-06,true
2023-03-07,18.44,18.1,18.123752495009978,low,low,2013-03-07,true
2023-03-08,18.47,18.3,18.323353293413174,low,low,2013-03-08,true
2023-03-09,18.42,18,17.964071856287426,low,low,2013-03-11,true
2023-03-10,18.18,16.4,16.36073423782921,low,low,2013-03-11,true
2023-03-13,18.29,17,17.045908183632736,low,low,2013-03-13,true
2023-03-14,18.12,16,16.00798403193613,low,low,2013-03-14,true
2023-03-15,18.25,16.6,16.646706586826348,low,low,2013-03-15,true
2023-03-16,18.01,15.2,15.249500998003992,low,low,2013-03-18,true
2023-03-17,18.11,16,16.001596169193935,low,low,2013-03-18,true
2023-03-20,18.02,15.4,15.369261477045908,low,low,2013-03-20,true
2023-03-21,18.22,16.7,16.686626746506985,low,low,2013-03-21,true
2023-03-22,18.29,17.3,17.325349301397207,low,low,2013-03-22,true
2023-03-23,18.39,18.1,18.123752495009978,low,low,2013-03-25,true
2023-03-24,18.37,17.9,17.916999201915402,low,low,2013-03-25,true
2023-03-27,18.36,17.8,17.844311377245507,low,low,2013-03-27,true
2023-03-28,18.29,17.4,17.365269461077844,low,low,2013-03-28,true
2023-03-29,18.22,16.7,16.726546906187625,low,low,2013-03-29,true
2023-03-30,18.31,17.6,17.604790419161674,low,low,2013-04-01,true
2023-03-31,18.44,18.8,18.79489225857941,low,low,2013-04-01,true
2023-04-03,18.61,20,20.039920159680637,low,low,2013-04-03,true
2023-04-04,18.6,20,20,low,low,2013-04-08,true
2023-04-05,18.6,20,20.03192338387869,low,low,2013-04-08,true
2023-04-06,18.64,20.4,20.42281611487834,low,low,2013-04-08,true
2023-04-07,18.75,21.8,21.770334928229666,low,low,2013-04-08,true
2023-04-10,18.64,20.5,20.462704427602713,low,low,2013-04-10,true
2023-04-11,18.66,20.8,20.821699242122058,low,low,2013-04-11,true
2023-04-12,18.7,21.2,21.180694056641407,low,low,2013-04-12,true
2023-04-13,18.62,20.3,20.263262863980856,low,low,2013-04-15,true
2023-04-14,18.7,21.3,21.251993620414673,low,low,2013-04-15,true
2023-04-17,18.81,22.7,22.656561627443157,low,low,2013-04-17,true
2023-04-18,18.79,22.3,22.25767850019944,low,low,2013-04-18,true
2023-04-19,18.68,21.2,21.180694056641407,low,low,2013-04-19,true
2023-04-20,18.63,20.4,20.38292780215397,low,low,2013-04-22,true
2023-04-21,18.24,16.7,16.74641148325359,low,low,2013-04-22,true
2023-04-24,18.1,15.9,15.915436777024333,low,low,2013-04-24,true
2023-04-25,17.84,14.4,14.439569206222577,low,low,2013-04-25,true
2023-04-26,17.92,14.8,14.798564020741923,low,low,2013-04-26,true
2023-04-27,17.99,15.3,15.277223773434384,low,low,2013-05-02,true
2023-04-28,18.19,16.8,16.78628389154705,low,low,2013-05-02,true
2023-05-01,18.19,16.8,16.81944998007174,low,low,2013-05-02,true
2023-05-02,18.19,16.9,16.852589641434264,low,low,2013-05-02,true
2023-05-03,18.19,16.9,16.89243027888446,low,low,2013-05-03,true
2023-05-04,19.08,24.1,24.143426294820717,low,low,2013-05-06,true
2023-05-05,18.85,23.3,23.257666268418955,low,low,2013-05-06,true
2023-05-08,19,23.8,23.824701195219124,low,low,2013-05-08,true
2023-05-09,18.8,22.7,22.749003984063744,low,low,2013-05-09,true
2023-05-10,18.76,22.5,22.50996015936255,low,low,2013-05-10,true
2023-05-11,18.69,21.6,21.593625498007967,low,low,2013-05-13,true
2023-05-12,18.52,19.8,19.753086419753085,low,low,2013-05-13,true
2023-05-15,18.73,22.2,22.15139442231076,low,low,2013-05-15,true
2023-05-16,18.62,20.7,20.677290836653388,low,low,2013-05-16,true
2023-05-17,18.64,21,20.99601593625498,low,low,2013-05-17,true
2023-05-18,18.63,20.8,20.83665338645418,low,low,2013-05-20,true
2023-05-19,18.6,20.4,20.43010752688172,low,low,2013-05-20,true
2023-05-22,18.63,20.9,20.916334661354583,low,low,2013-05-22,true
2023-05-23,18.44,19.2,19.16334661354582,low,low,2013-05-23,true
2023-05-24,18.3,17.8,17.768924302788843,low,low,2013-05-24,true
2023-05-25,18.26,17.3,17.290836653386453,low,low,2013-05-27,true
2023-05-26,18.38,18.6,18.558343289526086,low,low,2013-05-27,true
2023-05-29,18.36,18.4,18.406374501992033,low,low,2013-05-29,true
2023-05-30,18.43,19.1,19.08366533864542,low,low,2013-05-30,true
2023-05-31,18.31,18,18.04780876494024,low,low,2013-05-31,true
2023-06-01,18.31,18.1,18.087649402390436,low,low,2013-06-03,true
2023-06-02,18.44,19.5,19.47431302270012,low,low,2013-06-03,true
2023-06-05,18.4,19,19.00398406374502,low,low,2013-06-05,true
2023-06-06,18.06,15.7,15.697211155378485,low,low,2013-06-06,true
2023-06-07,18.04,15.6,15.577689243027889,low,low,2013-06-07,true
2023-06-08,17.99,15.3,15.298804780876493,low,low,2013-06-13,true
2023-06-09,18.1,16.2,16.168857029072083,low,low,2013-06-13,true
2023-06-12,18.92,24.6,24.562101910828023,low,low,2013-06-13,true
2023-06-13,18.94,24.6,24.63191404695583,low,low,2013-06-13,true
2023-06-14,18.94,24.7,24.671707122960605,low,low,2013-06-14,true
2023-06-15,19.11,25.4,25.387982491046557,low,low,2013-06-17,true
2023-06-16,19.1,25.4,25.37788385043755,low,low,2013-06-17,true
2023-06-19,19.02,25,24.990051730998804,low,low,2013-06-19,true
2023-06-20,18.98,24.9,24.87067250298448,low,low,2013-06-20,true
2023-06-21,18.63,21.5,21.48826104257859,low,low,2013-06-21,true
2023-06-22,18.63,21.5,21.528054118583366,low,low,2013-06-24,true
2023-06-23,18.63,21.6,21.559268098647575,low,low,2013-06-24,true
2023-06-26,18.34,18.5,18.46398726621568,low,low,2013-06-26,true
2023-06-27,18.55,20.5,20.53322721846399,low,low,2013-06-27,true
2023-06-28,18.56,20.7,20.692399522483086,low,low,2013-06-28,true
2023-06-29,18.49,20.1,20.09550338241146,low,low,2013-07-01,true
2023-06-30,18.65,22.1,22.0763723150358,low,low,2013-07-01,true
2023-07-03,18.77,23.8,23.756466374850778,low,low,2013-07-03,true
2023-07-04,18.79,24,23.955431754874652,low,low,2013-07-04,true
2023-07-05,18.67,22.5,22.522881018702744,low,low,2013-07-05,true
2023-07-06,18.55,20.6,20.61281337047354,low,low,2013-07-08,true
2023-07-07,18.49,20.1,20.12728719172633,low,low,2013-07-08,true
2023-07-10,18.56,20.9,20.851571826502187,low,low,2013-07-10,true
2023-07-11,18.68,22.8,22.841225626740947,low,low,2013-07-11,true
2023-07-12,18.47,19.9,19.93633107839236,low,low,2013-07-12,true
2023-07-13,18.71,23.3,23.278949462793474,low,low,2013-07-15,true
2023-07-14,18.64,22.1,22.11614956245028,low,low,2013-07-15,true
2023-07-17,18.57,21,20.970951054516515,low,low,2013-07-17,true
2023-07-18,18.55,20.7,20.732192598487863,low,low,2013-07-18,true
2023-07-19,18.54,20.6,20.61281337047354,low,low,2013-07-19,true
2023-07-20,18.34,18.5,18.503780342220455,low,low,2013-07-22,true
2023-07-21,18.35,18.6,18.615751789976134,low,low,2013-07-22,true
2023-07-24,18.33,18.5,18.46398726621568,low,low,2013-07-24,true
2023-07-25,18.62,21.8,21.84639872662157,low,low,2013-07-25,true
2023-07-26,18.57,21.2,21.209709510545167,low,low,2013-07-26,true
2023-07-27,18.45,19.9,19.896538002387583,low,low,2013-07-29,true
2023-07-28,18.71,23.7,23.707239459029434,low,low,2013-07-29,true
2023-07-31,18.84,25.3,25.30839633903701,low,low,2013-07-31,true
2023-08-01,18.85,25.4,25.387982491046557,low,low,2013-08-01,true
2023-08-02,18.79,24.7,24.711500198965382,low,low,2013-08-02,true
2023-08-03,18.86,25.6,25.586947871070432,low,low,2013-08-05,true
2023-08-04,18.93,25.9,25.894988066825775,low,low,2013-08-05,true
2023-08-07,18.8,24.8,24.830879426979706,low,low,2013-08-07,true
2023-08-08,18.74,24.2,24.154397134898527,low,low,2013-08-08,true
2023-08-09,18.61,21.7,21.72701949860724,low,low,2013-08-09,true
2023-08-10,18.66,23,22.960604854755275,low,low,2013-08-12,true
2023-08-11,18.3,18,17.979315831344472,low,low,2013-08-12,true
2023-08-14,18.32,18.4,18.424194190210905,low,low,2013-08-14,true
2023-08-15,18.25,17.3,17.349781138081973,low,low,2013-08-15,true
2023-08-16,18.12,16.4,16.434540389972145,low,low,2013-08-16,true
2023-08-17,18.24,17.3,17.270194986072422,low,low,2013-08-19,true
2023-08-18,17.96,15.1,15.07557677008751,low,low,2013-08-19,true
2023-08-21,17.76,14,14.007162753680861,low,low,2013-08-21,true
2023-08-22,17.83,14.4,14.365300437723835,low,low,2013-08-22,true
2023-08-23,17.5,13,12.972542777556706,low,low,2013-08-23,true
2023-08-24,17.55,13.1,13.131715081575807,low,low,2013-08-26,true
2023-08-25,17.37,12.5,12.529832935560858,low,low,2013-08-26,true
2023-08-28,17.56,13.2,13.211301233585356,low,low,2013-08-28,true
2023-08-29,17.92,15,15.041782729805014,low,low,2013-08-29,true
2023-08-30,17.91,15,14.962196577795464,low,low,2013-08-30,true
2023-08-31,17.81,14.4,14.365300437723835,low,low,2013-09-02,true
2023-09-01,17.85,14.7,14.7175815433572,low,low,2013-09-02,true
2023-09-04,18.08,16.4,16.434540389972145,low,low,2013-09-04,true
2023-09-05,17.96,15.5,15.519299641862316,low,low,2013-09-05,true
2023-09-06,17.96,15.6,15.55909271786709,low,low,2013-09-06,true
2023-09-07,17.71,13.8,13.84799044966176,low,low,2013-09-09,true
2023-09-08,17.73,14,14.041368337311058,low,low,2013-09-09,true
2023-09-11,17.93,15.3,15.32033426183844,low,low,2013-09-11,true
2023-09-12,17.92,15.3,15.280541185833666,low,low,2013-09-12,true
2023-09-13,17.76,14.3,14.285714285714285,low,low,2013-09-13,true
2023-09-14,17.73,14.1,14.08674890569041,low,low,2013-09-16,true
2023-09-15,17.75,14.2,14.160700079554495,low,low,2013-09-16,true
2023-09-18,17.79,14.5,14.484679665738161,low,low,2013-09-18,true
2023-09-19,17.71,13.9,13.887783525666533,low,low,2013-09-23,true
2023-09-20,17.6,13.4,13.365155131264917,low,low,2013-09-23,true
2023-09-21,17.47,12.9,12.882703777335985,low,low,2013-09-23,true
2023-09-22,17.72,14.1,14.109697933227345,low,low,2013-09-23,true
2023-09-25,17.63,13.6,13.63817097415507,low,low,2013-09-25,true
2023-09-26,17.56,13.3,13.280318091451292,low,low,2013-09-26,true
2023-09-27,17.65,13.8,13.797216699801194,low,low,2013-09-27,true
2023-09-28,17.7,13.9,13.916500994035786,low,low,2013-09-30,true
2023-09-29,17.7,14,13.950715421303656,low,low,2013-09-30,true
2023-10-02,17.7,14,13.990461049284578,low,low,2013-10-08,true
2023-10-03,17.7,14,14.024632499006753,low,low,2013-10-08,true
2023-10-04,17.7,14.1,14.058776806989675,low,low,2013-10-08,true
2023-10-05,17.7,14.1,14.09289400555776,low,low,2013-10-08,true
2023-10-06,17.7,14.1,14.126984126984127,low,low,2013-10-08,true
2023-10-09,17.6,13.5,13.452380952380953,low,low,2013-10-09,true
2023-10-10,17.48,12.9,12.896825396825399,low,low,2013-10-10,true
2023-10-11,17.45,12.8,12.777777777777777,low,low,2013-10-11,true
2023-10-12,17.54,13.2,13.214285714285715,low,low,2013-10-14,true
2023-10-13,17.42,12.7,12.69337564458548,low,low,2013-10-14,true
2023-10-16,17.28,12.3,12.261904761904761,low,low,2013-10-16,true
2023-10-17,17.34,12.5,12.5,low,low,2013-10-17,true
2023-10-18,17.11,11,11.031746031746032,low,low,2013-10-18,true
2023-10-19,16.91,9.2,9.206349206349207,low,low,2013-10-21,true
2023-10-20,16.8,8.2,8.171360571201904,low,low,2013-10-21,true
2023-10-23,16.41,6,5.952380952380952,low,low,2013-10-23,true
2023-10-24,16.61,7.5,7.4603174603174605,low,low,2013-10-24,true
2023-10-25,16.67,7.9,7.896825396825396,low,low,2013-10-25,true
2023-10-26,16.74,8.1,8.134920634920634,low,low,2013-10-28,true
2023-10-27,17.03,10.9,10.868702895676318,low,low,2013-10-28,true
2023-10-30,17.15,11.7,11.746031746031745,low,low,2013-10-30,true
2023-10-31,17.11,11.3,11.34920634920635,low,low,2013-10-31,true
2023-11-01,17.06,11.2,11.150793650793652,low,low,2013-11-01,true
2023-11-02,16.9,9.3,9.285714285714286,low,low,2013-11-04,true
2023-11-03,17.03,10.9,10.948036493454978,low,low,2013-11-04,true
2023-11-06,17.31,12.9,12.936507936507939,low,low,2013-11-06,true
2023-11-07,17.29,12.8,12.817460317460316,low,low,2013-11-07,true
2023-11-08,17.27,12.7,12.738095238095237,low,low,2013-11-08,true
2023-11-09,17.23,12.6,12.619047619047619,low,low,2013-11-11,true
2023-11-10,17.17,12.1,12.098373661245537,low,low,2013-11-11,true
2023-11-13,17.26,12.8,12.777777777777777,low,low,2013-11-13,true
2023-11-14,17.33,13.3,13.253968253968255,low,low,2013-11-14,true
2023-11-15,17.43,13.6,13.61111111111111,low,low,2013-11-15,true
2023-11-16,17.26,12.8,12.817460317460316,low,low,2013-11-18,true
2023-11-17,17.32,13.2,13.248710829036098,low,low,2013-11-18,true
2023-11-20,17.39,13.5,13.531746031746032,low,low,2013-11-20,true
2023-11-21,17.35,13.4,13.412698412698413,low,low,2013-11-21,true
2023-11-22,17.15,11.9,11.944444444444445,low,low,2013-11-22,true
2023-11-23,17.31,13.3,13.253968253968255,low,low,2013-11-25,true
2023-11-24,17.17,12.2,12.177707259024197,low,low,2013-11-25,true
2023-11-27,17.15,12,11.984126984126984,low,low,2013-11-27,true
2023-11-28,17.23,12.8,12.817460317460316,low,low,2013-11-28,true
2023-11-29,17.13,11.7,11.666666666666666,low,low,2013-11-29,true
2023-11-30,17.13,11.7,11.706349206349206,low,low,2013-12-02,true
2023-12-01,17.18,12.4,12.415708052360175,low,low,2013-12-02,true
2023-12-04,17.15,12.1,12.103174603174603,low,low,2013-12-04,true
2023-12-05,16.87,9.1,9.087301587301587,low,low,2013-12-05,true
2023-12-06,16.92,9.7,9.722222222222223,low,low,2013-12-06,true
2023-12-07,16.91,9.5,9.523809523809524,low,low,2013-12-09,true
2023-12-08,16.96,10.4,10.353034510115034,low,low,2013-12-09,true
2023-12-11,16.86,8.9,8.88888888888889,low,low,2013-12-11,true
2023-12-12,16.88,9.2,9.206349206349207,low,low,2013-12-12,true
2023-12-13,16.7,8.1,8.095238095238095,low,low,2013-12-13,true
2023-12-14,16.66,7.9,7.857142857142857,low,low,2013-12-16,true
2023-12-15,16.55,6.9,6.862356207854026,low,low,2013-12-16,true
2023-12-18,16.37,5.8,5.833333333333333,low,low,2013-12-18,true
2023-12-19,16.34,5.8,5.7936507936507935,low,low,2013-12-19,true
2023-12-20,16.15,5,5,low,low,2013-12-20,true
2023-12-21,16.25,5.6,5.595238095238096,low,low,2013-12-23,true
2023-12-22,16.19,5.4,5.39468464894883,low,low,2013-12-23,true
2023-12-25,16.2,5.6,5.555555555555555,low,low,2013-12-25,true
2023-12-26,16.04,4.1,4.1269841269841265,low,low,2013-12-26,true
2023-12-27,16.13,4.9,4.880952380952381,low,low,2013-12-27,true
2023-12-28,16.39,6.3,6.26984126984127,low,low,2013-12-30,true
2023-12-29,16.51,6.7,6.703689012296708,low,low,2013-12-30,true
2024-01-01,16.51,6.7,6.746031746031746,low,low,2014-01-02,true
2024-01-02,16.49,6.7,6.703689012296708,low,low,2014-01-02,true
2024-01-03,16.48,6.6,6.624355414518049,low,low,2014-01-03,true
2024-01-04,16.35,6.1,6.069020230067434,low,low,2014-01-06,true
2024-01-05,16.15,5.1,5.114988104678826,low,low,2014-01-06,true
2024-01-08,15.81,2.9,2.9353431178103926,low,low,2014-01-08,true
2024-01-09,15.86,3.1,3.0940103133677113,low,low,2014-01-09,true
2024-01-10,15.8,2.9,2.8560095200317335,low,low,2014-01-10,true
2024-01-11,15.99,3.8,3.8080126933756446,low,low,2014-01-13,true
2024-01-12,15.96,3.8,3.766851704996035,low,low,2014-01-13,true
2024-01-15,15.91,3.3,3.2526775089250295,low,low,2014-01-15,true
2024-01-16,15.91,3.3,3.2923443078143593,low,low,2014-01-16,true
2024-01-17,15.53,2,1.9833399444664817,low,low,2014-01-17,true
2024-01-18,15.53,2,2.023006743355811,low,low,2014-01-20,true
2024-01-19,15.38,1.3,1.26883425852498,low,low,2014-01-20,true
2024-01-22,14.65,0.5,0.4760015866719556,low,low,2014-01-22,true
2024-01-23,14.91,0.6,0.6346687822292741,low,low,2014-01-23,true
2024-01-24,15.14,1,0.9916699722332408,low,low,2014-01-24,true
2024-01-25,15.58,2.3,2.261007536691789,low,low,2014-01-27,true
2024-01-26,15.46,1.7,1.6653449643140366,low,low,2014-01-27,true
2024-01-29,15.19,1.1,1.1106703689012296,low,low,2014-01-29,true
2024-01-30,14.84,0.6,0.5553351844506148,low,low,2014-01-30,true
2024-01-31,14.53,0.4,0.3570011900039667,low,low,2014-02-07,true
2024-02-01,14.46,0.4,0.3568596352101507,low,low,2014-02-07,true
2024-02-02,14.12,0.2,0.19817677368212444,low,low,2014-02-07,true
2024-02-05,13.84,0.2,0.19809825673534073,low,low,2014-02-07,true
2024-02-06,14.86,0.8,0.7524752475247525,low,low,2014-02-07,true
2024-02-07,15.77,3.4,3.365003958828187,low,low,2014-02-07,true
2024-02-08,15.86,3.8,3.800475059382423,low,low,2014-02-10,true
2024-02-09,15.86,3.8,3.838543727740404,low,low,2014-02-10,true
2024-02-12,15.86,3.9,3.879651623119557,low,low,2014-02-12,true
2024-02-13,15.86,3.9,3.9192399049881232,low,low,2014-02-13,true
2024-02-14,15.86,4,3.95882818685669,low,low,2014-02-14,true
2024-02-15,15.86,4,3.998416468725257,low,low,2014-02-17,true
2024-02-16,15.86,4,4.036406806489909,low,low,2014-02-17,true
2024-02-19,15.81,3.6,3.642121931908155,low,low,2014-02-19,true
2024-02-20,15.83,3.7,3.721298495645289,low,low,2014-02-20,true
2024-02-21,15.83,3.8,3.760886777513856,low,low,2014-02-21,true
2024-02-22,15.93,4.6,4.631828978622328,low,low,2014-02-24,true
2024-02-23,15.99,5,5.0257222002374355,low,low,2014-02-24,true
2024-02-26,15.96,4.9,4.948535233570863,low,low,2014-02-26,true
2024-02-27,16.27,7.2,7.244655581947744,low,low,2014-02-27,true
2024-02-28,15.94,4.8,4.750593824228028,low,low,2014-02-28,true
2024-02-29,16.43,8,7.957244655581948,low,low,2014-03-03,true
2024-03-01,16.5,8.4,8.389394538979026,low,low,2014-03-03,true
2024-03-04,16.53,8.9,8.943411159477641,low,low,2014-03-04,true
2024-03-05,16.43,8,7.993668381480015,low,low,2014-03-05,true
2024-03-06,16.43,8,8.033240997229916,low,low,2014-03-06,true
2024-03-07,16.24,7.2,7.241788682231895,low,low,2014-03-07,true
2024-03-08,16.45,8.2,8.191531460229521,low,low,2014-03-10,true
2024-03-11,16.7,10.6,10.565888405223586,low,low,2014-03-11,true
2024-03-12,16.64,10.1,10.051444400474871,low,low,2014-03-12,true
2024-03-13,16.6,9.7,9.695290858725762,low,low,2014-03-13,true
2024-03-14,16.55,9.3,9.25999208547685,low,low,2014-03-14,true
2024-03-15,16.72,10.8,10.76375148397309,low,low,2014-03-17,true
2024-03-18,16.92,12.5,12.544519192718639,low,low,2014-03-18,true
2024-03-19,16.77,10.9,10.922041946972696,low,low,2014-03-19,true
2024-03-20,16.8,11.1,11.080332409972298,low,low,2014-03-20,true
2024-03-21,16.71,10.7,10.72417886822319,low,low,2014-03-21,true
2024-03-22,16.47,8.2,8.231104075979422,low,low,2014-03-24,true
2024-03-25,16.24,7.3,7.281361297981796,low,low,2014-03-25,true
2024-03-26,16.23,7.2,7.202216066481995,low,low,2014-03-26,true
2024-03-27,15.87,4.2,4.194697269489513,low,low,2014-03-27,true
2024-03-28,16.07,5.9,5.93589236248516,low,low,2014-03-28,true
2024-03-29,16.27,7.5,7.518796992481203,low,low,2014-03-31,true
2024-04-01,16.59,9.9,9.93272655322517,low,low,2014-04-01,true
2024-04-02,16.56,9.5,9.537000395726157,low,low,2014-04-02,true
2024-04-03,16.56,9.6,9.576573011476059,low,low,2014-04-03,true
2024-04-04,16.56,9.6,9.61614562722596,low,low,2014-04-04,true
2024-04-05,16.56,9.7,9.65571824297586,low,low,2014-04-08,true
2024-04-08,16.34,7.8,7.832278481012659,low,low,2014-04-08,true
2024-04-09,16.47,8.5,8.504746835443038,low,low,2014-04-09,true
2024-04-10,16.29,7.6,7.59493670886076,low,low,2014-04-10,true
2024-04-11,16.38,8.1,8.109177215189874,low,low,2014-04-11,true
2024-04-12,16.31,7.8,7.792721518987341,low,low,2014-04-14,true
2024-04-15,16.55,9.7,9.731012658227849,low,low,2014-04-15,true
2024-04-16,16.14,6.5,6.526898734177215,low,low,2014-04-16,true
2024-04-17,16.56,10,9.968354430379748,low,low,2014-04-17,true
2024-04-18,16.58,10.3,10.324367088607595,low,low,2014-04-18,true
2024-04-19,16.5,9.1,9.058544303797468,low,low,2014-04-21,true
2024-04-22,16.36,8,8.030063291139241,low,low,2014-04-22,true
2024-04-23,16.15,6.7,6.724683544303797,low,low,2014-04-23,true
2024-04-24,16.31,7.9,7.9113924050632916,low,low,2014-04-24,true
2024-04-25,16.3,7.8,7.753164556962025,low,low,2014-04-25,true
2024-04-26,16.6,10.8,10.759493670886076,low,low,2014-04-28,true
2024-04-29,16.89,13.1,13.093354430379748,low,low,2014-04-29,true
2024-04-30,16.78,12.1,12.06487341772152,low,low,2014-04-30,true
2024-05-01,16.78,12.1,12.104430379746836,low,low,2014-05-05,true
2024-05-02,16.78,12.1,12.13918544879399,low,low,2014-05-05,true
2024-05-03,16.78,12.2,12.173913043478262,low,low,2014-05-05,true
2024-05-06,20.01,40.5,40.47430830039526,mid,low,2014-05-06,true
2024-05-07,20,40.5,40.47430830039526,mid,low,2014-05-07,true
2024-05-08,19.77,38.8,38.81422924901186,mid,low,2014-05-08,true
2024-05-09,20.13,41.3,41.30434782608695,mid,low,2014-05-09,true
2024-05-10,20.08,41.1,41.06719367588933,mid,mid,2014-05-12,true
2024-05-13,20.02,40.6,40.59288537549407,mid,mid,2014-05-13,true
2024-05-14,20,40.6,40.55335968379447,mid,mid,2014-05-14,true
2024-05-15,19.8,39.1,39.09090909090909,mid,mid,2014-05-15,true
2024-05-16,19.71,38.2,38.22134387351779,mid,mid,2014-05-16,true
2024-05-17,19.92,39.8,39.76284584980237,mid,mid,2014-05-19,true
2024-05-20,20,40.7,40.71146245059288,mid,mid,2014-05-20,true
2024-05-21,19.84,39.3,39.32806324110672,mid,mid,2014-05-21,true
2024-05-22,19.7,38.1,38.06324110671937,mid,mid,2014-05-22,true
2024-05-23,19.34,35.7,35.65217391304348,mid,mid,2014-05-23,true
2024-05-24,19.18,34.8,34.82213438735178,mid,mid,2014-05-26,true
2024-05-27,19.4,36,35.96837944664031,mid,mid,2014-05-27,true
2024-05-28,19.2,35,34.980237154150196,mid,mid,2014-05-28,true
2024-05-29,19.24,35.2,35.177865612648226,mid,mid,2014-05-29,true
2024-05-30,19.14,34.5,34.54545454545455,mid,mid,2014-05-30,true
2024-05-31,19.14,34.6,34.58498023715415,mid,mid,2014-06-03,true
2024-06-03,19.01,33.8,33.78111418411695,mid,mid,2014-06-03,true
2024-06-04,19.27,35.5,35.48004741209008,mid,mid,2014-06-04,true
2024-06-05,19.04,34.1,34.05768470960095,mid,mid,2014-06-05,true
2024-06-06,18.89,33.3,33.267483208218096,mid,mid,2014-06-06,true
2024-06-07,18.81,32.8,32.75385223231924,mid,mid,2014-06-09,true
2024-06-10,18.81,32.8,32.793362307388385,mid,mid,2014-06-10,true
2024-06-11,18.77,32,32.00316080600553,mid,mid,2014-06-11,true
2024-06-12,18.83,32.9,32.91189253259581,mid,mid,2014-06-12,true
2024-06-13,18.7,30.9,30.936388779138678,mid,mid,2014-06-13,true
2024-06-14,18.74,31.7,31.68708020545239,mid,mid,2014-06-16,true
2024-06-17,18.98,34,34.0181746345318,mid,mid,2014-06-17,true
2024-06-18,19.04,34.4,34.41327538522323,mid,mid,2014-06-18,true
2024-06-19,18.81,33,32.95140260766495,mid,mid,2014-06-19,true
2024-06-20,18.56,28.6,28.565784274990126,low,mid,2014-06-20,true
2024-06-21,18.59,28.9,28.921374950612407,low,mid,2014-06-23,true
2024-06-24,18.21,24.4,24.377716317661,low,mid,2014-06-24,true
2024-06-25,18.08,23.2,23.23192414065587,low,mid,2014-06-25,true
2024-06-26,18.29,25.4,25.365468194389567,low,mid,2014-06-26,true
2024-06-27,17.95,22.1,22.125642038719874,low,mid,2014-06-27,true
2024-06-28,18.03,22.8,22.797313314895298,low,mid,2014-06-30,true
2024-07-01,18.28,25,25.049387593836432,low,mid,2014-07-01,true
2024-07-02,18.05,23,22.99486369024101,low,mid,2014-07-02,true
2024-07-03,17.89,21.5,21.532990912682735,low,mid,2014-07-03,true
2024-07-04,17.62,19.4,19.438956934018176,low,mid,2014-07-04,true
2024-07-05,17.72,20.4,20.426708810746742,low,mid,2014-07-07,true
2024-07-08,17.43,18.4,18.411694982220467,low,low,2014-07-08,true
2024-07-09,17.75,20.7,20.70327933623074,low,low,2014-07-09,true
2024-07-10,17.6,19.4,19.35993678387989,low,low,2014-07-10,true
2024-07-11,17.92,22.1,22.086131963650733,low,low,2014-07-11,true
2024-07-12,17.84,21.5,21.532990912682735,low,low,2014-07-14,true
2024-07-15,17.73,20.7,20.663769261161598,low,low,2014-07-15,true
2024-07-16,17.75,20.8,20.82180956143817,low,low,2014-07-16,true
2024-07-17,17.59,19.3,19.280916633741604,low,low,2014-07-17,true
2024-07-18,17.68,19.9,19.873567759778744,low,low,2014-07-18,true
2024-07-19,17.65,19.8,19.834057684709602,low,low,2014-07-21,true
2024-07-22,17.61,19.4,19.438956934018176,low,low,2014-07-22,true
2024-07-23,17.11,15.8,15.76451995258791,low,low,2014-07-23,true
2024-07-24,16.95,14.4,14.381667325167918,low,low,2014-07-24,true
2024-07-25,16.95,14.4,14.42117740023706,low,low,2014-07-25,true
2024-07-26,17.18,16.9,16.870802054523903,low,low,2014-07-28,true
2024-07-29,17.09,15.7,15.685499802449623,low,low,2014-07-29,true
2024-07-30,17.04,15.4,15.369419201896484,low,low,2014-07-30,true
2024-07-31,17.68,20.2,20.229158435401025,low,low,2014-07-31,true
2024-08-01,17.55,19.3,19.320426708810746,low,low,2014-08-01,true
2024-08-02,17.34,18.3,18.253654681943896,low,low,2014-08-04,true
2024-08-05,17.02,15.1,15.132358751481629,low,low,2014-08-05,true
2024-08-06,17.21,17.4,17.38443303042276,low,low,2014-08-06,true
2024-08-07,17.22,17.5,17.502963255630185,low,low,2014-08-07,true
2024-08-08,17.21,17.4,17.4239431054919,low,low,2014-08-08,true
2024-08-09,17.09,15.8,15.804030027657054,low,low,2014-08-11,true
2024-08-12,17.09,15.8,15.843540102726195,low,low,2014-08-12,true
2024-08-13,17.14,16.5,16.475701303832476,low,low,2014-08-13,true
2024-08-14,16.92,13.9,13.907546424338207,low,low,2014-08-14,true
2024-08-15,17.04,15.5,15.487949427103912,low,low,2014-08-15,true
2024-08-16,16.93,14.2,14.184116949822204,low,low,2014-08-18,true
2024-08-19,16.99,14.9,14.934808376135914,low,low,2014-08-19,true
2024-08-20,16.7,11.7,11.734492295535363,low,low,2014-08-20,true
2024-08-21,16.64,11.2,11.181351244567365,low,low,2014-08-21,true
2024-08-22,16.46,8.8,8.771236665349665,low,low,2014-08-22,true
2024-08-23,16.48,9.1,9.087317265902806,low,low,2014-08-25,true
2024-08-26,16.48,9.1,9.126827340971948,low,low,2014-08-26,true
2024-08-27,16.32,8,7.981035163966811,low,low,2014-08-27,true
2024-08-28,16.35,8.2,8.178585539312525,low,low,2014-08-28,true
2024-08-29,16.52,9.9,9.877518767285657,low,low,2014-08-29,true
2024-08-30,16.79,12.5,12.524693796918216,low,low,2014-09-01,true
2024-09-02,16.89,13.6,13.630975898854208,low,low,2014-09-02,true
2024-09-03,17.04,16,16.001580403002766,low,low,2014-09-03,true
2024-09-04,17,15.4,15.408929276965628,low,low,2014-09-04,true
2024-09-05,17.06,16.3,16.317661003555905,low,low,2014-09-05,true
2024-09-06,16.83,13,13.038324772817067,low,low,2014-09-09,true
2024-09-09,16.7,12,12.045813586097946,low,low,2014-09-09,true
2024-09-10,16.69,11.9,11.92733017377567,low,low,2014-09-10,true
2024-09-11,16.68,11.9,11.88783570300158,low,low,2014-09-11,true
2024-09-12,16.63,11.3,11.334913112164296,low,low,2014-09-12,true
2024-09-13,16.47,9,8.9652448657188,low,low,2014-09-15,true
2024-09-16,16.47,9,9.004739336492891,low,low,2014-09-16,true
2024-09-17,16.47,9,9.044233807266982,low,low,2014-09-17,true
2024-09-18,16.55,10.3,10.347551342812006,low,low,2014-09-18,true
2024-09-19,16.73,12.5,12.480252764612953,low,low,2014-09-19,true
2024-09-20,16.65,11.8,11.808846761453397,low,low,2014-09-22,true
2024-09-23,16.63,11.5,11.532385466034755,low,low,2014-09-23,true
2024-09-24,17.34,19.7,19.70774091627172,low,low,2014-09-24,true
2024-09-25,17.48,20.5,20.45813586097946,low,low,2014-09-25,true
2024-09-26,18.22,27.1,27.053712480252766,low,low,2014-09-26,true
2024-09-27,19.13,37.7,37.7172195892575,mid,low,2014-09-29,true
2024-09-30,21.06,51,50.98736176935229,mid,low,2014-09-30,true
2024-10-01,21.06,51,51.026856240126385,mid,low,2014-10-08,true
2024-10-02,21.06,51,51.04619028819582,mid,low,2014-10-08,true
2024-10-03,21.06,51.1,51.065509076558804,mid,mid,2014-10-08,true
2024-10-04,21.06,51.1,51.08481262327417,mid,mid,2014-10-08,true
2024-10-07,21.06,51.1,51.10410094637224,mid,mid,2014-10-08,true
2024-10-08,22.41,54,54.000788332676386,mid,mid,2014-10-08,true
2024-10-09,20.85,50.1,50.059124950729206,mid,mid,2014-10-09,true
2024-10-10,20.79,49.7,49.66495861253449,mid,mid,2014-10-10,true
2024-10-11,20.04,44.5,44.54079621600315,mid,mid,2014-10-13,true
2024-10-14,20.51,47.9,47.851793456838784,mid,mid,2014-10-14,true
2024-10-15,20,44.3,44.34371304690579,mid,mid,2014-10-15,true
2024-10-16,19.94,43.5,43.51596373669689,mid,mid,2014-10-16,true
2024-10-17,19.76,42.2,42.21521482065432,mid,mid,2014-10-17,true
2024-10-18,20.5,47.9,47.89121009065826,mid,mid,2014-10-20,true
2024-10-21,20.7,49.6,49.58612534489555,mid,mid,2014-10-21,true
2024-10-22,20.88,50.5,50.53212455656288,mid,mid,2014-10-22,true
2024-10-23,20.97,50.9,50.88687426093812,mid,mid,2014-10-23,true
2024-10-24,20.79,50,49.980291683090265,mid,mid,2014-10-24,true
2024-10-25,21.07,51.6,51.63579030350808,mid,mid,2014-10-27,true
2024-10-28,21.31,52.8,52.81828931809224,mid,mid,2014-10-28,true
2024-10-29,21.03,51.3,51.32045723295231,mid,mid,2014-10-29,true
2024-10-30,21.07,51.7,51.71462357114702,mid,mid,2014-10-30,true
2024-10-31,21.25,52.8,52.77887268427276,mid,mid,2014-10-31,true
2024-11-01,21.14,52,51.990540007883325,mid,mid,2014-11-03,true
2024-11-04,21.51,53.4,53.37012219156484,mid,mid,2014-11-04,true
2024-11-05,22.11,54.4,54.39495467087111,mid,mid,2014-11-05,true
2024-11-06,22.12,54.4,54.43437130469058,mid,mid,2014-11-06,true
2024-11-07,22.53,55.3,55.26212061489949,mid,mid,2014-11-07,true
2024-11-08,22.43,55,55.025620811982655,mid,mid,2014-11-10,true
2024-11-11,22.74,55.7,55.69570358691368,mid,mid,2014-11-11,true
2024-11-12,22.5,55.2,55.183287347260546,mid,mid,2014-11-12,true
2024-11-13,22.5,55.2,55.22270398108001,mid,mid,2014-11-13,true
2024-11-14,21.92,54.3,54.27670476941269,mid,mid,2014-11-14,true
2024-11-15,21.42,53.2,53.21245565628695,mid,mid,2014-11-17,true
2024-11-18,21.17,52.1,52.06937327552227,mid,mid,2014-11-18,true
2024-11-19,21.5,53.4,53.44895545920379,mid,mid,2014-11-19,true
2024-11-20,21.67,53.8,53.76428852975956,mid,mid,2014-11-20,true
2024-11-21,21.62,53.7,53.68545526212062,mid,mid,2014-11-21,true
2024-11-22,20.8,50.1,50.059124950729206,mid,mid,2014-11-24,true
2024-11-25,20.75,49.8,49.822625147812374,mid,mid,2014-11-25,true
2024-11-26,20.62,49,49.034292471422944,mid,mid,2014-11-26,true
2024-11-27,21.01,51.3,51.32045723295231,mid,mid,2014-11-27,true
2024-11-28,20.86,50.6,50.57154119038234,mid,mid,2014-11-28,true
2024-11-29,21.18,52.4,52.38470634607805,mid,mid,2014-12-01,true
2024-12-02,21.47,53.6,53.60662199448167,mid,mid,2014-12-02,true
2024-12-03,21.45,53.5,53.52778872684273,mid,mid,2014-12-03,true
2024-12-04,21.25,53.1,53.13362238864801,mid,mid,2014-12-04,true
2024-12-05,21.3,53.2,53.21245565628695,mid,mid,2014-12-05,true
2024-12-06,21.6,54,54.040204966495864,mid,mid,2014-12-08,true
2024-12-09,21.51,53.9,53.921955065037444,mid,mid,2014-12-09,true
2024-12-10,21.65,54.3,54.27670476941269,mid,mid,2014-12-10,true
2024-12-11,21.84,54.8,54.78912100906582,mid,mid,2014-12-11,true
2024-12-12,22.03,55.2,55.183287347260546,mid,mid,2014-12-12,true
2024-12-13,21.63,54.2,54.197871501773754,mid,mid,2014-12-15,true
2024-12-16,22.53,56.3,56.28695309420575,mid,mid,2014-12-16,true
2024-12-17,22.35,55.7,55.6562869530942,mid,mid,2014-12-17,true
2024-12-18,22.49,56.1,56.050453291288925,mid,mid,2014-12-18,true
2024-12-19,22.52,56.3,56.32636972802523,mid,mid,2014-12-19,true
2024-12-20,22.57,56.4,56.44461962948364,mid,mid,2014-12-22,true
2024-12-23,22.27,55.5,55.49862041781631,mid,mid,2014-12-23,true
2024-12-24,22.58,56.6,56.56286953094206,mid,mid,2014-12-24,true
2024-12-25,22.4,55.8,55.77453685455262,mid,mid,2014-12-25,true
2024-12-26,22.53,56.5,56.52345289712258,mid,mid,2014-12-26,true
2024-12-27,22.59,56.7,56.68111943240047,mid,mid,2014-12-29,true
2024-12-30,22.59,56.7,56.72053606621994,mid,mid,2014-12-30,true
2024-12-31,22,55.2,55.183287347260546,mid,mid,2014-12-31,true
2025-01-01,22,55.2,55.22270398108001,mid,mid,2015-01-05,true
2025-01-02,21.32,53.3,53.349093774625686,mid,mid,2015-01-05,true
2025-01-03,20.94,51,51.04371799921229,mid,mid,2015-01-05,true
2025-01-06,20.95,51.1,51.08310358408822,mid,mid,2015-01-06,true
2025-01-07,21.12,52.1,52.10712879086255,mid,mid,2015-01-07,true
2025-01-08,21.05,51.6,51.634501772351314,mid,mid,2015-01-08,true
2025-01-09,20.99,51.3,51.31941709334383,mid,mid,2015-01-09,true
2025-01-10,20.72,49.8,49.783379283182356,mid,mid,2015-01-12,true
2025-01-13,20.75,49.9,49.90153603781016,mid,mid,2015-01-13,true
2025-01-14,21.43,53.9,53.879480110279644,mid,mid,2015-01-14,true
2025-01-15,21.25,53.4,53.40685309176841,mid,mid,2015-01-15,true
2025-01-16,21.34,53.7,53.68255218589996,mid,mid,2015-01-16,true
2025-01-17,21.52,54.4,54.35210712879086,mid,mid,2015-01-19,true
2025-01-20,21.63,54.7,54.667191807798346,mid,mid,2015-01-20,true
2025-01-21,21.69,54.9,54.86411973217802,mid,mid,2015-01-21,true
2025-01-22,21.59,54.5,54.47026388341867,mid,mid,2015-01-22,true
2025-01-23,21.52,54.4,54.3914927136668,mid,mid,2015-01-23,true
2025-01-24,22.01,55.9,55.888144938952344,mid,mid,2015-01-26,true
2025-01-27,21.83,55.4,55.37613233556519,mid,mid,2015-01-27,true
2025-01-28,21.83,55.4,55.41551792044112,mid,mid,2015-01-28,true
2025-01-29,21.83,55.5,55.454903505317056,mid,mid,2015-01-29,true
2025-01-30,21.83,55.5,55.49428909019299,mid,mid,2015-01-30,true
2025-01-31,21.83,55.5,55.53367467506892,mid,mid,2015-02-02,true
2025-02-03,21.83,55.6,55.57306025994486,mid,mid,2015-02-03,true
2025-02-04,21.83,55.6,55.61244584482079,mid,mid,2015-02-04,true
2025-02-05,21.82,55.3,55.29736116581331,mid,mid,2015-02-05,true
2025-02-06,22.27,56.6,56.55769988184325,mid,mid,2015-02-06,true
2025-02-07,22.56,57.6,57.621110673493504,mid,mid,2015-02-09,true
2025-02-10,22.72,58.1,58.13312327688066,mid,mid,2015-02-10,true
2025-02-11,22.63,57.9,57.93619535250099,mid,mid,2015-02-11,true
2025-02-12,22.91,58.5,58.48759354076408,mid,mid,2015-02-12,true
2025-02-13,22.74,58.3,58.29066561638441,mid,mid,2015-02-13,true
2025-02-14,22.91,58.6,58.56636471051595,mid,mid,2015-02-16,true
2025-02-17,22.56,57.7,57.660496258369434,mid,mid,2015-02-17,true
2025-02-18,22.19,56.5,56.47892871209137,mid,mid,2015-02-25,true
2025-02-19,22.53,57.6,57.637795275590555,mid,mid,2015-02-25,true
2025-02-20,22.55,57.7,57.654466745375835,mid,mid,2015-02-25,true
2025-02-21,22.89,58.6,58.61526357199056,mid,mid,2015-02-25,true
2025-02-24,22.86,58.5,58.51356665355879,mid,mid,2015-02-25,true
2025-02-25,22.59,57.9,57.90094339622641,mid,mid,2015-02-25,true
2025-02-26,22.85,58.5,58.52987421383647,mid,mid,2015-02-26,true
2025-02-27,22.78,58.4,58.411949685534594,mid,mid,2015-02-27,true
2025-02-28,22.2,56.4,56.407232704402524,mid,mid,2015-03-02,true
2025-03-03,22.31,56.6,56.564465408805034,mid,mid,2015-03-03,true
2025-03-04,22.44,57.1,57.11477987421384,mid,mid,2015-03-04,true
2025-03-05,22.46,57.2,57.15408805031446,mid,mid,2015-03-05,true
2025-03-06,22.77,58.6,58.569182389937104,mid,mid,2015-03-06,true
2025-03-07,22.67,58.3,58.29402515723271,mid,mid,2015-03-09,true
2025-03-10,22.71,58.5,58.45125786163522,mid,mid,2015-03-10,true
2025-03-11,22.82,58.8,58.80503144654088,mid,mid,2015-03-11,true
2025-03-12,22.8,58.8,58.76572327044025,mid,mid,2015-03-12,true
2025-03-13,22.65,58.2,58.215408805031444,mid,mid,2015-03-13,true
2025-03-14,23.05,59.6,59.63050314465409,mid,mid,2015-03-16,true
2025-03-17,23.07,59.7,59.74842767295597,mid,mid,2015-03-17,true
2025-03-18,23.15,59.9,59.94496855345912,mid,mid,2015-03-18,true
2025-03-19,23.06,59.7,59.709119496855344,mid,mid,2015-03-19,true
2025-03-20,22.88,59,59.040880503144656,mid,mid,2015-03-20,true
2025-03-21,22.61,58.1,58.136792452830186,mid,mid,2015-03-23,true
2025-03-24,22.64,58.3,58.25471698113207,mid,mid,2015-03-24,true
2025-03-25,22.6,58.1,58.136792452830186,mid,mid,2015-03-25,true
2025-03-26,22.59,58.1,58.09748427672956,mid,mid,2015-03-26,true
2025-03-27,22.62,58.3,58.29402515723271,mid,mid,2015-03-27,true
2025-03-28,22.47,57.2,57.23270440251572,mid,mid,2015-03-30,true
2025-03-31,22.24,56.4,56.44654088050315,mid,mid,2015-03-31,true
2025-04-01,22.4,56.9,56.91823899371069,mid,mid,2015-04-01,true
2025-04-02,22.44,57.2,57.23270440251572,mid,mid,2015-04-02,true
2025-04-03,22.23,56.4,56.44654088050315,mid,mid,2015-04-03,true
2025-04-04,22.23,56.5,56.485849056603776,mid,mid,2015-04-07,true
2025-04-07,20.13,45.2,45.22593320235757,mid,mid,2015-04-07,true
2025-04-08,20.31,46.5,46.52259332023576,mid,mid,2015-04-08,true
2025-04-09,20.7,49.6,49.587426326129666,mid,mid,2015-04-09,true
2025-04-10,21.1,52.3,52.25933202357563,mid,mid,2015-04-10,true
2025-04-11,21.2,53.1,53.123772102161105,mid,mid,2015-04-13,true
2025-04-14,21.35,53.9,53.87033398821218,mid,mid,2015-04-14,true
2025-04-15,21.28,53.6,53.555992141453835,mid,mid,2015-04-15,true
2025-04-16,21.1,52.3,52.29862475442043,mid,mid,2015-04-16,true
2025-04-17,21.09,52.2,52.220039292730846,mid,mid,2015-04-17,true
2025-04-18,21.11,52.4,52.377210216110015,mid,mid,2015-04-20,true
2025-04-21,21.4,54.1,54.10609037328095,mid,mid,2015-04-21,true
2025-04-22,21.35,54.1,54.06679764243615,mid,mid,2015-04-22,true
2025-04-23,21.39,54.1,54.145383104125735,mid,mid,2015-04-23,true
2025-04-24,21.32,53.9,53.90962671905698,mid,mid,2015-04-24,true
2025-04-25,21.4,54.3,54.26326129666011,mid,mid,2015-04-27,true
2025-04-28,21.26,53.7,53.67387033398822,mid,mid,2015-04-28,true
2025-04-29,21.27,53.7,53.713163064833005,mid,mid,2015-04-29,true
2025-04-30,21.33,54,54.02750491159135,mid,mid,2015-04-30,true
2025-05-01,21.33,54.1,54.06679764243615,mid,mid,2015-05-04,true
2025-05-02,21.33,54.1,54.08483896307934,mid,mid,2015-05-04,true
2025-05-05,21.33,54.1,54.12411626080126,mid,mid,2015-05-05,true
2025-05-06,21.15,52.6,52.5923016496465,mid,mid,2015-05-06,true
2025-05-07,21.2,53.3,53.299293008641,mid,mid,2015-05-07,true
2025-05-08,21.27,53.8,53.809897879025925,mid,mid,2015-05-08,true
2025-05-09,21.14,52.6,52.5923016496465,mid,mid,2015-05-11,true
2025-05-12,21.37,54.5,54.516889238020426,mid,mid,2015-05-12,true
2025-05-13,21.33,54.3,54.320502749410835,mid,mid,2015-05-13,true
2025-05-14,21.4,54.8,54.752553024351926,mid,mid,2015-05-14,true
2025-05-15,21.15,52.7,52.670856245090334,mid,mid,2015-05-15,true
2025-05-16,21.13,52.5,52.513747054202675,mid,mid,2015-05-18,true
2025-05-19,21.17,52.8,52.82796543597801,mid,mid,2015-05-19,true
2025-05-20,21.26,53.9,53.92772977219167,mid,mid,2015-05-20,true
2025-05-21,21.29,54.1,54.08483896307934,mid,mid,2015-05-21,true
2025-05-22,21.08,52.2,52.160251374705425,mid,mid,2015-05-22,true
2025-05-23,20.91,50.9,50.86410054988216,mid,mid,2015-05-25,true
2025-05-26,20.96,51.2,51.21759622937942,mid,mid,2015-05-26,true
2025-05-27,20.9,50.8,50.82482325216026,mid,mid,2015-05-27,true
2025-05-28,20.89,50.8,50.82482325216026,mid,mid,2015-05-28,true
2025-05-29,21.15,52.9,52.94579732914375,mid,mid,2015-05-29,true
2025-05-30,20.99,51.6,51.57109190887667,mid,mid,2015-06-01,true
2025-06-02,20.99,51.6,51.610369206598584,mid,mid,2015-06-02,true
2025-06-03,21.08,52.4,52.43519245875884,mid,mid,2015-06-03,true
2025-06-04,21.22,53.9,53.88845247446976,mid,mid,2015-06-04,true
2025-06-05,21.28,54.5,54.47761194029851,mid,mid,2015-06-05,true
2025-06-06,21.23,53.9,53.92772977219167,mid,mid,2015-06-08,true
2025-06-09,21.36,55.2,55.223880597014926,mid,mid,2015-06-09,true
2025-06-10,21.22,53.9,53.92772977219167,mid,mid,2015-06-10,true
2025-06-11,21.34,55.1,55.106048703849176,mid,mid,2015-06-11,true
2025-06-12,21.36,55.3,55.34171249018067,mid,mid,2015-06-12,true
2025-06-13,21.13,52.9,52.867242733699925,mid,mid,2015-06-15,true
2025-06-16,21.73,56.9,56.91280439905735,mid,mid,2015-06-16,true
2025-06-17,21.66,56.7,56.71641791044776,mid,mid,2015-06-17,true
2025-06-18,21.63,56.6,56.59858601728202,mid,mid,2015-06-18,true
2025-06-19,21.32,54.9,54.9096622152396,mid,mid,2015-06-19,true
2025-06-20,21.19,53.8,53.809897879025925,mid,mid,2015-06-23,true
2025-06-23,21.29,54.7,54.691794267766,mid,mid,2015-06-23,true
2025-06-24,21.62,56.6,56.61562622693365,mid,mid,2015-06-24,true
2025-06-25,21.97,58.1,58.14683941892422,mid,mid,2015-06-25,true
2025-06-26,21.89,58,57.95053003533569,mid,mid,2015-06-26,true
2025-06-27,21.98,58.2,58.225363172359636,mid,mid,2015-06-29,true
2025-06-30,22.15,58.6,58.61798193953671,mid,mid,2015-06-30,true
2025-07-01,22.23,58.9,58.853553199842956,mid,mid,2015-07-01,true
2025-07-02,22.11,58.5,58.50019630938359,mid,mid,2015-07-02,true
2025-07-03,22.18,58.7,58.735767569689834,mid,mid,2015-07-03,true
2025-07-04,22.16,58.7,58.696505692972124,mid,mid,2015-07-06,true
2025-07-07,22.16,58.7,58.735767569689834,mid,mid,2015-07-07,true
2025-07-08,22.43,59.8,59.79583824106792,mid,mid,2015-07-08,true
2025-07-09,22.35,59.4,59.44248135060855,mid,mid,2015-07-09,true
2025-07-10,22.48,60.1,60.07067137809188,mid,mid,2015-07-10,true
2025-07-11,22.62,61.2,61.20926580290538,mid,mid,2015-07-13,true
2025-07-14,22.61,61.1,61.130742049469966,mid,mid,2015-07-14,true
2025-07-15,22.56,60.7,60.73812328229289,mid,mid,2015-07-15,true
2025-07-16,22.55,60.7,60.65959952885748,mid,mid,2015-07-16,true
2025-07-17,22.78,62,61.99450333725952,mid,mid,2015-07-17,true
2025-07-18,22.86,62.3,62.30859835100118,mid,mid,2015-07-20,true
2025-07-21,23.12,63.3,63.25088339222616,mid,mid,2015-07-21,true
2025-07-22,23.37,64.7,64.70357283078131,mid,mid,2015-07-22,true
2025-07-23,23.3,64.4,64.42873969375736,mid,mid,2015-07-23,true
2025-07-24,23.64,66.1,66.11700039261876,mid,mid,2015-07-24,true
2025-07-25,23.6,66,66.03847663918336,mid,mid,2015-07-27,true
2025-07-28,23.65,66.2,66.19552414605418,mid,mid,2015-07-28,true
2025-07-29,23.75,66.7,66.70592854338437,mid,mid,2015-07-29,true
2025-07-30,23.61,66.1,66.07773851590106,mid,mid,2015-07-30,true
2025-07-31,23.25,64.1,64.11464468001572,mid,mid,2015-07-31,true
2025-08-01,23.21,63.8,63.839811542991754,mid,mid,2015-08-03,true
2025-08-04,23.37,64.9,64.86062033765214,mid,mid,2015-08-04,true
2025-08-05,23.53,65.8,65.80290537887711,mid,mid,2015-08-05,true
2025-08-06,23.71,66.7,66.66666666666666,mid,mid,2015-08-06,true
2025-08-07,23.64,66.4,66.39183352964272,mid,mid,2015-08-07,true
2025-08-08,23.63,66.3,66.3133097762073,mid,mid,2015-08-10,true
2025-08-11,23.86,67.6,67.60895170789163,mid,mid,2015-08-11,true
2025-08-12,23.95,67.9,67.88378484491558,mid,mid,2015-08-12,true
2025-08-13,24.26,69.8,69.76835492736552,mid,mid,2015-08-13,true
2025-08-14,23.97,68,68.04083235178642,mid,mid,2015-08-14,true
2025-08-15,24.49,70.6,70.63211621515508,high,mid,2015-08-17,true
2025-08-18,24.85,71.5,71.53513937966235,high,mid,2015-08-18,true
2025-08-19,24.79,71.5,71.49587750294464,high,mid,2015-08-19,true
2025-08-20,24.97,71.7,71.73144876325088,high,mid,2015-08-20,true
2025-08-21,24.9,71.7,71.69218688653316,high,mid,2015-08-21,true
2025-08-22,25.27,72.3,72.28111503729878,high,mid,2015-08-24,true
2025-08-25,25.74,73,72.98782881821751,high,mid,2015-08-25,true
2025-08-26,25.78,73.1,73.14487632508833,high,mid,2015-08-26,true
2025-08-27,25.39,72.5,72.47742442088732,high,mid,2015-08-27,true
2025-08-28,25.88,73.3,73.34118570867687,high,mid,2015-08-28,true
2025-08-29,25.98,73.5,73.4982332155477,high,mid,2015-08-31,true
2025-09-01,26.06,73.6,73.61601884570082,high,mid,2015-09-01,true
2025-09-02,25.58,72.8,72.79151943462897,high,mid,2015-09-02,true
2025-09-03,25.24,72.2,72.20259128386337,high,mid,2015-09-07,true
2025-09-04,24.7,71.3,71.27158555729984,high,mid,2015-09-07,true
2025-09-05,25.45,72.6,72.57748136524127,high,mid,2015-09-07,true
2025-09-08,25.72,73.1,73.1267163593566,high,mid,2015-09-08,true
2025-09-09,25.51,72.7,72.69517457826599,high,mid,2015-09-09,true
2025-09-10,25.5,72.7,72.69517457826599,high,mid,2015-09-10,true
2025-09-11,26.18,74,73.98979992153785,high,mid,2015-09-11,true
2025-09-12,26.18,74,74.0290309925461,high,mid,2015-09-14,true
2025-09-15,26.11,73.9,73.87210670851314,high,mid,2015-09-15,true
2025-09-16,26.29,74.3,74.30364848960377,high,mid,2015-09-16,true
2025-09-17,26.58,74.8,74.77442134170262,high,mid,2015-09-17,true
2025-09-18,26.34,74.4,74.42134170262848,high,mid,2015-09-18,true
2025-09-19,26.25,74.2,74.18595527657905,high,mid,2015-09-21,true
2025-09-22,26.37,74.5,74.5390349156532,high,mid,2015-09-22,true
2025-09-23,26.24,74.2,74.18595527657905,high,mid,2015-09-23,true
2025-09-24,26.75,75.6,75.5590427618674,high,mid,2015-09-24,true
2025-09-25,26.79,75.8,75.7551981169086,high,mid,2015-09-25,true
2025-09-26,26.5,74.9,74.8528834837191,high,mid,2015-09-28,true
2025-09-29,26.89,76,76.02981561396625,high,mid,2015-09-29,true
2025-09-30,27.09,76.6,76.61828167908983,high,mid,2015-09-30,true
2025-10-01,27.09,76.7,76.65751275009808,high,mid,2015-10-08,true
2025-10-02,27.09,76.7,76.66666666666667,high,mid,2015-10-08,true
2025-10-03,27.09,76.7,76.67581340650726,high,high,2015-10-08,true
2025-10-06,27.09,76.7,76.68495297805643,high,high,2015-10-08,true
2025-10-07,27.09,76.7,76.69408538973757,high,high,2015-10-08,true
2025-10-08,27.09,76.7,76.70321064996085,high,high,2015-10-08,true
2025-10-09,27.54,77.8,77.76037588097103,high,high,2015-10-09,true
2025-10-10,27.13,76.9,76.85982772122162,high,high,2015-10-12,true
2025-10-13,26.97,76.2,76.19420516836335,high,high,2015-10-13,true
2025-10-14,26.39,74.5,74.51057165231009,high,high,2015-10-14,true
2025-10-15,26.73,75.4,75.41111981205951,high,high,2015-10-15,true
2025-10-16,26.49,74.7,74.74549725920126,high,high,2015-10-16,true
2025-10-17,25.75,73.2,73.17932654659359,high,high,2015-10-19,true
2025-10-20,25.94,73.5,73.5317149569303,high,high,2015-10-20,true
2025-10-21,26.37,74.5,74.5497259201253,high,high,2015-10-21,true
2025-10-22,26.16,73.9,73.92325763508222,high,high,2015-10-22,true
2025-10-23,26.22,74.1,74.11902897415818,high,high,2015-10-23,true
2025-10-24,26.59,75.3,75.25450274079874,high,high,2015-10-26,true
2025-10-27,27,76.6,76.62490211433047,high,high,2015-10-27,true
2025-10-28,26.89,76.3,76.27251370399374,high,high,2015-10-28,true
2025-10-29,27.39,77.8,77.83868441660141,high,high,2015-10-29,true
2025-10-30,27.01,76.8,76.82067345340641,high,high,2015-10-30,true
2025-10-31,26.81,76,76.03758809710259,high,high,2015-11-02,true
2025-11-03,26.81,76.1,76.07674236491778,high,high,2015-11-03,true
2025-11-04,26.41,74.8,74.82380579483163,high,high,2015-11-04,true
2025-11-05,26.52,75.1,75.13703993735317,high,high,2015-11-05,true
2025-11-06,26.94,76.6,76.58574784651528,high,high,2015-11-06,true
2025-11-07,26.89,76.5,76.4682850430697,high,high,2015-11-09,true
2025-11-10,26.96,76.8,76.82067345340641,high,high,2015-11-10,true
2025-11-11,26.77,76,75.99843382928739,high,high,2015-11-11,true
2025-11-12,26.62,75.5,75.48942834768991,high,high,2015-11-12,true
2025-11-13,26.96,76.9,76.93813625685199,high,high,2015-11-13,true
2025-11-14,26.57,75.2,75.17619420516837,high,high,2015-11-16,true
2025-11-17,26.46,74.9,74.9412685982772,high,high,2015-11-17,true
2025-11-18,26.16,74,73.96241190289741,high,high,2015-11-18,true
2025-11-19,26.09,73.8,73.80579483163665,high,high,2015-11-19,true
2025-11-20,25.88,73.5,73.49256068911512,high,high,2015-11-20,true
2025-11-21,25.05,71.7,71.69146436961628,high,high,2015-11-23,true
2025-11-24,25.2,71.9,71.92638997650744,high,high,2015-11-24,true
2025-11-25,25.48,72.6,72.55285826155051,high,high,2015-11-25,true
2025-11-26,25.49,72.6,72.5920125293657,high,high,2015-11-26,true
2025-11-27,25.46,72.6,72.55285826155051,high,high,2015-11-27,true
2025-11-28,25.72,73.3,73.29678935003915,high,high,2015-11-30,true
2025-12-01,25.98,74,73.96241190289741,high,high,2015-12-01,true
2025-12-02,25.79,73.6,73.6100234925607,high,high,2015-12-02,true
2025-12-03,25.69,73.2,73.17932654659359,high,high,2015-12-03,true
2025-12-04,25.73,73.4,73.37509788566953,high,high,2015-12-04,true
2025-12-05,26.04,74.2,74.15818324197338,high,high,2015-12-07,true
2025-12-08,26.25,74.8,74.82380579483163,high,high,2015-12-08,true
2025-12-09,26.08,74.3,74.27564604541895,high,high,2015-12-09,true
2025-12-10,26.18,74.7,74.66718872357086,high,high,2015-12-10,true
2025-12-11,25.91,73.9,73.92325763508222,high,high,2015-12-11,true
2025-12-12,26.23,74.8,74.82380579483163,high,high,2015-12-14,true
2025-12-15,25.63,73.1,73.14017227877838,high,high,2015-12-15,true
2025-12-16,25.26,72.2,72.20046985121378,high,high,2015-12-16,true
2025-12-17,25.73,73.5,73.49256068911512,high,high,2015-12-17,true
2025-12-18,25.4,72.5,72.5137039937353,high,high,2015-12-18,true
2025-12-19,25.63,73.3,73.25763508222396,high,high,2015-12-21,true
2025-12-22,25.94,74.2,74.19733750978857,high,high,2015-12-22,true
2025-12-23,25.94,74.2,74.23649177760376,high,high,2015-12-23,true
2025-12-24,26.27,75.4,75.37196554424432,high,high,2015-12-24,true
2025-12-25,26.46,76,76.03758809710259,high,high,2015-12-25,true
2025-12-26,26.64,76.7,76.70321064996085,high,high,2015-12-28,true
2025-12-29,26.53,76.3,76.31166797180893,high,high,2015-12-29,true
2025-12-30,26.6,76.7,76.66405638214565,high,high,2015-12-30,true
2025-12-31,26.6,76.7,76.70321064996085,high,high,2015-12-31,true
2026-01-01,26.6,76.7,76.74236491777604,high,high,2016-01-04,true
2026-01-02,26.6,76.8,76.75146771037183,high,high,2016-01-04,true
2026-01-05,27.17,79.2,79.21722113502936,high,high,2016-01-05,true
2026-01-06,27.74,80.7,80.70450097847358,high,high,2016-01-06,true
2026-01-07,27.94,81.1,81.05675146771037,high,high,2016-01-07,true
2026-01-08,27.96,81.1,81.0958904109589,high,high,2016-01-08,true
2026-01-09,28.5,82.1,82.11350293542074,high,high,2016-01-11,true
2026-01-12,29.14,82.5,82.46575342465754,high,high,2016-01-12,true
2026-01-13,28.79,82.3,82.34833659491194,high,high,2016-01-13,true
2026-01-14,29.04,82.4,82.426614481409,high,high,2016-01-14,true
2026-01-15,29.1,82.5,82.5440313111546,high,high,2016-01-15,true
2026-01-16,29.16,82.6,82.62230919765166,high,high,2016-01-18,true
2026-01-19,29.42,83,82.97455968688845,high,high,2016-01-19,true
2026-01-20,29.31,82.8,82.7788649706458,high,high,2016-01-20,true
2026-01-21,29.61,83.2,83.20939334637964,high,high,2016-01-21,true
2026-01-22,29.79,83.5,83.48336594911937,high,high,2016-01-22,true
2026-01-23,30.43,84.1,84.14872798434442,high,high,2016-01-25,true
2026-01-26,30.16,83.8,83.75733855185909,high,high,2016-01-26,true
2026-01-27,30.26,84,83.95303326810176,high,high,2016-01-27,true
2026-01-28,30.48,84.3,84.34442270058709,high,high,2016-01-28,true
2026-01-29,30.19,83.8,83.79647749510764,high,high,2016-01-29,true
2026-01-30,29.66,83.3,83.28767123287672,high,high,2016-02-01,true
2026-02-02,28.51,82.2,82.15264187866927,high,high,2016-02-02,true
2026-02-03,29.32,82.9,82.85714285714286,high,high,2016-02-03,true
2026-02-04,29.46,83.1,83.1311154598826,high,high,2016-02-04,true
2026-02-05,28.95,82.5,82.46575342465754,high,high,2016-02-05,true
2026-02-06,28.94,82.5,82.46575342465754,high,high,2016-02-15,true
2026-02-09,29.44,83.2,83.17683881064163,high,high,2016-02-15,true
2026-02-10,29.45,83.2,83.1834180680485,high,high,2016-02-15,true
2026-02-11,29.57,83.3,83.26817826426895,high,high,2016-02-15,true
2026-02-12,29.88,83.8,83.78272762797968,high,high,2016-02-15,true
2026-02-13,29.43,83,83.046875,high,high,2016-02-15,true
2026-02-16,29.43,83.1,83.0859375,high,high,2016-02-16,true
2026-02-17,29.43,83.1,83.125,high,high,2016-02-17,true
2026-02-18,29.43,83.2,83.1640625,high,high,2016-02-18,true
2026-02-19,29.43,83.2,83.203125,high,high,2016-02-19,true
2026-02-20,29.43,83.2,83.2421875,high,high,2016-02-22,true
2026-02-23,29.43,83.3,83.28125,high,high,2016-02-23,true
2026-02-24,29.83,84,83.984375,high,high,2016-02-24,true
2026-02-25,30.3,84.6,84.609375,high,high,2016-02-25,true
2026-02-26,30.43,84.9,84.8828125,high,high,2016-02-26,true
2026-02-27,30.77,85.7,85.7421875,high,high,2016-02-29,true
2026-03-02,30.86,85.9,85.93200468933178,high,high,2016-03-02,true
2026-03-03,29.63,83.7,83.70457209847598,high,high,2016-03-03,true
2026-03-04,29.5,83.5,83.50918327471668,high,high,2016-03-04,true
2026-03-05,29.66,83.9,83.86088315748339,high,high,2016-03-07,true
2026-03-06,29.84,84.1,84.140625,high,high,2016-03-07,true
2026-03-09,29.54,83.5,83.54826103946854,high,high,2016-03-09,true
2026-03-10,29.98,84.4,84.40797186400938,high,high,2016-03-10,true
2026-03-11,29.99,84.5,84.48612739351309,high,high,2016-03-11,true
2026-03-12,29.9,84.3,84.32981633450567,high,high,2016-03-14,true
2026-03-13,29.49,83.5,83.4765625,high,high,2016-03-14,true
2026-03-16,29.23,82.7,82.72762797967957,high,high,2016-03-16,true
2026-03-17,28.64,82.1,82.14146150840172,high,high,2016-03-17,true
2026-03-18,28.87,82.4,82.37592809691286,high,high,2016-03-18,true
2026-03-19,28.13,81.4,81.39898397811646,high,high,2016-03-21,true
2026-03-20,27.76,80.6,80.625,high,high,2016-03-21,true
2026-03-23,26.66,76.9,76.86596326690113,high,high,2016-03-23,true
2026-03-24,27.23,79.4,79.36694021101994,high,high,2016-03-24,true
2026-03-25,27.81,80.9,80.93005080109418,high,high,2016-03-25,true
2026-03-26,27.39,79.7,79.67956232903478,high,high,2016-03-28,true
2026-03-27,27.68,80.6,80.5859375,high,high,2016-03-28,true
2026-03-30,27.74,80.8,80.77373974208675,high,high,2016-03-30,true
2026-03-31,27.24,79.4,79.40601797577177,high,high,2016-03-31,true
2026-04-01,27.68,80.7,80.69558421258304,high,high,2016-04-01,true
2026-04-02,27.22,79.3,79.28878468151622,high,high,2016-04-05,true
2026-04-03,26.95,78.1,78.0859375,high,high,2016-04-05,true
2026-04-06,26.95,78.1,78.125,high,high,2016-04-06,true
2026-04-07,27.08,78.7,78.7109375,high,high,2016-04-07,true
2026-04-08,28.32,82.1,82.1484375,high,high,2016-04-08,true
2026-04-09,28.13,81.9,81.9140625,high,high,2016-04-11,true
2026-04-10,28.37,82.2,82.19445529090198,high,high,2016-04-11,true
2026-04-13,28.34,82.2,82.2265625,high,high,2016-04-13,true
2026-04-14,28.71,82.9,82.8515625,high,high,2016-04-14,true
2026-04-15,28.57,82.7,82.734375,high,high,2016-04-15,true
2026-04-16,28.99,83.2,83.2421875,high,high,2016-04-18,true
2026-04-17,29.13,83.4,83.4049199531433,high,high,2016-04-18,true
2026-04-20,29.35,83.8,83.828125,high,high,2016-04-20,true
2026-04-21,29.34,83.8,83.828125,high,high,2016-04-21,true
2026-04-22,29.65,84.9,84.921875,high,high,2016-04-22,true
2026-04-23,29.44,84.4,84.4140625,high,high,2016-04-25,true
2026-04-24,29.25,83.6,83.63920343615774,high,high,2016-04-25,true
2026-04-27,29.39,84.1,84.1015625,high,high,2016-04-27,true
2026-04-28,29.09,83.4,83.3984375,high,high,2016-04-28,true
2026-04-29,29.59,84.9,84.921875,high,high,2016-04-29,true
2026-04-30,29.52,84.8,84.765625,high,high,2016-05-03,true
2026-05-04,29.52,84.8,84.8046875,high,high,2016-05-04,true
2026-05-05,29.52,84.8,84.84375,high,high,2016-05-05,true
2026-05-06,29.14,83.6,83.5546875,high,high,2016-05-06,true
2026-05-07,29.47,84.7,84.6875,high,high,2016-05-09,true
2026-05-08,29.43,84.5,84.49824287387739,high,high,2016-05-09,true
2026-05-11,29.82,85.7,85.703125,high,high,2016-05-11,true
2026-05-12,29.7,85.5,85.46875,high,high,2016-05-12,true
2026-05-13,30.13,86.3,86.25,high,high,2016-05-13,true
2026-05-14,29.3,83.8,83.828125,high,high,2016-05-16,true
2026-05-15,28.86,83.1,83.0925419757907,high,high,2016-05-16,true
2026-05-18,28.91,83.2,83.203125,high,high,2016-05-18,true
2026-05-19,29.11,83.6,83.5546875,high,high,2016-05-19,true
2026-05-20,29.15,83.7,83.7109375,high,high,2016-05-20,true
2026-05-21,28.43,82.5,82.4609375,high,high,2016-05-23,true
2026-05-22,28.93,83.2,83.24873096446701,high,high,2016-05-23,true
2026-05-25,29.31,84.1,84.140625,high,high,2016-05-25,true
2026-05-26,29.17,83.9,83.8671875,high,high,2016-05-26,true
2026-05-27,28.77,83,83.046875,high,high,2016-05-27,true
2026-05-28,28.83,83.2,83.1640625,high,high,2016-05-30,true
2026-05-29,28.29,82.1,82.11636079656385,high,high,2016-05-30,true
2026-06-01,28.05,81.7,81.6796875,high,high,2016-06-01,true
2026-06-02,28.18,82,82.03125,high,high,2016-06-02,true
2026-06-03,28.29,82.3,82.265625,high,high,2016-06-03,true
2026-06-04,28.2,82.1,82.0703125,high,high,2016-06-06,true
2026-06-05,27.74,81,80.98399062866068,high,high,2016-06-06,true
2026-06-08,26.81,77.5,77.5390625,high,high,2016-06-08,true
2026-06-09,27.44,80,80,high,high,2016-06-13,true
2026-06-10,27.03,78.6,78.60210855134713,high,high,2016-06-13,true
2026-06-11,26.98,78.3,78.33723653395785,high,high,2016-06-13,true
2026-06-12,27.25,79.6,79.5942255169723,high,high,2016-06-13,true
2026-06-15,30.2,87.2,87.1584699453552,high,high,2016-06-15,true
2026-06-16,30.52,87.9,87.93911007025761,high,high,2016-06-16,true
2026-06-17,30.89,88.8,88.8368462138954,high,high,2016-06-17,true
2026-06-18,30.82,88.7,88.71975019516003,high,high,2016-06-20,true
2026-06-19,30.82,88.7,88.7241513850956,high,high,2016-06-20,true
2026-06-22,31.57,90,90.04683840749415,extreme,high,2016-06-22,true
2026-06-23,30.95,89.1,89.07103825136612,high,high,2016-06-23,true
2026-06-24,31.42,89.9,89.92974238875878,high,high,2016-06-24,true
2026-06-25,31.71,90.2,90.20296643247462,extreme,high,2016-06-27,true
2026-06-26,30.9,89,88.9582520483808,high,high,2016-06-27,true
2026-06-29,31.17,89.7,89.65651834504294,high,high,2016-06-29,true
2026-06-30,31.78,90.4,90.39812646370024,extreme,high,2016-06-30,true
2026-07-01,31.86,90.5,90.47619047619048,extreme,high,2016-07-01,true
2026-07-02,30.79,88.7,88.68071818891491,high,high,2016-07-04,true
2026-07-03,31.02,89.3,89.27038626609442,high,high,2016-07-04,true
2026-07-06,30.64,88.3,88.32943013270882,high,high,2016-07-06,true
2026-07-07,30.09,87,87.0023419203747,high,high,2016-07-07,true
2026-07-08,29.6,86,86.02654176424667,high,high,2016-07-08,true
2026-07-09,30.36,87.7,87.66588602654176,high,high,2016-07-11,true
2026-07-10,29.9,86.8,86.77331252438549,high,high,2016-07-11,true
2026-07-13,28.66,83.3,83.29430132708822,high,high,2016-07-13,true
2026-07-14,29.25,84.5,84.5433255269321,high,high,2016-07-14,true
2026-07-15,28.86,83.7,83.68462138953943,high,high,2016-07-15,true
2026-07-16,28.2,82.3,82.27946916471507,high,high,2016-07-18,true
2026-07-17,26.76,77.2,77.21420210690597,high,high,2016-07-18,true
2026-07-20,26.51,76,76.0343481654957,high,high,2016-07-20,true
2026-07-21,27.72,81.1,81.10850897736144,high,high,2016-07-21,true
2026-07-22,27.52,80.5,80.4839968774395,high,high,2016-07-22,true
2026-07-23,27.55,80.6,80.60109289617486,high,high,2016-07-25,true
2026-07-24,26.82,77.6,77.6433866562622,high,high,2016-07-25,true
2026-07-27,27.49,80.5,80.4839968774395,high,high,2016-07-27,true
2026-07-28,26.55,76.2,76.15144418423107,high,high,2016-07-28,true
2026-07-29,26.86,77.8,77.82982045277127,high,high,2016-07-29,true
2026-07-30,26.22,74.9,74.86338797814209,high,high,2016-08-01,true
2026-07-31,26.78,77.4,77.40928599297699,high,high,2016-08-01,true
2026-08-03,26.53,76.2,76.19047619047619,high,high,2016-08-03,true
2026-08-04,27.14,79.6,79.58626073380172,high,high,2016-08-04,true
2026-08-05,27.79,81.9,81.88914910226386,high,high,2016-08-05,true
2026-08-06,27.87,82,82.04527712724435,high,high,2016-08-08,true
2026-08-07,28.36,83.2,83.2227857978931,high,high,2016-08-08,true
2026-08-10,28.53,83.8,83.80171740827478,high,high,2016-08-10,true
2026-08-11,28.31,83.1,83.13817330210773,high,high,2016-08-11,true
2026-08-12,28.54,83.9,83.87978142076503,high,high,2016-08-12,true
2026-08-13,28.27,83,83.02107728337236,high,high,2016-08-15,true
2026-08-14,28.32,83.3,83.2618025751073,high,high,2016-08-15,true
2026-08-17,28.96,84.8,84.77751756440281,high,high,2016-08-17,true
2026-08-18,28.93,84.7,84.69945355191257,high,high,2016-08-18,true
2026-08-19,27.67,81.3,81.34270101483216,high,high,2016-08-19,true
2026-08-20,27.85,82,82.04527712724435,high,high,2016-08-22,true
2026-08-21,27.84,82,82.01326570425283,high,high,2016-08-22,true
2026-08-24,27.4,80.3,80.32786885245902,high,high,2016-08-24,true
2026-08-25,27.39,80.3,80.32786885245902,high,high,2016-08-25,true
2026-08-26,27.58,81.2,81.18657298985168,high,high,2016-08-26,true
2026-08-27,28.17,83,83.02107728337236,high,high,2016-08-29,true
2026-08-28,28.01,82.6,82.55950058525166,high,high,2016-08-29,true
2026-08-31,28.2,83.2,83.21623731459798,high,high,2016-08-31,true
2026-09-01,26.41,75.7,75.72209211553474,high,high,2016-09-01,true
2026-09-02,25.99,74.2,74.19984387197502,high,high,2016-09-02,true
2026-09-03,26.08,74.4,74.43403590944575,high,high,2016-09-05,true
2026-09-04,25.77,73.5,73.50760827155676,high,high,2016-09-05,true
2026-09-07,26.07,74.4,74.43403590944575,high,high,2016-09-07,true
2026-09-08,26.12,74.7,74.66822794691647,high,high,2016-09-08,true
2026-09-09,26.16,74.8,74.82435597189696,high,high,2016-09-09,true
2026-09-10,26.01,74.3,74.27790788446526,high,high,2016-09-12,true
2026-09-11,25.58,72.8,72.84432305891534,high,high,2016-09-12,true
2026-09-14,25.56,72.8,72.8337236533958,high,high,2016-09-14,true
2026-09-15,25.61,73.1,73.06791569086651,high,high,2016-09-19,true
2026-09-16,25.94,74.2,74.1708934841982,high,high,2016-09-19,true
2026-09-17,25.82,73.8,73.82995319812792,high,high,2016-09-19,true
2026-09-18,26.22,75.3,75.28265107212475,high,high,2016-09-19,true
2026-09-21,26.39,76.1,76.05304212168487,high,high,2016-09-21,true
2026-09-22,26.32,75.7,75.74102964118565,high,high,2016-09-22,true
2026-09-23,26.18,75.2,75.19500780031201,high,high,2016-09-23,true
2026-09-24,25.64,73.1,73.12792511700468,high,high,2016-09-26,true
2026-09-25,25.64,73.1,73.1384015594542,high,high,2016-09-26,true
2026-09-28,24.95,71.3,71.33385335413416,high,high,2016-09-28,true
2026-09-29,25.07,71.5,71.48985959438377,high,high,2016-09-29,true
2026-09-30,25.09,71.6,71.60686427457098,high,high,2016-09-30,true
