date,pe_ttm,percentile,exact,raw_band,band,window_start,full_window
2011-06-28,12.61,,,,,,false
2011-07-15,12.73,,,,,,false
2011-07-18,12.66,,,,,,false
2011-07-19,13.98,,,,,,false
2011-07-20,14.03,,,,,,false
2011-07-21,13.93,,,,,,false
2011-07-22,13.96,,,,,,false
2011-07-25,13.63,,,,,,false
2011-07-26,13.73,,,,,,false
2011-07-27,13.8,,,,,,false
2011-07-28,13.75,,,,,,false
2011-07-29,13.73,,,,,,false
2011-08-01,13.73,,,,,,false
2011-08-02,13.73,,,,,,false
2011-08-03,13.55,,,,,,false
2011-08-04,13.55,,,,,,false
2011-08-05,13.26,,,,,,false
2011-08-08,12.79,,,,,,false
2011-08-09,12.78,,,,,,false
2011-08-10,12.88,,,,,,false
2011-08-11,13,,,,,,false
2011-08-12,13.04,,,,,,false
2011-08-15,13.18,,,,,,false
2011-08-16,13.09,,,,,,false
2011-08-17,13.07,,,,,,false
2011-08-18,12.9,,,,,,false
2011-08-19,12.77,,,,,,false
2011-08-22,12.67,,,,,,false
2011-08-23,12.83,,,,,,false
2011-08-24,12.76,,,,,,false
2011-08-25,13.14,,,,,,false
2011-08-26,13.09,,,,,,false
2011-08-29,12.91,,,,,,false
2011-08-30,12.91,,,,,,false
2011-08-31,12.94,,,,,,false
2011-09-01,12.89,,,,,,false
2011-09-02,12.76,,,,,,false
2011-09-05,12.53,,,,,,false
2011-09-06,12.52,,,,,,false
2011-09-07,12.72,,,,,,false
2011-09-08,12.68,,,,,,false
2011-09-09,12.71,,,,,,false
2011-09-12,12.71,,,,,,false
2011-09-13,12.62,,,,,,false
2011-09-14,12.66,,,,,,false
2011-09-15,12.6,,,,,,false
2011-09-16,12.62,,,,,,false
2011-09-19,12.43,,,,,,false
2011-09-20,12.48,,,,,,false
2011-09-21,12.76,,,,,,false
2011-09-22,12.45,,,,,,false
2011-09-23,12.42,,,,,,false
2011-09-26,12.29,,,,,,false
2011-09-27,12.42,,,,,,false
2011-09-28,12.37,,,,,,false
2011-09-29,12.33,,,,,,false
2011-10-03,12.32,,,,,,false
2011-10-04,12.32,,,,,,false
2011-10-05,12.32,,,,,,false
2011-10-06,12.32,,,,,,false
2011-10-07,12.32,,,,,,false
2011-10-10,12.28,,,,,,false
2011-10-11,12.29,,,,,,false
2011-10-12,12.58,,,,,,false
2011-10-13,12.64,,,,,,false
2011-10-14,12.62,,,,,,false
2011-10-17,12.65,,,,,,false
2011-10-18,12.42,,,,,,false
2011-10-19,12.4,,,,,,false
2011-10-20,12.23,,,,,,false
2011-10-21,12.16,,,,,,false
2011-10-24,12.41,,,,,,false
2011-10-25,12.57,,,,,,false
2011-10-26,12.63,,,,,,false
2011-10-27,12.68,,,,,,false
2011-10-28,12.84,,,,,,false
2011-10-31,12.8,,,,,,false
2011-11-01,12.81,,,,,,false
2011-11-02,12.94,,,,,,false
2011-11-03,12.98,,,,,,false
2011-11-04,13.08,,,,,,false
2011-11-07,13,,,,,,false
2011-11-08,13.03,,,,,,false
2011-11-09,13.13,,,,,,false
2011-11-10,12.9,,,,,,false
2011-11-11,12.92,,,,,,false
2011-11-14,13.16,,,,,,false
2011-11-15,13.13,,,,,,false
2011-11-16,12.84,,,,,,false
2011-11-17,12.83,,,,,,false
2011-11-18,12.64,,,,,,false
2011-11-21,12.6,,,,,,false
2011-11-22,12.58,,,,,,false
2011-11-23,12.49,,,,,,false
2011-11-24,12.53,,,,,,false
2011-11-25,10.71,,,,,,false
2011-11-28,10.74,,,,,,false
2011-11-29,10.85,,,,,,false
2011-11-30,10.55,,,,,,false
2011-12-01,10.79,,,,,,false
2011-12-02,10.71,,,,,,false
2011-12-05,10.67,,,,,,false
2011-12-06,10.62,,,,,,false
2011-12-07,10.62,,,,,,false
2011-12-08,10.61,,,,,,false
2011-12-09,10.58,,,,,,false
2011-12-12,10.49,,,,,,false
2011-12-13,10.43,,,,,,false
2011-12-14,10.39,,,,,,false
2011-12-15,10.19,,,,,,false
2011-12-16,10.35,,,,,,false
2011-12-19,10.31,,,,,,false
2011-12-20,10.3,,,,,,false
2011-12-21,10.26,,,,,,false
2011-12-22,10.27,,,,,,false
2011-12-23,10.36,,,,,,false
2011-12-26,10.3,,,,,,false
2011-12-27,10.24,,,,,,false
2011-12-28,10.29,,,,,,false
2011-12-29,10.32,,,,,,false
2011-12-30,10.39,,,,,,false
2012-03-08,10.78,,,,,,false
2012-03-09,10.84,,,,,,false
2012-03-12,10.79,,,,,,false
2012-03-13,10.88,,,,,,false
2012-03-14,10.67,,,,,,false
2012-03-15,10.65,,,,,,false
2012-03-16,10.74,,,,,,false
2012-03-19,10.73,,,,,,false
2012-03-20,10.63,,,,,,false
2012-03-21,10.61,,,,,,false
2012-03-22,10.59,,,,,,false
2012-03-23,10.51,,,,,,false
2012-04-05,10.38,,,,,,false
2012-04-06,10.39,,,,,,false
2012-04-09,10.3,,,,,,false
2012-04-10,10.37,,,,,,false
2012-04-11,10.57,,,,,,false
2012-04-12,10.56,,,,,,false
2012-04-13,10.57,,,,,,false
2012-04-16,10.56,,,,,,false
2012-04-17,10.47,,,,,,false
2012-04-18,10.64,,,,,,false
2012-04-19,10.61,,,,,,false
2012-04-20,10.74,,,,,,false
2012-04-23,10.88,,,,,,false
2012-04-26,10.94,,,,,,false
2012-04-27,10.91,,,,,,false
2012-05-02,11.12,,,,,,false
2012-05-03,11.13,,,,,,false
2012-05-04,11.15,,,,,,false
2012-05-07,11.13,,,,,,false
2012-05-08,11.08,,,,,,false
2012-05-09,10.91,,,,,,false
2012-05-10,10.89,,,,,,false
2012-05-11,10.83,,,,,,false
2012-05-14,10.77,,,,,,false
2012-05-15,10.72,,,,,,false
2012-05-16,10.75,,,,,,false
2012-05-17,10.75,,,,,,false
2012-05-18,10.61,,,,,,false
2012-05-21,10.62,,,,,,false
2012-05-22,10.63,,,,,,false
2012-05-23,10.61,,,,,,false
2012-05-24,10.61,,,,,,false
2012-05-25,10.56,,,,,,false
2012-05-28,10.63,,,,,,false
2012-05-29,10.72,,,,,,false
2012-05-30,10.69,,,,,,false
2012-05-31,10.63,,,,,,false
2012-06-01,10.64,,,,,,false
2012-06-04,10.4,,,,,,false
2012-06-08,13.41,,,,,,false
2012-06-11,10.33,,,,,,false
2012-06-12,10.26,,,,,,false
2012-06-13,10.33,,,,,,false
2012-06-14,10.17,,,,,,false
2012-06-15,10.24,,,,,,false
2012-06-18,10.26,,,,,,false
2012-06-19,10.22,,,,,,false
2012-06-20,10.22,,,,,,false
2012-06-21,10.07,,,,,,false
2012-06-25,9.97,,,,,,false
2012-06-26,9.95,,,,,,false
2012-06-27,9.93,,,,,,false
2012-06-28,9.87,,,,,,false
2012-06-29,9.98,,,,,,false
2012-07-02,9.96,,,,,,false
2012-07-03,9.98,,,,,,false
2012-07-04,10.09,,,,,,false
2012-07-05,9.93,,,,,,false
2012-07-06,9.96,,,,,,false
2012-07-09,9.72,,,,,,false
2012-07-10,9.73,,,,,,false
2012-07-11,9.76,,,,,,false
2012-07-12,9.78,,,,,,false
2012-07-13,9.81,,,,,,false
2012-07-16,9.73,,,,,,false
2012-07-17,9.79,,,,,,false
2012-07-18,9.84,,,,,,false
2012-07-19,9.89,,,,,,false
2012-07-20,9.89,,,,,,false
2012-07-23,9.67,,,,,,false
2012-07-24,9.67,,,,,,false
2012-07-26,9.61,,,,,,false
2012-07-27,9.65,,,,,,false
2012-07-30,9.6,,,,,,false
2012-07-31,9.67,,,,,,false
2012-08-01,9.75,,,,,,false
2012-08-02,9.7,,,,,,false
2012-08-03,9.78,,,,,,false
2012-08-06,9.83,,,,,,false
2012-08-07,9.8,,,,,,false
2012-08-08,9.84,,,,,,false
2012-08-09,9.85,,,,,,false
2012-08-10,9.85,,,,,,false
2012-08-13,9.74,,,,,,false
2012-08-14,9.76,,,,,,false
2012-08-15,9.66,,,,,,false
2012-08-16,9.66,,,,,,false
2012-08-17,9.68,,,,,,false
2012-08-20,9.64,,,,,,false
2012-08-21,9.66,,,,,,false
2012-08-22,9.64,,,,,,false
2012-08-23,9.64,,,,,,false
2012-08-24,9.57,,,,,,false
2012-08-27,9.43,,,,,,false
2012-08-28,9.55,,,,,,false
2012-08-29,9.45,,,,,,false
2012-08-30,9.51,,,,,,false
2012-08-31,9.3,,,,,,false
2012-09-04,9.24,,,,,,false
2012-09-05,9.19,,,,,,false
2012-09-06,9.22,,,,,,false
2012-09-07,9.54,,,,,,false
2012-09-10,9.56,,,,,,false
2012-09-11,9.49,,,,,,false
2012-09-12,9.49,,,,,,false
2012-09-13,9.45,,,,,,false
2012-09-14,9.52,,,,,,false
2012-09-17,9.36,,,,,,false
2012-09-18,9.27,,,,,,false
2012-09-19,9.28,,,,,,false
2012-09-20,9.13,,,,,,false
2012-09-21,9.17,,,,,,false
2012-09-24,9.17,,,,,,false
2012-09-25,9.19,,,,,,false
2012-09-26,9.1,,,,,,false
2012-09-27,9.35,,,,,,false
2012-09-28,9.45,,,,,,false
2012-10-08,9.4,,,,,,false
2012-10-09,9.56,,,,,,false
2012-10-10,9.56,,,,,,false
2012-10-11,9.5,,,,,,false
2012-10-12,9.52,,,,,,false
2012-10-15,9.52,,,,,,false
2012-10-16,9.5,,,,,,false
2012-10-17,9.54,,,,,,false
2012-10-18,9.63,,,,,,false
2012-10-19,9.61,,,,,,false
2012-10-22,9.62,,,,,,false
2012-10-23,9.55,,,,,,false
2012-10-24,9.55,,,,,,false
2012-10-25,9.49,,,,,,false
2012-10-26,9.38,,,,,,false
2012-10-29,9.35,,,,,,false
2012-10-30,9.37,,,,,,false
2012-10-31,9.4,,,,,,false
2012-11-01,9.55,,,,,,false
2012-11-02,9.62,,,,,,false
2012-11-05,9.6,,,,,,false
2012-11-06,9.58,,,,,,false
2012-11-07,9.59,,,,,,false
2012-11-08,9.47,,,,,,false
2012-11-09,9.45,,,,,,false
2012-11-12,9.49,,,,,,false
2012-11-13,9.38,,,,,,false
2012-11-14,9.42,,,,,,false
2012-11-15,9.33,,,,,,false
2012-11-16,9.24,,,,,,false
2012-11-19,9.26,,,,,,false
2012-11-20,9.22,,,,,,false
2012-11-21,9.29,,,,,,false
2012-11-22,9.24,,,,,,false
2012-11-23,9.29,,,,,,false
2012-11-26,9.26,,,,,,false
2012-11-27,9.22,,,,,,false
2012-11-28,9.19,,,,,,false
2012-11-29,9.15,,,,,,false
2012-11-30,9.19,,,,,,false
2012-12-03,9.14,,,,,,false
2012-12-04,9.2,,,,,,false
2012-12-05,9.42,,,,,,false
2012-12-06,9.41,,,,,,false
2012-12-07,9.53,,,,,,false
2012-12-10,9.59,,,,,,false
2012-12-11,9.56,,,,,,false
2012-12-12,9.6,,,,,,false
2012-12-13,9.52,,,,,,false
2012-12-14,9.89,,,,,,false
2012-12-17,9.92,,,,,,false
2012-12-18,9.93,,,,,,false
2012-12-19,9.93,,,,,,false
2012-12-20,9.94,,,,,,false
2012-12-21,9.84,,,,,,false
2012-12-24,9.86,,,,,,false
2012-12-25,10.11,,,,,,false
2012-12-26,10.1,,,,,,false
2012-12-27,10.06,,,,,,false
2012-12-28,10.18,,,,,,false
2012-12-31,10.35,,,,,,false
2013-01-04,9.42,,,,,,false
2013-01-07,9.45,,,,,,false
2013-01-08,9.37,,,,,,false
2013-01-09,9.36,,,,,,false
2013-01-10,9.36,,,,,,false
2013-01-11,9.29,,,,,,false
2013-01-14,9.56,,,,,,false
2013-01-15,9.55,,,,,,false
2013-01-16,9.45,,,,,,false
2013-01-17,9.36,,,,,,false
2013-01-18,9.47,,,,,,false
2013-01-21,9.51,,,,,,false
2013-01-22,9.5,,,,,,false
2013-01-23,9.51,,,,,,false
2013-01-24,9.5,,,,,,false
2013-01-25,9.44,,,,,,false
2013-01-28,9.67,,,,,,false
2013-01-29,9.71,,,,,,false
2013-01-30,9.87,,,,,,false
2013-01-31,9.91,,,,,,false
2013-02-01,10.08,,,,,,false
2013-02-04,10.14,,,,,,false
2013-02-05,10.09,,,,,,false
2013-02-06,10.09,,,,,,false
2013-02-07,9.97,,,,,,false
2013-02-08,9.98,,,,,,false
2013-02-18,9.94,,,,,,false
2013-02-19,9.82,,,,,,false
2013-02-20,9.83,,,,,,false
2013-02-21,9.52,,,,,,false
2013-02-22,9.44,,,,,,false
2013-02-25,9.49,,,,,,false
2013-02-26,9.37,,,,,,false
2013-02-27,9.48,,,,,,false
2013-02-28,9.68,,,,,,false
2013-03-01,9.64,,,,,,false
2013-03-04,9.32,,,,,,false
2013-03-05,9.56,,,,,,false
2013-03-06,9.61,,,,,,false
2013-03-07,9.51,,,,,,false
2013-03-08,9.51,,,,,,false
2013-03-11,9.46,,,,,,false
2013-03-12,9.4,,,,,,false
2013-03-13,9.32,,,,,,false
2013-03-14,9.36,,,,,,false
2013-03-15,9.42,,,,,,false
2013-03-18,9.25,,,,,,false
2013-03-19,9.33,,,,,,false
2013-03-20,9.55,,,,,,false
2013-03-21,9.55,,,,,,false
2013-03-22,9.56,,,,,,false
2013-03-25,9.55,,,,,,false
2013-03-26,9.42,,,,,,false
2013-03-27,9.42,,,,,,false
2013-03-28,9.15,,,,,,false
2013-03-29,9.16,,,,,,false
2013-04-01,9.14,,,,,,false
2013-04-02,9.14,,,,,,false
2013-04-03,9.17,,,,,,false
2013-04-08,9.09,,,,,,false
2013-04-09,9.12,,,,,,false
2013-04-10,9.12,,,,,,false
2013-04-11,9.1,,,,,,false
2013-04-12,9.06,,,,,,false
2013-04-15,8.98,,,,,,false
2013-04-16,8.99,,,,,,false
2013-04-17,8.95,,,,,,false
2013-04-18,8.97,,,,,,false
2013-04-19,9.16,,,,,,false
2013-04-22,9.14,,,,,,false
2013-04-23,8.95,,,,,,false
2013-04-24,9.06,,,,,,false
2013-04-25,9.01,,,,,,false
2013-04-26,8.94,,,,,,false
2013-05-02,8.64,,,,,,false
2013-05-03,8.71,,,,,,false
2013-05-06,8.68,,,,,,false
2013-05-07,8.68,,,,,,false
2013-05-08,8.7,,,,,,false
2013-05-09,8.65,,,,,,false
2013-05-10,8.68,,,,,,false
2013-05-13,8.65,,,,,,false
2013-05-14,8.57,,,,,,false
2013-05-15,8.57,,,,,,false
2013-05-16,8.66,,,,,,false
2013-05-17,8.77,,,,,,false
2013-05-20,8.83,,,,,,false
2013-05-21,8.82,,,,,,false
2013-05-22,8.8,,,,,,false
2013-05-23,8.69,,,,,,false
2013-05-24,8.71,,,,,,false
2013-05-27,8.71,,,,,,false
2013-05-28,8.82,,,,,,false
2013-05-29,8.81,,,,,,false
2013-05-30,8.8,,,,,,false
2013-05-31,8.75,,,,,,false
2013-06-03,8.75,,,,,,false
2013-06-04,8.69,,,,,,false
2013-06-05,8.67,,,,,,false
2013-06-06,8.56,,,,,,false
2013-06-07,8.47,,,,,,false
2013-06-13,8.26,,,,,,false
2013-06-14,8.28,,,,,,false
2013-06-17,8.24,,,,,,false
2013-06-18,8.22,,,,,,false
2013-06-19,8.01,,,,,,false
2013-06-20,7.81,,,,,,false
2013-06-21,7.75,,,,,,false
2013-06-24,7.37,,,,,,false
2013-06-25,7.37,,,,,,false
2013-06-26,7.26,,,,,,false
2013-06-27,7.31,,,,,,false
2013-06-28,7.47,,,,,,false
2013-07-01,7.68,,,,,,false
2013-07-02,7.71,,,,,,false
2013-07-03,7.51,,,,,,false
2013-07-04,7.52,,,,,,false
2013-07-05,7.54,,,,,,false
2013-07-08,7.42,,,,,,false
2013-07-09,7.47,,,,,,false
2013-07-10,7.58,,,,,,false
2013-07-11,7.82,,,,,,false
2013-07-12,7.69,,,,,,false
2013-07-15,7.73,,,,,,false
2013-07-16,7.72,,,,,,false
2013-07-17,7.65,,,,,,false
2013-07-18,7.56,,,,,,false
2013-07-19,7.51,,,,,,false
2013-07-22,7.53,,,,,,false
2013-07-23,7.63,,,,,,false
2013-07-24,7.58,,,,,,false
2013-07-25,7.56,,,,,,false
2013-07-26,7.52,,,,,,false
2013-07-29,7.4,,,,,,false
2013-07-30,7.49,,,,,,false
2013-07-31,7.49,,,,,,false
2013-08-01,7.74,,,,,,false
2013-08-02,7.72,,,,,,false
2013-08-05,7.77,,,,,,false
2013-08-06,7.77,,,,,,false
2013-08-07,7.71,,,,,,false
2013-08-08,7.69,,,,,,false
2013-08-09,7.71,,,,,,false
2013-08-12,7.91,,,,,,false
2013-08-13,7.92,,,,,,false
2013-08-14,7.9,,,,,,false
2013-08-15,7.86,,,,,,false
2013-08-16,7.86,,,,,,false
2013-08-19,7.88,,,,,,false
2013-08-20,7.83,,,,,,false
2013-08-21,7.82,,,,,,false
2013-08-22,7.79,,,,,,false
2013-08-23,7.73,,,,,,false
2013-08-26,7.85,,,,,,false
2013-08-27,7.84,,,,,,false
2013-08-28,7.81,,,,,,false
2013-08-29,7.79,,,,,,false
2013-08-30,7.8,,,,,,false
2013-09-02,7.55,,,,,,false
2013-09-03,7.64,,,,,,false
2013-09-04,7.65,,,,,,false
2013-09-05,7.6,,,,,,false
2013-09-06,7.64,,,,,,false
2013-09-09,7.99,,,,,,false
2013-09-10,8.04,,,,,,false
2013-09-11,8.04,,,,,,false
2013-09-12,8.11,,,,,,false
2013-09-13,8.01,,,,,,false
2013-09-16,7.98,,,,,,false
2013-09-17,7.83,,,,,,false
2013-09-18,7.81,,,,,,false
2013-09-23,7.91,,,,,,false
2013-09-24,7.83,,,,,,false
2013-09-25,7.8,,,,,,false
2013-09-26,7.69,,,,,,false
2013-09-27,7.72,,,,,,false
2013-09-30,7.73,,,,,,false
2013-10-08,7.78,,,,,,false
2013-10-09,7.78,,,,,,false
2013-10-10,7.7,,,,,,false
2013-10-11,7.81,,,,,,false
2013-10-14,7.81,,,,,,false
2013-10-15,7.77,,,,,,false
2013-10-16,7.7,,,,,,false
2013-10-17,7.7,,,,,,false
2013-10-18,7.7,,,,,,false
2013-10-21,7.79,,,,,,false
2013-10-22,7.74,,,,,,false
2013-10-23,7.7,,,,,,false
2013-10-24,7.62,,,,,,false
2013-10-25,7.56,,,,,,false
2013-10-28,7.57,,,,,,false
2013-10-29,7.64,,,,,,false
2013-10-30,7.75,,,,,,false
2013-10-31,7.71,,,,,,false
2013-11-01,7.5,,,,,,false
2013-11-04,7.48,,,,,,false
2013-11-05,7.48,,,,,,false
2013-11-06,7.44,,,,,,false
2013-11-07,7.44,,,,,,false
2013-11-08,7.38,,,,,,false
2013-11-11,7.39,,,,,,false
2013-11-12,7.44,,,,,,false
2013-11-13,7.3,,,,,,false
2013-11-14,7.29,,,,,,false
2013-11-15,7.39,,,,,,false
2013-11-18,7.6,,,,,,false
2013-11-19,7.58,,,,,,false
2013-11-20,7.6,,,,,,false
2013-11-21,7.64,,,,,,false
2013-11-22,7.62,,,,,,false
2013-11-25,7.55,,,,,,false
2013-11-26,7.52,,,,,,false
2013-11-27,7.56,,,,,,false
2013-11-28,7.62,,,,,,false
2013-11-29,7.6,,,,,,false
2013-12-02,7.76,,,,,,false
2013-12-03,7.73,,,,,,false
2013-12-04,7.78,,,,,,false
2013-12-05,7.75,,,,,,false
2013-12-06,7.73,,,,,,false
2013-12-09,7.71,,,,,,false
2013-12-10,7.69,,,,,,false
2013-12-11,7.57,,,,,,false
2013-12-12,7.55,,,,,,false
2013-12-13,7.5,,,,,,false
2013-12-16,7.03,,,,,,false
2013-12-17,7,,,,,,false
2013-12-18,7,,,,,,false
2013-12-19,6.99,,,,,,false
2013-12-20,6.85,,,,,,false
2013-12-23,6.88,,,,,,false
2013-12-24,6.87,,,,,,false
2013-12-25,6.9,,,,,,false
2013-12-26,6.81,,,,,,false
2013-12-27,6.87,,,,,,false
2013-12-30,6.84,,,,,,false
2013-12-31,6.91,,,,,,false
2014-01-02,6.9,,,,,,false
2014-01-03,6.82,,,,,,false
2014-01-06,6.76,,,,,,false
2014-01-07,6.74,,,,,,false
2014-01-08,6.72,,,,,,false
2014-01-09,6.68,,,,,,false
2014-01-10,6.66,,,,,,false
2014-01-13,6.67,,,,,,false
2014-01-14,6.71,,,,,,false
2014-01-15,6.66,,,,,,false
2014-01-16,6.64,,,,,,false
2014-01-17,6.63,,,,,,false
2014-01-20,6.58,,,,,,false
2014-01-21,6.61,,,,,,false
2014-01-22,6.71,,,,,,false
2014-01-23,6.65,,,,,,false
2014-01-24,6.66,,,,,,false
2014-01-27,6.59,,,,,,false
2014-01-28,6.63,,,,,,false
2014-01-29,6.67,,,,,,false
2014-01-30,6.62,,,,,,false
2014-02-07,6.61,,,,,,false
2014-02-10,6.7,,,,,,false
2014-02-11,6.78,,,,,,false
2014-02-12,6.78,,,,,,false
2014-02-13,6.79,,,,,,false
2014-02-14,6.81,,,,,,false
2014-02-17,6.82,,,,,,false
2014-02-18,6.76,,,,,,false
2014-02-19,6.88,,,,,,false
2014-02-20,6.93,,,,,,false
2014-02-21,6.83,,,,,,false
2014-02-24,6.68,,,,,,false
2014-02-25,6.62,,,,,,false
2014-02-26,6.64,,,,,,false
2014-02-27,6.73,,,,,,false
2014-02-28,6.72,,,,,,false
2014-03-03,6.73,,,,,,false
2014-03-04,6.71,,,,,,false
2014-03-05,6.63,,,,,,false
2014-03-06,6.67,,,,,,false
2014-03-07,6.68,,,,,,false
2014-03-10,6.54,,,,,,false
2014-03-11,6.53,,,,,,false
2014-03-12,6.5,,,,,,false
2014-03-13,6.58,,,,,,false
2014-03-14,6.53,,,,,,false
2014-03-17,6.56,,,,,,false
2014-03-18,6.55,,,,,,false
2014-03-19,6.55,,,,,,false
2014-03-20,6.51,,,,,,false
2014-03-21,6.7,,,,,,false
2014-03-24,6.75,,,,,,false
2014-03-25,6.73,,,,,,false
2014-03-26,6.73,,,,,,false
2014-03-27,6.7,,,,,,false
2014-03-28,6.73,,,,,,false
2014-03-31,6.72,,,,,,false
2014-04-01,6.74,,,,,,false
2014-04-02,6.78,,,,,,false
2014-04-03,6.71,,,,,,false
2014-04-04,6.75,,,,,,false
2014-04-08,6.88,,,,,,false
2014-04-09,6.9,,,,,,false
2014-04-10,7,,,,,,false
2014-04-11,6.99,,,,,,false
2014-04-14,6.98,,,,,,false
2014-04-15,6.86,,,,,,false
2014-04-16,6.88,,,,,,false
2014-04-17,6.86,,,,,,false
2014-04-18,6.84,,,,,,false
2014-04-21,6.76,,,,,,false
2014-04-22,6.81,,,,,,false
2014-04-23,6.79,,,,,,false
2014-04-24,6.77,,,,,,false
2014-04-25,6.75,,,,,,false
2014-04-28,6.71,,,,,,false
2014-04-29,6.74,,,,,,false
2014-04-30,6.74,,,,,,false
2014-05-05,6.47,,,,,,false
2014-05-06,6.45,,,,,,false
2014-05-07,6.42,,,,,,false
2014-05-08,6.44,,,,,,false
2014-05-09,6.45,,,,,,false
2014-05-12,6.56,,,,,,false
2014-05-13,6.56,,,,,,false
2014-05-14,6.56,,,,,,false
2014-05-15,6.52,,,,,,false
2014-05-16,6.53,,,,,,false
2014-05-19,6.46,,,,,,false
2014-05-20,6.48,,,,,,false
2014-05-21,6.53,,,,,,false
2014-05-22,6.52,,,,,,false
2014-05-23,6.55,,,,,,false
2014-05-26,6.55,,,,,,false
2014-05-27,6.54,,,,,,false
2014-05-28,6.57,,,,,,false
2014-05-29,6.56,,,,,,false
2014-05-30,6.54,,,,,,false
2014-06-03,6.56,,,,,,false
2014-06-04,6.53,,,,,,false
2014-06-05,6.56,,,,,,false
2014-06-06,6.52,,,,,,false
2014-06-09,6.54,,,,,,false
2014-06-10,6.61,,,,,,false
2014-06-11,6.61,,,,,,false
2014-06-12,6.6,,,,,,false
2014-06-13,6.66,,,,,,false
2014-06-16,6.72,,,,,,false
2014-06-17,6.67,,,,,,false
2014-06-18,6.63,,,,,,false
2014-06-19,6.56,,,,,,false
2014-06-20,6.53,,,,,,false
2014-06-23,6.49,,,,,,false
2014-06-24,6.5,,,,,,false
2014-06-25,6.49,,,,,,false
2014-06-26,6.52,,,,,,false
2014-06-27,6.48,,,,,,false
2014-06-30,6.5,,,,,,false
2014-07-01,6.49,,,,,,false
2014-07-02,6.51,,,,,,false
2014-07-03,6.49,,,,,,false
2014-07-04,6.48,,,,,,false
2014-07-07,6.49,,,,,,false
2014-07-08,6.5,,,,,,false
2014-07-09,6.42,,,,,,false
2014-07-10,6.42,,,,,,false
2014-07-11,6.43,,,,,,false
2014-07-14,6.46,,,,,,false
2014-07-15,6.48,,,,,,false
2014-07-16,6.48,,,,,,false
2014-07-17,6.45,,,,,,false
2014-07-18,6.44,,,,,,false
2014-07-21,6.42,,,,,,false
2014-07-22,6.47,,,,,,false
2014-07-23,6.49,,,,,,false
2014-07-24,6.6,,,,,,false
2014-07-25,6.68,,,,,,false
2014-07-28,6.86,,,,,,false
2014-07-29,6.85,,,,,,false
2014-07-30,6.85,,,,,,false
2014-07-31,6.9,,,,,,false
2014-08-01,6.87,,,,,,false
2014-08-04,6.97,,,,,,false
2014-08-05,6.95,,,,,,false
2014-08-06,6.92,,,,,,false
2014-08-07,6.81,,,,,,false
2014-08-08,6.83,,,,,,false
2014-08-11,6.92,,,,,,false
2014-08-12,6.89,,,,,,false
2014-08-13,6.88,,,,,,false
2014-08-14,6.84,,,,,,false
2014-08-15,6.89,,,,,,false
2014-08-18,6.89,,,,,,false
2014-08-19,6.91,,,,,,false
2014-08-20,6.88,,,,,,false
2014-08-21,6.83,,,,,,false
2014-08-22,6.85,,,,,,false
2014-08-25,6.83,,,,,,false
2014-08-26,6.8,,,,,,false
2014-08-27,6.8,,,,,,false
2014-08-28,6.75,,,,,,false
2014-08-29,6.81,,,,,,false
2014-09-01,6.64,,,,,,false
2014-09-02,6.71,,,,,,false
2014-09-03,6.78,,,,,,false
2014-09-04,6.82,,,,,,false
2014-09-05,6.88,,,,,,false
2014-09-09,6.85,,,,,,false
2014-09-10,6.8,,,,,,false
2014-09-11,6.78,,,,,,false
2014-09-12,6.82,,,,,,false
2014-09-15,6.81,,,,,,false
2014-09-16,6.76,,,,,,false
2014-09-17,6.76,,,,,,false
2014-09-18,6.78,,,,,,false
2014-09-19,6.78,,,,,,false
2014-09-22,6.65,,,,,,false
2014-09-23,6.68,,,,,,false
2014-09-24,6.76,,,,,,false
2014-09-25,6.76,,,,,,false
2014-09-26,6.75,,,,,,false
2014-09-29,6.76,,,,,,false
2014-09-30,6.77,,,,,,false
2014-10-08,6.79,,,,,,false
2014-10-09,6.8,,,,,,false
2014-10-10,6.76,,,,,,false
2014-10-13,6.71,,,,,,false
2014-10-14,6.7,,,,,,false
2014-10-15,6.74,,,,,,false
2014-10-16,6.73,,,,,,false
2014-10-17,6.7,,,,,,false
2014-10-20,6.73,,,,,,false
2014-10-21,6.69,,,,,,false
2014-10-22,6.68,,,,,,false
2014-10-23,6.64,,,,,,false
2014-10-24,6.63,,,,,,false
2014-10-27,6.56,,,,,,false
2014-10-28,6.66,,,,,,false
2014-10-29,6.75,,,,,,false
2014-10-30,6.82,,,,,,false
2014-10-31,6.96,,,,,,false
2014-11-03,6.86,,,,,,false
2014-11-04,6.86,,,,,,false
2014-11-05,6.82,,,,,,false
2014-11-06,6.83,,,,,,false
2014-11-07,6.82,,,,,,false
2014-11-10,6.99,,,,,,false
2014-11-11,7.13,,,,,,false
2014-11-12,7.14,,,,,,false
2014-11-13,7.13,,,,,,false
2014-11-14,7.11,,,,,,false
2014-11-17,7.06,,,,,,false
2014-11-18,6.97,,,,,,false
2014-11-19,6.94,,,,,,false
2014-11-20,6.94,,,,,,false
2014-11-21,7.03,,,,,,false
2014-11-24,7.11,,,,,,false
2014-11-25,7.2,,,,,,false
2014-11-26,7.32,,,,,,false
2014-11-27,7.38,,,,,,false
2014-11-28,7.66,,,,,,false
2014-12-01,7.67,,,,,,false
2014-12-02,7.97,,,,,,false
2014-12-03,7.94,,,,,,false
2014-12-04,8.41,,,,,,false
2014-12-05,8.77,,,,,,false
2014-12-08,8.97,,,,,,false
2014-12-09,8.36,,,,,,false
2014-12-10,8.57,,,,,,false
2014-12-11,8.47,,,,,,false
2014-12-12,8.47,,,,,,false
2014-12-15,8.12,,,,,,false
2014-12-16,8.37,,,,,,false
2014-12-17,8.67,,,,,,false
2014-12-18,8.61,,,,,,false
2014-12-19,8.86,,,,,,false
2014-12-22,9.19,,,,,,false
2014-12-23,8.8,,,,,,false
2014-12-24,8.48,,,,,,false
2014-12-25,8.81,,,,,,false
2014-12-26,9.08,,,,,,false
2014-12-29,9.12,,,,,,false
2014-12-30,9.24,,,,,,false
2014-12-31,9.52,,,,,,false
2015-01-05,10.01,,,,,,false
2015-01-06,10.03,,,,,,false
2015-01-07,10.1,,,,,,false
2015-01-08,9.79,,,,,,false
2015-01-09,9.79,,,,,,false
2015-01-12,9.58,,,,,,false
2015-01-13,9.58,,,,,,false
2015-01-14,9.64,,,,,,false
2015-01-15,10.07,,,,,,false
2015-01-16,10.21,,,,,,false
2015-01-19,9.26,,,,,,false
2015-01-20,9.36,,,,,,false
2015-01-21,9.88,,,,,,false
2015-01-22,9.84,,,,,,false
2015-01-23,9.89,,,,,,false
2015-01-26,9.92,,,,,,false
2015-01-27,9.72,,,,,,false
2015-01-28,9.57,,,,,,false
2015-01-29,9.39,,,,,,false
2015-01-30,9.24,,,,,,false
2015-02-02,8.92,,,,,,false
2015-02-03,9.17,,,,,,false
2015-02-04,9.04,,,,,,false
2015-02-05,8.92,,,,,,false
2015-02-06,8.73,,,,,,false
2015-02-09,8.8,,,,,,false
2015-02-10,8.96,,,,,,false
2015-02-11,8.94,,,,,,false
2015-02-12,8.97,,,,,,false
2015-02-13,9.04,,,,,,false
2015-02-16,9.03,,,,,,false
2015-02-17,9.1,,,,,,false
2015-02-25,9.09,,,,,,false
2015-02-26,9.29,,,,,,false
2015-02-27,9.29,,,,,,false
2015-03-02,9.31,,,,,,false
2015-03-03,9.03,,,,,,false
2015-03-04,9.01,,,,,,false
2015-03-05,8.86,,,,,,false
2015-03-06,8.88,,,,,,false
2015-03-09,9.14,,,,,,false
2015-03-10,9.01,,,,,,false
2015-03-11,9.03,,,,,,false
2015-03-12,9.29,,,,,,false
2015-03-13,9.33,,,,,,false
2015-03-16,9.46,,,,,,false
2015-03-17,9.59,,,,,,false
2015-03-18,9.82,,,,,,false
2015-03-19,9.81,,,,,,false
2015-03-20,9.89,,,,,,false
2015-03-23,10.06,,,,,,false
2015-03-24,10.05,,,,,,false
2015-03-25,9.86,,,,,,false
2015-03-26,10,,,,,,false
2015-03-27,9.99,,,,,,false
2015-03-30,10.32,,,,,,false
2015-03-31,10.18,,,,,,false
2015-04-01,10.29,,,,,,false
2015-04-02,10.27,,,,,,false
2015-04-03,10.31,,,,,,false
2015-04-07,10.59,,,,,,false
2015-04-08,10.74,,,,,,false
2015-04-09,10.63,,,,,,false
2015-04-10,10.78,,,,,,false
2015-04-13,11.09,,,,,,false
2015-04-14,11.09,,,,,,false
2015-04-15,11.16,,,,,,false
2015-04-16,11.51,,,,,,false
2015-04-17,11.77,,,,,,false
2015-04-20,11.51,,,,,,false
2015-04-21,11.6,,,,,,false
2015-04-22,11.82,,,,,,false
2015-04-23,11.78,,,,,,false
2015-04-24,11.65,,,,,,false
2015-04-27,12.17,,,,,,false
2015-04-28,12.2,,,,,,false
2015-04-29,12,,,,,,false
2015-04-30,11.83,,,,,,false
2015-05-04,12.3,,,,,,false
2015-05-05,11.72,,,,,,false
2015-05-06,11.48,,,,,,false
2015-05-07,11.2,,,,,,false
2015-05-08,11.38,,,,,,false
2015-05-11,11.63,,,,,,false
2015-05-12,11.71,,,,,,false
2015-05-13,11.55,,,,,,false
2015-05-14,11.52,,,,,,false
2015-05-15,11.27,,,,,,false
2015-05-18,11.09,,,,,,false
2015-05-19,11.46,,,,,,false
2015-05-20,11.48,,,,,,false
2015-05-21,11.86,,,,,,false
2015-05-22,12.2,,,,,,false
2015-05-25,12.55,,,,,,false
2015-05-26,12.63,,,,,,false
2015-05-27,12.59,,,,,,false
2015-05-28,11.78,,,,,,false
2015-05-29,11.71,,,,,,false
2015-06-01,12.25,,,,,,false
2015-06-02,12.32,,,,,,false
2015-06-03,12.33,,,,,,false
2015-06-04,12.59,,,,,,false
2015-06-05,12.7,,,,,,false
2015-06-08,13.29,,,,,,false
2015-06-09,13.15,,,,,,false
2015-06-10,12.95,,,,,,false
2015-06-11,12.86,,,,,,false
2015-06-12,12.95,,,,,,false
2015-06-15,12.63,,,,,,false
2015-06-16,12.22,,,,,,false
2015-06-17,12.45,,,,,,false
2015-06-18,11.96,,,,,,false
2015-06-19,11.31,,,,,,false
2015-06-23,11.67,,,,,,false
2015-06-24,11.94,,,,,,false
2015-06-25,11.6,,,,,,false
2015-06-26,10.89,,,,,,false
2015-06-29,10.89,,,,,,false
2015-06-30,11.49,,,,,,false
2015-07-01,10.98,,,,,,false
2015-07-02,11.09,,,,,,false
2015-07-03,10.43,,,,,,false
2015-07-06,11.16,,,,,,false
2015-07-07,11.48,,,,,,false
2015-07-08,10.81,,,,,,false
2015-07-09,11.38,,,,,,false
2015-07-10,11.66,,,,,,false
2015-07-13,11.45,,,,,,false
2015-07-14,11.13,,,,,,false
2015-07-15,11.28,,,,,,false
2015-07-16,11.2,,,,,,false
2015-07-17,11.31,,,,,,false
2015-07-20,11.34,,,,,,false
2015-07-21,11.28,,,,,,false
2015-07-22,11.21,,,,,,false
2015-07-23,11.32,,,,,,false
2015-07-24,11.18,,,,,,false
2015-07-27,10.25,,,,,,false
2015-07-28,10.16,,,,,,false
2015-07-29,10.3,,,,,,false
2015-07-30,10.09,,,,,,false
2015-07-31,10.03,,,,,,false
2015-08-03,10.06,,,,,,false
2015-08-04,10.22,,,,,,false
2015-08-05,10.05,,,,,,false
2015-08-06,9.98,,,,,,false
2015-08-07,10.1,,,,,,false
2015-08-10,10.48,,,,,,false
2015-08-11,10.42,,,,,,false
2015-08-12,10.31,,,,,,false
2015-08-13,10.39,,,,,,false
2015-08-14,10.35,,,,,,false
2015-08-17,10.28,,,,,,false
2015-08-18,9.9,,,,,,false
2015-08-19,9.88,,,,,,false
2015-08-20,9.62,,,,,,false
2015-08-21,9.35,,,,,,false
2015-08-24,8.56,,,,,,false
2015-08-25,7.91,,,,,,false
2015-08-26,8.04,,,,,,false
2015-08-27,8.48,,,,,,false
2015-08-28,8.74,,,,,,false
2015-08-31,8.78,,,,,,false
2015-09-01,9.34,,,,,,false
2015-09-02,9.5,,,,,,false
2015-09-07,9.04,,,,,,false
2015-09-08,9.19,,,,,,false
2015-09-09,9.33,,,,,,false
2015-09-10,9.24,,,,,,false
2015-09-11,9.19,,,,,,false
2015-09-14,9.16,,,,,,false
2015-09-15,9.02,,,,,,false
2015-09-16,9.26,,,,,,false
2015-09-17,9.11,,,,,,false
2015-09-18,9.08,,,,,,false
2015-09-21,9.12,,,,,,false
2015-09-22,9.18,,,,,,false
2015-09-23,8.98,,,,,,false
2015-09-24,8.99,,,,,,false
2015-09-25,9,,,,,,false
2015-09-28,8.95,,,,,,false
2015-09-29,8.79,,,,,,false
2015-09-30,8.83,,,,,,false
2015-10-08,9.02,,,,,,false
2015-10-09,9.09,,,,,,false
2015-10-12,9.33,,,,,,false
2015-10-13,9.27,,,,,,false
2015-10-14,9.22,,,,,,false
2015-10-15,9.35,,,,,,false
2015-10-16,9.45,,,,,,false
2015-10-19,9.42,,,,,,false
2015-10-20,9.49,,,,,,false
2015-10-21,9.53,,,,,,false
2015-10-22,9.46,,,,,,false
2015-10-23,9.48,,,,,,false
2015-10-26,9.52,,,,,,false
2015-10-27,9.48,,,,,,false
2015-10-28,9.41,,,,,,false
2015-10-29,9.4,,,,,,false
2015-10-30,9.38,,,,,,false
2015-11-02,9.59,,,,,,false
2015-11-03,9.53,,,,,,false
2015-11-04,9.85,,,,,,false
2015-11-05,10.1,,,,,,false
2015-11-06,10.22,,,,,,false
2015-11-09,10.48,,,,,,false
2015-11-10,10.42,,,,,,false
2015-11-11,10.35,,,,,,false
2015-11-12,10.24,,,,,,false
2015-11-13,10.13,,,,,,false
2015-11-16,10.16,,,,,,false
2015-11-17,10.19,,,,,,false
2015-11-18,10.17,,,,,,false
2015-11-19,10.23,,,,,,false
2015-11-20,10.21,,,,,,false
2015-11-23,10.17,,,,,,false
2015-11-24,10.15,,,,,,false
2015-11-25,10.2,,,,,,false
2015-11-26,10.17,,,,,,false
2015-11-27,9.7,,,,,,false
2015-11-30,9.78,,,,,,false
2015-12-01,9.76,,,,,,false
2015-12-02,10.15,,,,,,false
2015-12-03,10.28,,,,,,false
2015-12-04,10.04,,,,,,false
2015-12-07,10.02,,,,,,false
2015-12-08,9.85,,,,,,false
2015-12-09,9.88,,,,,,false
2015-12-10,9.84,,,,,,false
2015-12-11,9.77,,,,,,false
2015-12-14,9.74,,,,,,false
2015-12-15,9.67,,,,,,false
2015-12-16,9.67,,,,,,false
2015-12-17,9.8,,,,,,false
2015-12-18,9.84,,,,,,false
2015-12-21,10.06,,,,,,false
2015-12-22,10.04,,,,,,false
2015-12-23,10.04,,,,,,false
2015-12-24,9.96,,,,,,false
2015-12-25,9.98,,,,,,false
2015-12-28,9.77,,,,,,false
2015-12-29,9.85,,,,,,false
2015-12-30,9.85,,,,,,false
2015-12-31,9.8,,,,,,false
2016-01-01,9.33,,,,,,false
2016-01-04,9.33,,,,,,false
2016-01-05,9.37,,,,,,false
2016-01-06,9.53,,,,,,false
2016-01-07,9.06,,,,,,false
2016-01-08,9.22,,,,,,false
2016-01-11,8.86,,,,,,false
2016-01-12,8.9,,,,,,false
2016-01-13,8.79,,,,,,false
2016-01-14,8.87,,,,,,false
2016-01-15,8.62,,,,,,false
2016-01-18,8.59,,,,,,false
2016-01-19,8.79,,,,,,false
2016-01-20,8.71,,,,,,false
2016-01-21,8.53,,,,,,false
2016-01-22,8.62,,,,,,false
2016-01-25,8.65,,,,,,false
2016-01-26,8.22,,,,,,false
2016-01-27,8.25,,,,,,false
2016-01-28,8.14,,,,,,false
2016-01-29,8.31,,,,,,false
2016-02-01,8.16,,,,,,false
2016-02-02,8.26,,,,,,false
2016-02-03,8.19,,,,,,false
2016-02-04,8.26,,,,,,false
2016-02-05,8.25,,,,,,false
2016-02-15,8.18,,,,,,false
2016-02-16,8.37,,,,,,false
2016-02-17,8.45,,,,,,false
2016-02-18,8.43,,,,,,false
2016-02-19,8.39,,,,,,false
2016-02-22,8.54,,,,,,false
2016-02-23,8.48,,,,,,false
2016-02-24,8.52,,,,,,false
2016-02-25,8.15,,,,,,false
2016-02-26,8.25,,,,,,false
2016-02-29,8.21,,,,,,false
2016-03-01,8.28,,,,,,false
2016-03-02,8.54,,,,,,false
2016-03-03,8.57,,,,,,false
2016-03-04,8.8,,,,,,false
2016-03-07,8.78,,,,,,false
2016-03-08,8.81,,,,,,false
2016-03-09,8.8,,,,,,false
2016-03-10,8.65,,,,,,false
2016-03-11,8.67,,,,,,false
2016-03-14,8.71,,,,,,false
2016-03-15,8.73,,,,,,false
2016-03-16,8.86,,,,,,false
2016-03-17,8.84,,,,,,false
2016-03-18,8.88,,,,,,false
2016-03-21,8.94,,,,,,false
2016-03-22,8.89,,,,,,false
2016-03-23,8.89,,,,,,false
2016-03-24,8.78,,,,,,false
2016-03-25,8.81,,,,,,false
2016-03-28,8.78,,,,,,false
2016-03-29,8.71,,,,,,false
2016-03-30,8.9,,,,,,false
2016-03-31,8.9,,,,,,false
2016-04-01,8.95,,,,,,false
2016-04-05,8.99,,,,,,false
2016-04-06,8.97,,,,,,false
2016-04-07,8.87,,,,,,false
2016-04-08,8.82,,,,,,false
2016-04-11,8.92,,,,,,false
2016-04-12,8.91,,,,,,false
2016-04-13,9.02,,,,,,false
2016-04-14,9.02,,,,,,false
2016-04-15,9.01,,,,,,false
2016-04-18,8.98,,,,,,false
2016-04-19,9,,,,,,false
2016-04-20,8.92,,,,,,false
2016-04-21,8.9,,,,,,false
2016-04-22,8.93,,,,,,false
2016-04-25,8.92,,,,,,false
2016-04-26,8.94,,,,,,false
2016-04-27,8.92,,,,,,false
2016-04-28,8.91,,,,,,false
2016-04-29,8.87,,,,,,false
2016-05-03,9.06,,,,,,false
2016-05-04,9.03,,,,,,false
2016-05-05,9.03,,,,,,false
2016-05-06,8.82,,,,,,false
2016-05-09,8.68,,,,,,false
2016-05-10,8.68,,,,,,false
2016-05-11,8.73,,,,,,false
2016-05-12,8.73,,,,,,false
2016-05-13,8.72,,,,,,false
2016-05-16,8.75,,,,,,false
2016-05-17,8.74,,,,,,false
2016-05-18,8.71,,,,,,false
2016-05-19,8.69,,,,,,false
2016-05-20,8.72,,,,,,false
2016-05-23,8.72,,,,,,false
2016-05-24,8.68,,,,,,false
2016-05-25,8.69,,,,,,false
2016-05-26,8.71,,,,,,false
2016-05-27,8.71,,,,,,false
2016-05-30,8.75,,,,,,false
2016-05-31,8.94,,,,,,false
2016-06-01,8.91,,,,,,false
2016-06-02,8.9,,,,,,false
2016-06-03,8.95,,,,,,false
2016-06-06,8.93,,,,,,false
2016-06-07,8.88,,,,,,false
2016-06-08,8.87,,,,,,false
2016-06-13,8.71,,,,,,false
2016-06-14,8.74,,,,,,false
2016-06-15,8.78,,,,,,false
2016-06-16,8.73,,,,,,false
2016-06-17,8.76,,,,,,false
2016-06-20,8.78,,,,,,false
2016-06-21,8.78,,,,,,false
2016-06-22,8.82,,,,,,false
2016-06-23,8.74,,,,,,false
2016-06-24,8.61,,,,,,false
2016-06-27,8.67,,,,,,false
2016-06-28,8.68,36.6,36.64649956784788,mid,mid,2011-06-28,false
2016-06-29,8.74,39,39.03281519861831,mid,mid,2011-06-28,false
2016-06-30,8.75,39.4,39.43054357204487,mid,mid,2011-06-28,false
2016-07-01,8.78,40.3,40.3448275862069,mid,mid,2011-06-28,false
2016-07-04,8.87,42.9,42.89405684754522,mid,mid,2011-06-28,false
2016-07-05,8.87,42.9,42.943201376936315,mid,mid,2011-06-28,false
2016-07-06,8.87,43,42.992261392949274,mid,mid,2011-06-28,false
2016-07-07,8.81,41.4,41.40893470790378,mid,mid,2011-06-28,false
2016-07-08,8.68,36.5,36.48068669527897,mid,mid,2011-06-28,false
2016-07-11,8.7,37,36.96397941680961,mid,mid,2011-06-28,false
2016-07-12,8.86,42.6,42.58783204798629,mid,mid,2011-06-28,false
2016-07-13,8.88,43.5,43.49315068493151,mid,mid,2011-06-28,false
2016-07-14,8.83,42.1,42.08725406330196,mid,mid,2011-06-28,false
2016-07-15,8.87,43.2,43.24786324786325,mid,mid,2011-06-28,false
2016-07-18,8.87,43.3,43.29632792485055,mid,mid,2011-06-28,false
2016-07-19,8.81,41.4,41.382252559726965,mid,mid,2011-06-28,false
2016-07-20,8.77,39.5,39.47144075021313,mid,mid,2011-06-28,false
2016-07-21,8.8,41,40.971039182282794,mid,mid,2011-06-28,false
2016-07-22,8.74,38.7,38.72340425531915,mid,mid,2011-06-28,false
2016-07-25,8.76,39.3,39.285714285714285,mid,mid,2011-06-28,false
2016-07-26,8.85,42.4,42.39592183517417,mid,mid,2011-06-28,false
2016-07-27,8.81,41.6,41.59592529711375,mid,mid,2011-06-28,false
2016-07-28,8.83,42.3,42.324003392705684,mid,mid,2011-06-28,false
2016-07-29,8.82,42,42.03389830508474,mid,mid,2011-06-28,false
2016-08-01,8.83,42.4,42.42167654530059,mid,mid,2011-06-28,false
2016-08-02,8.85,42.6,42.63959390862944,mid,mid,2011-06-28,false
2016-08-03,8.83,42.4,42.43448858833474,mid,mid,2011-06-28,false
2016-08-04,8.85,42.7,42.736486486486484,mid,mid,2011-06-28,false
2016-08-05,8.87,44,43.9662447257384,mid,mid,2011-06-28,false
2016-08-08,8.93,45.9,45.86846543001686,mid,mid,2011-06-28,false
2016-08-09,8.98,47.4,47.430497051390056,mid,mid,2011-06-28,false
2016-08-10,8.95,46.7,46.717171717171716,mid,mid,2011-06-28,false
2016-08-11,8.98,47.5,47.51892346509672,mid,mid,2011-06-28,false
2016-08-12,9.16,51.7,51.68067226890757,mid,mid,2011-06-28,false
2016-08-15,9.37,57.1,57.094878253568424,mid,mid,2011-06-28,false
2016-08-16,9.26,54.1,54.11073825503355,mid,mid,2011-06-28,false
2016-08-17,9.24,53.6,53.64626990779547,mid,mid,2011-06-28,false
2016-08-18,9.21,52.7,52.68006700167505,mid,mid,2011-06-28,false
2016-08-19,9.22,53.1,53.13807531380753,mid,mid,2011-06-28,false
2016-08-22,9.2,52.6,52.59197324414716,mid,mid,2011-06-28,false
2016-08-23,9.22,53.2,53.216374269005854,mid,mid,2011-06-28,false
2016-08-24,9.2,52.6,52.587646076794655,mid,mid,2011-06-28,false
2016-08-25,9.17,51.7,51.70975813177648,mid,mid,2011-06-28,false
2016-08-26,9.14,50.8,50.83333333333333,mid,mid,2011-06-28,false
2016-08-29,9.12,50.3,50.291423813488755,mid,mid,2011-06-28,false
2016-08-30,9.17,51.8,51.83028286189683,mid,mid,2011-06-28,false
2016-08-31,9.21,52.9,52.867830423940156,mid,mid,2011-06-28,false
2016-09-01,9.25,54.2,54.15282392026578,mid,mid,2011-06-28,false
2016-09-02,9.45,59.8,59.83402489626556,mid,mid,2011-06-28,false
2016-09-05,9.46,60.1,60.11608623548922,mid,mid,2011-06-28,false
2016-09-06,9.46,60.1,60.149130074565036,mid,mid,2011-06-28,false
2016-09-07,9.47,60.3,60.347682119205295,mid,mid,2011-06-28,false
2016-09-08,9.46,60.1,60.132340777502066,mid,mid,2011-06-28,false
2016-09-09,9.41,58.2,58.18181818181818,mid,mid,2011-06-28,false
2016-09-12,9.31,55.2,55.24360033030553,mid,mid,2011-06-28,false
2016-09-13,9.29,55,55.03300330033003,mid,mid,2011-06-28,false
2016-09-14,9.21,52.5,52.51442704039572,mid,mid,2011-06-28,false
2016-09-19,9.26,54.3,54.2833607907743,mid,mid,2011-06-28,false
2016-09-20,9.25,53.8,53.827160493827165,mid,mid,2011-06-28,false
2016-09-21,9.27,54.5,54.523026315789465,mid,mid,2011-06-28,false
2016-09-22,9.34,56.3,56.28594905505341,mid,mid,2011-06-28,false
2016-09-23,9.32,55.6,55.58292282430214,mid,mid,2011-06-28,false
2016-09-26,9.22,52.9,52.91222313371616,mid,mid,2011-06-28,false
2016-09-27,9.27,54.5,54.50819672131148,mid,mid,2011-06-28,false
2016-09-28,9.24,53.5,53.480753480753485,mid,mid,2011-06-28,false
2016-09-29,9.28,54.7,54.6644844517185,mid,mid,2011-06-28,false
2016-09-30,9.29,55.3,55.2739165985282,mid,mid,2011-06-28,false
2016-10-10,9.38,58,58.00653594771242,mid,mid,2011-06-28,false
2016-10-11,9.4,58.4,58.44897959183674,mid,mid,2011-06-28,false
2016-10-12,9.37,57.7,57.66721044045677,mid,mid,2011-06-28,false
2016-10-13,9.37,57.7,57.701711491442545,mid,mid,2011-06-28,false
2016-10-14,9.39,58.1,58.14332247557004,mid,mid,2011-06-28,false
2016-10-17,9.33,56.1,56.14320585842149,mid,mid,2011-06-28,false
2016-10-18,9.43,59.5,59.512195121951216,mid,mid,2011-06-28,false
2016-10-19,9.43,59.5,59.545085296506905,mid,mid,2011-06-28,false
2016-10-20,9.44,59.7,59.74025974025974,mid,mid,2011-06-28,false
2016-10-21,9.49,61.9,61.881589618815894,mid,mid,2011-06-28,false
2016-10-24,9.59,65.7,65.72123176661265,mid,mid,2011-06-28,false
2016-10-25,9.59,65.7,65.74898785425101,mid,mid,2011-06-28,false
2016-10-26,9.52,63.2,63.18770226537217,mid,mid,2011-06-28,false
2016-10-27,9.49,61.8,61.76232821341956,mid,mid,2011-06-28,false
2016-10-28,9.5,62.2,62.197092084006464,mid,mid,2011-06-28,false
2016-10-31,9.49,61.7,61.743341404358354,mid,mid,2011-06-28,false
2016-11-01,9.39,57.7,57.74193548387097,mid,mid,2011-06-28,false
2016-11-02,9.31,54.8,54.794520547945204,mid,mid,2011-06-28,false
2016-11-03,9.37,57.2,57.2463768115942,mid,mid,2011-06-28,false
2016-11-04,9.35,56.2,56.154465004022526,mid,mid,2011-06-28,false
2016-11-07,9.37,57.3,57.31511254019293,mid,mid,2011-06-28,false
2016-11-08,9.4,58.3,58.31325301204819,mid,mid,2011-06-28,false
2016-11-09,9.36,56.6,56.581059390048146,mid,mid,2011-06-28,false
2016-11-10,9.45,60.3,60.304731355252606,mid,mid,2011-06-28,false
2016-11-11,9.48,61.3,61.29807692307693,mid,mid,2011-06-28,false
2016-11-14,9.5,62.5,62.53002401921537,mid,mid,2011-06-28,false
2016-11-15,9.49,62,62,mid,mid,2011-06-28,false
2016-11-16,9.48,61.2,61.23101518784972,mid,mid,2011-06-28,false
2016-11-17,9.5,62.6,62.61980830670927,mid,mid,2011-06-28,false
2016-11-18,9.48,61.2,61.21308858739026,mid,mid,2011-06-28,false
2016-11-21,9.56,65.4,65.39074960127593,mid,mid,2011-06-28,false
2016-11-22,9.65,67.6,67.56972111553785,mid,mid,2011-06-28,false
2016-11-23,9.69,68.5,68.47133757961782,mid,mid,2011-06-28,false
2016-11-24,9.7,68.7,68.65552903739062,mid,mid,2011-06-28,false
2016-11-25,9.81,70.6,70.58823529411765,high,mid,2011-06-28,false
2016-11-28,9.89,72.8,72.83558379666401,high,mid,2011-06-28,false
2016-11-29,9.99,74.6,74.60317460317461,high,mid,2011-06-28,false
2016-11-30,9.87,72.1,72.08564631245044,high,mid,2011-06-28,false
2016-12-01,9.94,73.6,73.61331220285261,high,mid,2011-06-28,false
2016-12-02,9.93,73.4,73.39667458432304,high,mid,2011-06-28,false
2016-12-05,9.79,69.9,69.85759493670885,mid,mid,2011-06-28,false
2016-12-06,9.76,69.2,69.1699604743083,mid,mid,2011-06-28,false
2016-12-07,9.76,69.2,69.19431279620854,mid,mid,2011-06-28,false
2016-12-08,9.76,69.2,69.21862667719022,mid,mid,2011-06-28,false
2016-12-09,9.91,72.9,72.94952681388013,high,mid,2011-06-28,false
2016-12-12,10.08,76.1,76.12293144208037,high,mid,2011-06-28,false
2016-12-13,10.03,75.1,75.11811023622047,high,mid,2011-06-28,false
2016-12-14,9.98,74.5,74.50826121164438,high,mid,2011-06-28,false
2016-12-15,9.79,69.7,69.73270440251572,mid,mid,2011-06-28,false
2016-12-16,9.78,69.4,69.36370777690495,mid,mid,2011-06-28,false
2016-12-19,9.76,68.9,68.91679748822605,mid,mid,2011-06-28,false
2016-12-20,9.68,67.5,67.45098039215686,mid,mid,2011-06-28,false
2016-12-21,9.79,69.8,69.82758620689656,mid,mid,2011-06-28,false
2016-12-22,9.82,70.5,70.47768206734534,high,mid,2011-06-28,false
2016-12-23,9.76,68.9,68.85758998435054,mid,mid,2011-06-28,false
2016-12-26,9.8,70.1,70.05473025801408,high,mid,2011-06-28,false
2016-12-27,9.76,68.8,68.828125,mid,mid,2011-06-28,false
2016-12-28,9.73,67.9,67.91569086651053,mid,mid,2011-06-28,false
2016-12-29,9.71,67.6,67.55070202808112,mid,mid,2011-06-28,false
2016-12-30,9.74,68.1,68.1215900233827,mid,mid,2011-06-28,false
2017-01-03,9.83,70.8,70.7943925233645,high,mid,2011-06-28,false
2017-01-04,9.89,72.8,72.84046692607004,high,mid,2011-06-28,false
2017-01-05,9.93,73.6,73.63919129082426,high,mid,2011-06-28,false
2017-01-06,9.94,73.9,73.89277389277389,high,mid,2011-06-28,false
2017-01-09,9.97,74.4,74.37888198757764,high,mid,2011-06-28,false
2017-01-10,9.96,74.2,74.16602017067494,high,mid,2011-06-28,false
2017-01-11,9.9,72.7,72.71317829457364,high,mid,2011-06-28,false
2017-01-12,9.88,72,72.03718048024787,high,mid,2011-06-28,false
2017-01-13,9.93,73.5,73.52941176470588,high,mid,2011-06-28,false
2017-01-16,10.04,75.8,75.79273008507347,high,mid,2011-06-28,false
2017-01-17,10.03,75.5,75.50231839258115,high,mid,2011-06-28,false
2017-01-18,10.08,76.6,76.6023166023166,high,mid,2011-06-28,false
2017-01-19,10.06,76.2,76.23456790123457,high,mid,2011-06-28,false
2017-01-20,10.09,76.9,76.94680030840401,high,high,2011-06-28,false
2017-01-23,10.1,77.3,77.27272727272727,high,high,2011-06-28,false
2017-01-24,10.19,78.4,78.44495765973825,high,high,2011-06-28,false
2017-01-25,10.2,78.5,78.53846153846153,high,high,2011-06-28,false
2017-01-26,10.22,79,79.01614142966949,high,high,2011-06-28,false
2017-02-03,10.13,77.3,77.2657450076805,high,high,2011-06-28,false
2017-02-06,10.14,77.4,77.35993860322333,high,high,2011-06-28,false
2017-02-07,10.11,77.1,77.07055214723927,high,high,2011-06-28,false
2017-02-08,10.12,77.1,77.08812260536398,high,high,2011-06-28,false
2017-02-09,10.16,77.7,77.71822358346095,high,high,2011-06-28,false
2017-02-10,10.23,79.2,79.18898240244836,high,high,2011-06-28,false
2017-02-13,10.29,80.2,80.19877675840978,high,high,2011-06-28,false
2017-02-14,10.28,80,79.98472116119176,high,high,2011-06-28,false
2017-02-15,10.33,81.1,81.06870229007633,high,high,2011-06-28,false
2017-02-16,10.34,81.1,81.08314263920671,high,high,2011-06-28,false
2017-02-17,10.26,79.5,79.4969512195122,high,high,2011-06-28,false
2017-02-20,10.4,82,82.02589489718203,high,high,2011-06-28,false
2017-02-21,10.42,82.2,82.1917808219178,high,high,2011-06-28,false
2017-02-22,10.46,82.4,82.3574144486692,high,high,2011-06-28,false
2017-02-23,10.4,81.9,81.91489361702128,high,high,2011-06-28,false
2017-02-24,10.38,81.4,81.39711465451785,high,high,2011-06-28,false
2017-02-27,10.32,80.5,80.50075872534143,high,high,2011-06-28,false
2017-02-28,10.34,80.8,80.81880212282032,high,high,2011-06-28,false
2017-03-01,10.35,81.1,81.13636363636364,high,high,2011-06-28,false
2017-03-02,10.29,79.6,79.63663890991674,high,high,2011-06-28,false
2017-03-03,10.24,78.6,78.59304084720121,high,high,2011-06-28,false
2017-03-06,10.25,78.7,78.68480725623583,high,high,2011-06-28,false
2017-03-07,10.28,79.4,79.38066465256797,high,high,2011-06-28,false
2017-03-08,10.28,79.4,79.39622641509433,high,high,2011-06-28,false
2017-03-09,10.21,77.6,77.60180995475113,high,high,2011-06-28,false
2017-03-10,10.2,77.4,77.39261492087415,high,high,2011-06-28,false
2017-03-13,10.27,79.1,79.06626506024097,high,high,2011-06-28,false
2017-03-14,10.29,79.8,79.75921745673439,high,high,2011-06-28,false
2017-03-15,10.31,80.3,80.30075187969925,high,high,2011-06-28,false
2017-03-16,10.33,80.8,80.76634109691962,high,high,2011-06-28,false
2017-03-17,10.23,77.9,77.92792792792793,high,high,2011-06-28,false
2017-03-20,10.29,79.7,79.66991747936984,high,high,2011-06-28,false
2017-03-21,10.35,81.3,81.33433283358322,high,high,2011-06-28,false
2017-03-22,10.28,79.2,79.1760299625468,high,high,2011-06-28,false
2017-03-23,10.3,79.9,79.94011976047905,high,high,2011-06-28,false
2017-03-24,10.38,81.7,81.67539267015707,high,high,2011-06-28,false
2017-03-27,10.37,81.5,81.46487294469357,high,high,2011-06-28,false
2017-03-28,10.33,80.7,80.6572068707991,high,high,2011-06-28,false
2017-03-29,10.34,80.8,80.82089552238806,high,high,2011-06-28,false
2017-03-30,10.31,80,80.01491424310217,high,high,2011-06-28,false
2017-03-31,10.39,82,82.04172876304024,high,high,2011-06-28,false
2017-04-05,10.48,82.9,82.94862248696947,high,high,2011-06-28,false
2017-04-06,10.51,83.1,83.11011904761905,high,high,2011-06-28,false
2017-04-07,10.53,83.1,83.12267657992565,high,high,2011-06-28,false
2017-04-10,10.5,82.9,82.91233283803864,high,high,2011-06-28,false
2017-04-11,10.5,82.9,82.92501855976244,high,high,2011-06-28,false
2017-04-12,10.5,82.9,82.93768545994065,high,high,2011-06-28,false
2017-04-13,10.48,82.7,82.65381764269829,high,high,2011-06-28,false
2017-04-14,10.41,81.9,81.85185185185185,high,high,2011-06-28,false
2017-04-17,10.42,82.1,82.08734270910438,high,high,2011-06-28,false
2017-04-18,10.35,80.7,80.69526627218934,high,high,2011-06-28,false
2017-04-19,10.28,78.2,78.19660014781967,high,high,2011-06-28,false
2017-04-20,10.3,79,79.02511078286558,high,high,2011-06-28,false
2017-04-21,10.37,81,80.95940959409594,high,high,2011-06-28,false
2017-04-24,10.32,79.6,79.57227138643069,high,high,2011-06-28,false
2017-04-25,10.33,80,79.95578481945468,high,high,2011-06-28,false
2017-04-26,10.34,80.2,80.19145802650958,high,high,2011-06-28,false
2017-04-27,10.36,80.8,80.79470198675497,high,high,2011-06-28,false
2017-04-28,10.32,79.4,79.41176470588235,high,high,2011-06-28,false
2017-05-02,9.79,65.9,65.90742101396032,mid,high,2011-06-28,false
2017-05-03,9.74,64.2,64.24375917767988,mid,high,2011-06-28,false
2017-05-04,9.73,64,63.97652237710931,mid,high,2011-06-28,false
2017-05-05,9.72,63.7,63.70967741935484,mid,high,2011-06-28,false
2017-05-08,9.72,63.7,63.73626373626373,mid,high,2011-06-28,false
2017-05-09,9.68,63,63.03074670571011,mid,mid,2011-06-28,false
2017-05-10,9.66,62.3,62.32626188734455,mid,mid,2011-06-28,false
2017-05-11,9.76,65.1,65.13157894736842,mid,mid,2011-06-28,false
2017-05-12,9.88,68.6,68.59021183345507,mid,mid,2011-06-28,false
2017-05-15,9.92,69.6,69.56204379562044,mid,mid,2011-06-28,false
2017-05-16,9.92,69.6,69.58424507658644,mid,mid,2011-06-28,false
2017-05-17,9.84,67.3,67.3469387755102,mid,mid,2011-06-28,false
2017-05-18,9.82,66.6,66.64238892935178,mid,mid,2011-06-28,false
2017-05-19,9.84,67.4,67.39446870451238,mid,mid,2011-06-28,false
2017-05-22,9.9,69.2,69.23636363636363,mid,mid,2011-06-28,false
2017-05-23,10.03,72.2,72.16569767441861,high,mid,2011-06-28,false
2017-05-24,10.02,71.8,71.82280319535221,high,mid,2011-06-28,false
2017-05-25,10.05,72.6,72.64150943396226,high,mid,2011-06-28,false
2017-05-26,10.07,73.2,73.16896301667876,high,mid,2011-06-28,false
2017-05-31,10.12,74.3,74.34782608695653,high,mid,2011-06-28,false
2017-06-01,10.18,75.5,75.45257060101376,high,mid,2011-06-28,false
2017-06-02,10.14,74.6,74.60202604920406,high,mid,2011-06-28,false
2017-06-05,9.99,71.3,71.29428778018799,high,mid,2011-06-28,false
2017-06-06,10.03,72,71.96531791907515,high,mid,2011-06-28,false
2017-06-07,10.12,74.3,74.29602888086643,high,mid,2011-06-28,false
2017-06-08,10.18,75.5,75.54112554112554,high,mid,2011-06-28,false
2017-06-09,10.2,76,75.99134823359769,high,mid,2011-06-28,false
2017-06-12,10.2,76,76.0086455331412,high,mid,2011-06-28,false
2017-06-13,10.2,76,76.02591792656588,high,mid,2011-06-28,false
2017-06-14,10.08,73,73.02158273381295,high,mid,2011-06-28,false
2017-06-15,10.01,71.1,71.0999281092739,high,mid,2011-06-28,false
2017-06-16,9.95,69.8,69.75574712643679,mid,mid,2011-06-28,false
2017-06-19,10,71,70.9978463747308,high,mid,2011-06-28,false
2017-06-20,10.01,71.2,71.16212338593975,high,mid,2011-06-28,false
2017-06-21,10.09,73.5,73.47670250896059,high,mid,2011-06-28,false
2017-06-22,10.16,74.9,74.92836676217765,high,mid,2011-06-28,false
2017-06-23,10.25,77.4,77.38010021474588,high,mid,2011-06-28,false
2017-06-26,10.3,79.3,79.25608011444922,high,mid,2011-06-28,false
2017-06-27,10.33,80.4,80.41458184417442,high,mid,2011-06-28,false
2017-06-28,10.28,78.3,78.28571428571428,high,mid,2011-06-28,false
2017-06-29,10.31,79.6,79.58600999286224,high,high,2011-06-28,false
2017-06-30,10.33,80.5,80.4564907275321,high,high,2011-06-28,false
2017-07-03,10.3,79.1,79.11617961511048,high,high,2011-06-28,false
2017-07-04,10.25,77.1,77.06552706552706,high,high,2011-06-28,false
2017-07-05,10.31,79.6,79.57295373665481,high,high,2011-06-28,false
2017-07-06,10.32,79.9,79.94310099573258,high,high,2011-06-28,false
2017-07-07,10.29,78.5,78.46481876332622,high,high,2011-06-28,false
2017-07-10,10.29,78.5,78.48011363636364,high,high,2011-06-28,false
2017-07-11,10.32,80,79.98580553584102,high,high,2011-06-28,false
2017-07-12,10.3,79,79.00709219858156,high,high,2011-06-28,false
2017-07-13,10.37,81.7,81.71509567682494,high,high,2011-06-28,false
2017-07-14,10.41,82.6,82.57790368271955,high,high,2011-06-28,false
2017-07-17,10.5,83.7,83.72257607926397,high,high,2011-06-28,false
2017-07-18,10.43,83,82.95615275813296,high,high,2011-06-28,false
2017-07-19,10.49,83.5,83.46289752650176,high,high,2011-06-28,false
2017-07-20,10.55,84,84.03954802259888,high,high,2011-06-28,false
2017-07-21,10.52,83.8,83.83909668313339,high,high,2011-06-28,false
2017-07-24,10.56,84.3,84.27362482369534,high,high,2011-06-28,false
2017-07-25,10.57,84.4,84.42565186751233,high,high,2011-06-28,false
2017-07-26,10.59,84.6,84.64788732394366,high,high,2011-06-28,false
2017-07-27,10.54,83.7,83.74384236453201,high,high,2011-06-28,false
2017-07-28,10.57,84.4,84.38818565400844,high,high,2011-06-28,false
2017-07-31,10.58,84.5,84.46943078004216,high,high,2011-06-28,false
2017-08-01,10.68,86,86.0252808988764,high,high,2011-06-28,false
2017-08-02,10.69,86.1,86.10526315789474,high,high,2011-06-28,false
2017-08-03,10.59,84.6,84.57223001402524,high,high,2011-06-28,false
2017-08-04,10.56,83.9,83.88227049754731,high,high,2011-06-28,false
2017-08-07,10.59,84.6,84.593837535014,high,high,2011-06-28,false
2017-08-08,10.58,84.3,84.25472358292512,high,high,2011-06-28,false
2017-08-09,10.51,83.1,83.07692307692308,high,high,2011-06-28,false
2017-08-10,10.49,82.6,82.59958071278825,high,high,2011-06-28,false
2017-08-11,10.36,80.3,80.3072625698324,high,high,2011-06-28,false
2017-08-14,10.37,80.6,80.60013956734124,high,high,2011-06-28,false
2017-08-15,10.45,82,82.00836820083683,high,high,2011-06-28,false
2017-08-16,10.41,81.5,81.46341463414633,high,high,2011-06-28,false
2017-08-17,10.45,82,82.03342618384401,high,high,2011-06-28,false
2017-08-18,10.46,82.1,82.11551844119694,high,high,2011-06-28,false
2017-08-21,10.48,82.5,82.47566063977747,high,high,2011-06-28,false
2017-08-22,10.53,83.3,83.32175121612231,high,high,2011-06-28,false
2017-08-23,10.6,84.7,84.72222222222221,high,high,2011-06-28,false
2017-08-24,10.61,85.1,85.14920194309508,high,high,2011-06-28,false
2017-08-25,10.84,87.6,87.5866851595007,high,high,2011-06-28,false
2017-08-28,10.89,88,88.011088011088,high,high,2011-06-28,false
2017-08-29,10.89,88,88.01939058171745,high,high,2011-06-28,false
2017-08-30,10.85,87.5,87.5432525951557,high,high,2011-06-28,false
2017-08-31,10.75,86.8,86.7911479944675,high,high,2011-06-28,false
2017-09-01,10.81,87.2,87.21492743607465,high,high,2011-06-28,false
2017-09-04,10.86,87.6,87.56906077348067,high,high,2011-06-28,false
2017-09-05,10.92,88.2,88.19875776397515,high,high,2011-06-28,false
2017-09-06,10.9,88,88,high,high,2011-06-28,false
2017-09-07,10.85,87.4,87.38800827015851,high,high,2011-06-28,false
2017-09-08,10.83,87.1,87.05234159779614,high,high,2011-06-28,false
2017-09-11,10.83,87.1,87.06125258086718,high,high,2011-06-28,false
2017-09-12,10.87,87.5,87.4828060522696,high,high,2011-06-28,false
2017-09-13,10.87,87.5,87.4914089347079,high,high,2011-06-28,false
2017-09-14,10.83,87,86.95054945054946,high,high,2011-06-28,false
2017-09-15,10.79,86.5,86.54770075497598,high,high,2011-06-28,false
2017-09-18,10.78,86.4,86.35116598079561,high,high,2011-06-28,false
2017-09-19,10.78,86.4,86.36052090472927,high,high,2011-06-28,false
2017-09-20,10.79,86.6,86.57534246575342,high,high,2011-06-28,false
2017-09-21,10.85,87.3,87.33744010951403,high,high,2011-06-28,false
2017-09-22,10.88,87.7,87.68809849521205,high,high,2011-06-28,false
2017-09-25,10.93,88.3,88.31168831168831,high,high,2011-06-28,false
2017-09-26,10.93,88.3,88.31967213114754,high,high,2011-06-28,false
2017-09-27,10.89,87.9,87.91808873720136,high,high,2011-06-28,false
2017-09-28,10.87,87.3,87.31241473396999,high,high,2011-06-28,false
2017-09-29,10.86,87.1,87.11656441717791,high,high,2011-06-28,false
2017-10-09,10.95,88.4,88.41961852861036,high,high,2011-06-28,false
2017-10-10,10.96,88.4,88.42750170183798,high,high,2011-06-28,false
2017-10-11,11.03,88.5,88.50340136054422,high,high,2011-06-28,false
2017-10-12,11.02,88.4,88.44323589394969,high,high,2011-06-28,false
2017-10-13,10.99,88.4,88.38315217391305,high,high,2011-06-28,false
2017-10-16,11.01,88.4,88.39103869653768,high,high,2011-06-28,false
2017-10-17,10.99,88.3,88.33107191316147,high,high,2011-06-28,false
2017-10-18,11.14,89.2,89.15254237288136,high,high,2011-06-28,false
2017-10-19,11.17,89.4,89.36314363143632,high,high,2011-06-28,false
2017-10-20,11.11,88.8,88.76100203114422,high,high,2011-06-28,false
2017-10-23,11.06,88.4,88.36265223274695,high,high,2011-06-28,false
2017-10-24,11.15,89.2,89.18187964841108,high,high,2011-06-28,false
2017-10-25,11.13,89,88.98648648648648,high,high,2011-06-28,false
2017-10-26,11.09,88.6,88.58879135719108,high,high,2011-06-28,false
2017-10-27,11.18,89.5,89.47368421052632,high,high,2011-06-28,false
2017-10-30,11.22,89.7,89.68307484828051,high,high,2011-06-28,false
2017-10-31,11.12,88.6,88.61185983827494,high,high,2011-06-28,false
2017-11-01,10.85,86,85.993265993266,high,high,2011-06-28,false
2017-11-02,10.86,86.1,86.13728129205921,high,high,2011-06-28,false
2017-11-03,10.84,85.6,85.60860793544049,high,high,2011-06-28,false
2017-11-06,10.84,85.6,85.61827956989248,high,high,2011-06-28,false
2017-11-07,10.94,87.4,87.44123572867697,high,high,2011-06-28,false
2017-11-08,10.92,87.2,87.18120805369128,high,high,2011-06-28,false
2017-11-09,10.93,87.3,87.32394366197182,high,high,2011-06-28,false
2017-11-10,10.89,86.8,86.79624664879356,high,high,2011-06-28,false
2017-11-13,10.97,87.6,87.60884125920964,high,high,2011-06-28,false
2017-11-14,10.93,87.3,87.28246318607763,high,high,2011-06-28,false
2017-11-15,10.89,86.7,86.68896321070234,high,high,2011-06-28,false
2017-11-16,10.87,86,85.96256684491979,high,high,2011-06-28,false
2017-11-17,11.06,88.1,88.10955243820975,high,high,2011-06-28,false
2017-11-20,11.12,88.7,88.71829105473965,high,high,2011-06-28,false
2017-11-21,11.22,89.8,89.79319546364243,high,high,2011-06-28,false
2017-11-22,11.38,90.4,90.4,extreme,high,2011-06-28,false
2017-11-23,11.14,88.9,88.94070619586942,high,high,2011-06-28,false
2017-11-24,11.15,89.1,89.08122503328894,high,high,2011-06-28,false
2017-11-27,11.07,87.8,87.82435129740519,high,high,2011-06-28,false
2017-11-28,10.98,87.3,87.30053191489363,high,high,2011-06-28,false
2017-11-29,10.99,87.4,87.44186046511628,high,high,2011-06-28,false
2017-11-30,10.93,86.8,86.78618857901726,high,high,2011-06-28,false
2017-12-01,10.88,85.6,85.6005308560053,high,high,2011-06-28,false
2017-12-04,10.91,86.3,86.3395225464191,high,high,2011-06-28,false
2017-12-05,11.06,87.8,87.80649436713055,high,high,2011-06-28,false
2017-12-06,10.95,87,86.95364238410596,high,high,2011-06-28,false
2017-12-07,10.84,84.4,84.38120450033091,high,high,2011-06-28,false
2017-12-08,10.83,84.1,84.06084656084656,high,high,2011-06-28,false
2017-12-11,9.86,61.8,61.79775280898876,mid,high,2011-06-28,false
2017-12-12,9.75,58.3,58.2562747688243,mid,high,2011-06-28,false
2017-12-13,9.83,60.7,60.726072607260726,mid,high,2011-06-28,false
2017-12-14,9.8,60,60.02638522427441,mid,high,2011-06-28,false
2017-12-15,9.69,57,56.95451549110086,mid,mid,2011-06-28,false
2017-12-18,9.74,58.1,58.10276679841897,mid,mid,2011-06-28,false
2017-12-19,9.84,61.4,61.356155365371954,mid,mid,2011-06-28,false
2017-12-20,9.84,61.4,61.38157894736842,mid,mid,2011-06-28,false
2017-12-21,9.89,63,62.98487836949376,mid,mid,2011-06-28,false
2017-12-22,9.87,62.2,62.155059132720105,mid,mid,2011-06-28,false
2017-12-25,9.9,63.2,63.23046618516087,mid,mid,2011-06-28,false
2017-12-26,9.95,64.5,64.501312335958,mid,mid,2011-06-28,false
2017-12-27,9.85,61.6,61.63934426229508,mid,mid,2011-06-28,false
2017-12-28,9.91,63.4,63.36828309305373,mid,mid,2011-06-28,false
2017-12-29,9.96,64.8,64.83300589390963,mid,mid,2011-06-28,false
2018-01-02,10.1,68.5,68.45549738219894,mid,mid,2011-06-28,false
2018-01-03,10.13,68.9,68.93394375408764,mid,mid,2011-06-28,false
2018-01-04,10.18,70.1,70.06535947712418,high,mid,2011-06-28,false
2018-01-05,10.25,71.9,71.91378184193337,high,mid,2011-06-28,false
2018-01-08,10.31,74.5,74.47780678851174,high,mid,2011-06-28,false
2018-01-09,10.32,75,74.95107632093934,high,mid,2011-06-28,false
2018-01-10,10.47,78.4,78.42242503259452,high,mid,2011-06-28,false
2018-01-11,10.47,78.4,78.43648208469055,high,mid,2011-06-28,false
2018-01-12,10.55,79.8,79.81770833333334,high,mid,2011-06-28,false
2018-01-15,10.66,82.2,82.17306441119064,high,mid,2011-06-28,false
2018-01-16,10.74,83.1,83.09492847854357,high,high,2011-06-28,false
2018-01-17,10.76,83.3,83.30084470435347,high,high,2011-06-28,false
2018-01-18,10.96,87.3,87.27272727272727,high,high,2011-06-28,false
2018-01-19,10.99,87.7,87.67034393251136,high,high,2011-06-28,false
2018-01-22,11.06,88.1,88.0674448767834,high,high,2011-06-28,false
2018-01-23,11.32,90.4,90.40829552819183,extreme,high,2011-06-28,false
2018-01-24,11.33,90.4,90.41450777202073,extreme,high,2011-06-28,false
2018-01-25,11.28,90.1,90.09708737864077,extreme,high,2011-06-28,false
2018-01-26,11.34,90.5,90.49159120310478,extreme,high,2011-06-28,false
2018-01-29,11.25,89.8,89.78668390433097,high,high,2011-06-28,false
2018-01-30,11.04,87.5,87.53229974160207,high,high,2011-06-28,false
2018-01-31,11.18,89.4,89.41252420916722,high,high,2011-06-28,false
2018-02-01,11.28,90.1,90.06451612903226,extreme,high,2011-06-28,false
2018-02-02,11.34,90.5,90.52224371373308,extreme,high,2011-06-28,false
2018-02-05,11.51,91.2,91.23711340206185,extreme,high,2011-06-28,false
2018-02-06,11.31,90.1,90.08370895041854,extreme,high,2011-06-28,false
2018-02-07,10.89,85.5,85.45688545688546,high,high,2011-06-28,false
2018-02-08,10.59,80,80,high,high,2011-06-28,false
2018-02-09,10.22,70.1,70.05141388174808,high,high,2011-06-28,false
2018-02-12,10.2,69.5,69.49261400128452,mid,high,2011-06-28,false
2018-02-13,10.37,75.7,75.67394094993581,high,high,2011-06-28,false
2018-02-14,10.43,77,77.03656189865298,high,high,2011-06-28,false
2018-02-22,10.67,81.5,81.47435897435898,high,high,2011-06-28,false
2018-02-23,10.73,82,81.99871877001922,high,high,2011-06-28,false
2018-02-26,10.77,82.7,82.65044814340588,high,high,2011-06-28,false
2018-02-27,10.53,78.5,78.50287907869482,high,high,2011-06-28,false
2018-02-28,10.38,75.6,75.63938618925832,high,high,2011-06-28,false
2018-03-01,10.39,76,75.9744408945687,high,high,2011-06-28,false
2018-03-02,10.34,74.3,74.32950191570882,high,high,2011-06-28,false
2018-03-05,10.31,73,73.00574345883855,high,high,2011-06-28,false
2018-03-06,10.36,75,75,high,high,2011-06-28,false
2018-03-07,10.37,75.4,75.39834289356277,high,high,2011-06-28,false
2018-03-08,10.41,76.4,76.43312101910828,high,high,2011-06-28,false
2018-03-09,10.42,76.7,76.70273711012095,high,high,2011-06-28,false
2018-03-12,10.4,76.1,76.14503816793892,high,high,2011-06-28,false
2018-03-13,10.39,75.9,75.90591226954864,high,high,2011-06-28,false
2018-03-14,10.35,74.5,74.52350698856416,high,high,2011-06-28,false
2018-03-15,10.4,76.2,76.19047619047619,high,high,2011-06-28,false
2018-03-16,10.29,71.5,71.51015228426397,high,high,2011-06-28,false
2018-03-19,10.29,71.5,71.5282181357007,high,high,2011-06-28,false
2018-03-20,10.34,74,74.01774397972116,high,high,2011-06-28,false
2018-03-21,10.31,72.6,72.64091196960102,high,high,2011-06-28,false
2018-03-22,10.22,69.1,69.11392405063292,mid,high,2011-06-28,false
2018-03-23,10.02,63.9,63.88361796331436,mid,high,2011-06-28,false
2018-03-26,9.76,56.6,56.573957016434896,mid,high,2011-06-28,false
2018-03-27,9.76,56.6,56.601389766266585,mid,high,2011-06-28,false
2018-03-28,9.65,53.6,53.59848484848485,mid,high,2011-06-28,false
2018-03-29,9.86,59.7,59.74763406940063,mid,mid,2011-06-28,false
2018-03-30,9.8,57.8,57.75535939470365,mid,mid,2011-06-28,false
2018-04-02,9.71,54.9,54.88342785129174,mid,mid,2011-06-28,false
2018-04-03,9.64,53.3,53.3375314861461,mid,mid,2011-06-28,false
2018-04-04,9.65,53.6,53.55569540591567,mid,mid,2011-06-28,false
2018-04-09,9.65,53.6,53.58490566037736,mid,mid,2011-06-28,false
2018-04-10,9.89,61,60.96794468887492,mid,mid,2011-06-28,false
2018-04-11,9.97,63.1,63.06532663316583,mid,mid,2011-06-28,false
2018-04-12,9.84,59.1,59.133709981167605,mid,mid,2011-06-28,false
2018-04-13,9.75,55.8,55.834378920953576,mid,mid,2011-06-28,false
2018-04-16,9.52,50.1,50.094043887147336,mid,mid,2011-06-28,false
2018-04-17,9.43,46.4,46.42857142857143,mid,mid,2011-06-28,false
2018-04-18,9.51,49.6,49.592986850344396,mid,mid,2011-06-28,false
2018-04-19,9.62,52.8,52.816020025031285,mid,mid,2011-06-28,false
2018-04-20,9.54,50.5,50.53158223889931,mid,mid,2011-06-28,false
2018-04-23,9.58,51.9,51.87500000000001,mid,mid,2011-06-28,false
2018-04-24,9.77,56.9,56.90193628981886,mid,mid,2011-06-28,false
2018-04-25,9.68,54.5,54.49438202247191,mid,mid,2011-06-28,false
2018-04-26,9.57,51.6,51.59076731129133,mid,mid,2011-06-28,false
2018-04-27,9.6,52.4,52.43142144638404,mid,mid,2011-06-28,false
2018-05-02,9.17,38.9,38.87850467289719,mid,mid,2011-06-28,false
2018-05-03,9.21,39.8,39.78829389788294,mid,mid,2011-06-28,false
2018-05-04,9.17,38.9,38.8923459863099,mid,mid,2011-06-28,false
2018-05-07,9.29,42.3,42.28855721393035,mid,mid,2011-06-28,false
2018-05-08,9.39,45.1,45.12119328775637,mid,mid,2011-06-28,false
2018-05-09,9.4,45.5,45.52795031055901,mid,mid,2011-06-28,false
2018-05-10,9.43,46.4,46.430788330229674,mid,mid,2011-06-28,false
2018-05-11,9.43,46.5,46.464019851116625,mid,mid,2011-06-28,false
2018-05-14,9.49,48.8,48.791072535647864,mid,mid,2011-06-28,false
2018-05-15,9.49,48.8,48.822800495662946,mid,mid,2011-06-28,false
2018-05-16,9.39,45,45.01547987616099,mid,mid,2011-06-28,false
2018-05-17,9.35,43.5,43.50247524752475,mid,mid,2011-06-28,false
2018-05-18,9.47,47.8,47.804576376004945,mid,mid,2011-06-28,false
2018-05-21,9.47,47.8,47.83683559950556,mid,mid,2011-06-28,false
2018-05-22,9.4,45.5,45.460160592958616,mid,mid,2011-06-28,false
2018-05-23,9.26,41.1,41.11111111111111,mid,mid,2011-06-28,false
2018-05-24,9.18,38.7,38.67982726711906,mid,mid,2011-06-28,false
2018-05-25,9.15,37.9,37.85450061652281,mid,mid,2011-06-28,false
2018-05-28,9.17,38.6,38.632162661737524,mid,mid,2011-06-28,false
2018-05-29,9.16,38.1,38.11576354679803,mid,mid,2011-06-28,false
2018-05-30,8.98,34.8,34.830769230769235,mid,mid,2011-06-28,false
2018-05-31,9.14,37.7,37.69987699876999,mid,mid,2011-06-28,false
2018-06-01,9.1,36.9,36.87768899815612,mid,mid,2011-06-28,false
2018-06-04,9.22,40.3,40.2948402948403,mid,mid,2011-06-28,false
2018-06-05,9.21,39.8,39.77900552486188,mid,mid,2011-06-28,false
2018-06-06,9.18,38.9,38.895705521472394,mid,mid,2011-06-28,false
2018-06-07,9.18,38.9,38.93316983445739,mid,mid,2011-06-28,false
2018-06-08,9.05,36,36.029411764705884,mid,mid,2011-06-28,false
2018-06-11,9.08,36.4,36.43600734843846,mid,mid,2011-06-28,false
2018-06-12,9.17,38.8,38.80048959608323,mid,mid,2011-06-28,false
2018-06-13,9.14,37.7,37.73700305810397,mid,mid,2011-06-28,false
2018-06-14,9.12,37.2,37.224938875305625,mid,mid,2011-06-28,false
2018-06-15,9.15,38,37.99633475870495,mid,mid,2011-06-28,false
2018-06-18,9.15,38,38.034188034188034,mid,mid,2011-06-28,false
2018-06-19,9.02,35.4,35.38743136058572,mid,mid,2011-06-28,false
2018-06-20,8.98,34.6,34.573170731707314,mid,mid,2011-06-28,false
2018-06-21,8.96,33.9,33.94271785496649,mid,mid,2011-06-28,false
2018-06-22,8.92,33,33.00852618757612,mid,mid,2011-06-28,false
2018-06-25,8.79,29,29.03225806451613,low,mid,2011-06-28,false
2018-06-26,8.64,24.9,24.878345498783457,low,mid,2011-06-28,false
2018-06-27,8.51,23.9,23.890577507598785,low,mid,2011-06-28,false
2018-06-28,8.41,23.4,23.39003645200486,low,mid,2011-06-28,false
2018-06-29,8.48,23.9,23.922282938676382,low,mid,2011-06-28,false
2018-07-02,8.18,22.2,22.208737864077673,low,low,2011-06-28,false
2018-07-03,8.17,22.1,22.134627046694966,low,low,2011-06-28,false
2018-07-04,8.12,21.9,21.939393939393938,low,low,2011-06-28,false
2018-07-05,8.09,21.8,21.80496668685645,low,low,2011-06-28,false
2018-07-06,8.15,22.2,22.15496368038741,low,low,2011-06-28,false
2018-07-09,8.4,23.5,23.5329703569268,low,low,2011-06-28,false
2018-07-10,8.4,23.6,23.579201934703747,low,low,2011-06-28,false
2018-07-11,8.27,23.1,23.08157099697885,low,low,2011-06-28,false
2018-07-12,8.41,23.8,23.792270531400966,low,low,2011-06-28,false
2018-07-13,8.33,23.3,23.295111647555824,low,low,2011-06-28,false
2018-07-16,8.22,22.6,22.61761158021713,low,low,2011-06-28,false
2018-07-17,8.15,22.1,22.12176009644364,low,low,2011-06-28,false
2018-07-18,8.13,21.9,21.927710843373493,low,low,2011-06-28,false
2018-07-19,8.13,22,21.97471402769416,low,low,2011-06-28,false
2018-07-20,8.37,23.7,23.706377858002405,low,low,2011-06-28,false
2018-07-23,8.49,24.7,24.65423932651834,low,low,2011-06-28,false
2018-07-24,8.59,25.4,25.420673076923077,low,low,2011-06-28,false
2018-07-25,8.58,25.3,25.345345345345343,low,low,2011-06-28,false
2018-07-26,8.51,24.7,24.729891956782712,low,low,2011-06-28,false
2018-07-27,8.49,24.7,24.65506898620276,low,low,2011-06-28,false
2018-07-30,8.54,25.1,25.059952038369303,low,low,2011-06-28,false
2018-07-31,8.57,25.5,25.464349910125822,low,low,2011-06-28,false
2018-08-01,8.4,23.8,23.832335329341316,low,low,2011-06-28,false
2018-08-02,8.21,22.5,22.501496110113706,low,low,2011-06-28,false
2018-08-03,8.16,22.2,22.188995215311007,low,low,2011-06-28,false
2018-08-06,8.14,21.9,21.936640765092648,low,low,2011-06-28,false
2018-08-07,8.37,23.8,23.775388291517324,low,low,2011-06-28,false
2018-08-08,8.25,23,23.044776119402986,low,low,2011-06-28,false
2018-08-09,8.38,23.9,23.86634844868735,low,low,2011-06-28,false
2018-08-10,8.34,23.6,23.55396541443053,low,low,2011-06-28,false
2018-08-13,8.24,22.8,22.824791418355183,low,low,2011-06-28,false
2018-08-14,8.22,22.8,22.751637879690293,low,low,2011-06-28,false
2018-08-15,8.05,21.4,21.428571428571427,low,low,2011-06-28,false
2018-08-16,8.02,21.2,21.237358715050565,low,low,2011-06-28,false
2018-08-17,7.96,20.9,20.92746730083234,low,low,2011-06-28,false
2018-08-20,8.09,21.6,21.62804515745692,low,low,2011-06-28,false
2018-08-21,8.18,22.6,22.565320665083135,low,low,2011-06-28,false
2018-08-22,8.14,22.1,22.077151335311573,low,low,2011-06-28,false
2018-08-23,8.14,22.1,22.123368920521948,low,low,2011-06-28,false
2018-08-24,8.2,22.8,22.762299940723178,low,low,2011-06-28,false
2018-08-27,8.35,24.1,24.0521327014218,low,low,2011-06-28,false
2018-08-28,8.33,24,23.978685612788635,low,low,2011-06-28,false
2018-08-29,8.3,23.8,23.846153846153847,low,low,2011-06-28,false
2018-08-30,8.22,23.1,23.122412773506802,low,low,2011-06-28,false
2018-08-31,8.23,23.2,23.167848699763592,low,low,2011-06-28,false
2018-09-03,8.2,22.7,22.740696987595985,low,low,2011-06-28,false
2018-09-04,8.28,24,23.96694214876033,low,low,2011-06-28,false
2018-09-05,8.1,21.5,21.533923303834808,low,low,2011-06-28,false
2018-09-06,8.03,21.2,21.16745283018868,low,low,2011-06-28,false
2018-09-07,8.08,21.4,21.449616971125515,low,low,2011-06-28,false
2018-09-10,8.04,21.4,21.37809187279152,low,low,2011-06-28,false
2018-09-11,8,21,20.953502060035316,low,low,2011-06-28,false
2018-09-12,7.96,20.8,20.764705882352942,low,low,2011-06-28,false
2018-09-13,8.06,21.6,21.57554379776602,low,low,2011-06-28,false
2018-09-14,8.08,21.7,21.680376028202115,low,low,2011-06-28,false
2018-09-17,8.03,21.3,21.256605989430415,low,low,2011-06-28,false
2018-09-18,8.15,22.7,22.652582159624412,low,low,2011-06-28,false
2018-09-19,8.24,23.8,23.812316715542522,low,low,2011-06-28,false
2018-09-20,8.25,24.1,24.09144196951934,low,low,2011-06-28,false
2018-09-21,8.57,27.1,27.123608670181603,low,low,2011-06-28,false
2018-09-25,8.46,25.8,25.76112412177986,low,low,2011-06-28,false
2018-09-26,8.54,26.7,26.7407840842598,low,low,2011-06-28,false
2018-09-27,8.54,26.8,26.783625730994153,low,low,2011-06-28,false
2018-09-28,8.63,27.7,27.703097603740503,low,low,2011-06-28,false
2018-10-08,8.29,24.5,24.47429906542056,low,low,2011-06-28,false
2018-10-09,8.26,24.2,24.22650321074139,low,low,2011-06-28,false
2018-10-10,8.27,24.3,24.329054842473745,low,low,2011-06-28,false
2018-10-11,7.98,20.8,20.75801749271137,low,low,2011-06-28,false
2018-10-12,8.13,22.1,22.144522144522146,low,low,2011-06-28,false
2018-10-15,8,20.9,20.908561444379732,low,low,2011-06-28,false
2018-10-16,8,21,20.954598370197903,low,low,2011-06-28,false
2018-10-17,8.05,21.6,21.582315299592786,low,low,2011-06-28,false
2018-10-18,7.87,20.1,20.058139534883722,low,low,2011-06-28,false
2018-10-19,8.1,22,22.022080185938407,low,low,2011-06-28,false
2018-10-22,8.36,25.3,25.319396051103364,low,low,2011-06-28,false
2018-10-23,8.14,22.6,22.634939059779455,low,low,2011-06-28,false
2018-10-24,8.21,23.5,23.54988399071926,low,low,2011-06-28,false
2018-10-25,8.24,24.1,24.115942028985508,low,low,2011-06-28,false
2018-10-26,8.25,24.4,24.44959443800695,low,low,2011-06-28,false
2018-10-29,8.03,21.3,21.2507237984945,low,low,2011-06-28,false
2018-10-30,8.11,22.1,22.10648148148148,low,low,2011-06-28,false
2018-10-31,8.18,23.3,23.308270676691727,low,low,2011-06-28,false
2018-11-01,8,20.9,20.92485549132948,low,low,2011-06-28,false
2018-11-02,8.18,23.4,23.39688041594454,low,low,2011-06-28,false
2018-11-05,8.1,22.1,22.0554272517321,low,low,2011-06-28,false
2018-11-06,8.06,21.7,21.696480092325444,low,low,2011-06-28,false
2018-11-07,8.02,21.1,21.10726643598616,low,low,2011-06-28,false
2018-11-08,8.04,21.6,21.556195965417867,low,low,2011-06-28,false
2018-11-09,7.86,19.9,19.87327188940092,low,low,2011-06-28,false
2018-11-12,7.9,20.1,20.09211283822683,low,low,2011-06-28,false
2018-11-13,7.95,20.4,20.425776754890677,low,low,2011-06-28,false
2018-11-14,7.85,19.7,19.723979298447382,low,low,2011-06-28,false
2018-11-15,7.91,20.3,20.344827586206897,low,low,2011-06-28,false
2018-11-16,7.93,20.4,20.44801838024124,low,low,2011-06-28,false
2018-11-19,8.02,21.4,21.412169919632607,low,low,2011-06-28,false
2018-11-20,7.89,20,20.02294893861159,low,low,2011-06-28,false
2018-11-21,7.9,20.2,20.18348623853211,low,low,2011-06-28,false
2018-11-22,7.87,19.9,19.94269340974212,low,low,2011-06-28,false
2018-11-23,7.76,18.3,18.327605956471935,low,low,2011-06-28,false
2018-11-26,7.77,18.5,18.546078992558673,low,low,2011-06-28,false
2018-11-27,7.74,18.1,18.07780320366133,low,low,2011-06-28,false
2018-11-28,7.81,19.4,19.382504288164665,low,low,2011-06-28,false
2018-11-29,7.75,18.3,18.285714285714285,low,low,2011-06-28,false
2018-11-30,7.81,19.5,19.47458595088521,low,low,2011-06-28,false
2018-12-03,7.98,21.3,21.289954337899545,low,low,2011-06-28,false
2018-12-04,7.99,21.4,21.391899600684543,low,low,2011-06-28,false
2018-12-05,7.95,21,20.980615735461804,low,low,2011-06-28,false
2018-12-06,7.83,19.8,19.772079772079774,low,low,2011-06-28,false
2018-12-07,7.85,20,19.98861047835991,low,low,2011-06-28,false
2018-12-10,7.78,18.8,18.782014797951053,low,low,2011-06-28,false
2018-12-11,7.79,19,18.998862343572238,low,low,2011-06-28,false
2018-12-12,7.83,19.9,19.897669130187605,low,low,2011-06-28,false
2018-12-13,7.93,21.1,21.079545454545453,low,low,2011-06-28,false
2018-12-14,7.85,20.2,20.15900056785917,low,low,2011-06-28,false
2018-12-17,7.75,18.2,18.217934165720774,low,low,2011-06-28,false
2018-12-18,7.68,16.6,16.56267725467952,low,low,2011-06-28,false
2018-12-19,7.62,16,15.98639455782313,low,low,2011-06-28,false
2018-12-20,7.55,15.1,15.070821529745043,low,low,2011-06-28,false
2018-12-21,7.49,14.4,14.382785956964891,low,low,2011-06-28,false
2018-12-24,7.51,14.7,14.657611771363893,low,low,2011-06-28,false
2018-12-25,7.49,14.4,14.423076923076922,low,low,2011-06-28,false
2018-12-26,7.5,14.6,14.584511023176935,low,low,2011-06-28,false
2018-12-27,7.48,14.2,14.237288135593221,low,low,2011-06-28,false
2018-12-28,7.5,14.7,14.680971202710333,low,low,2011-06-28,false
2019-01-02,7.36,13.4,13.374717832957112,low,low,2011-06-28,false
2019-01-03,7.37,13.5,13.536379018612521,low,low,2011-06-28,false
2019-01-04,7.49,14.6,14.59977452085682,low,low,2011-06-28,false
2019-01-07,7.49,14.6,14.647887323943662,low,low,2011-06-28,false
2019-01-08,7.47,14.2,14.18918918918919,low,low,2011-06-28,false
2019-01-09,7.55,15.6,15.644344400675294,low,low,2011-06-28,false
2019-01-10,7.51,15.1,15.12935883014623,low,low,2011-06-28,false
2019-01-11,7.56,16,15.964024732996066,low,low,2011-06-28,false
2019-01-14,7.51,15.2,15.168539325842698,low,low,2011-06-28,false
2019-01-15,7.6,16.6,16.56372824256036,low,low,2011-06-28,false
2019-01-16,7.61,16.6,16.610549943883278,low,low,2011-06-28,false
2019-01-17,7.59,16.3,16.320807627593943,low,low,2011-06-28,false
2019-01-18,7.73,18.8,18.778026905829595,low,low,2011-06-28,false
2019-01-21,7.77,19.6,19.607843137254903,low,low,2011-06-28,false
2019-01-22,7.7,18,18.029115341545353,low,low,2011-06-28,false
2019-01-23,7.72,18.5,18.522663682148853,low,low,2011-06-28,false
2019-01-24,7.76,19.5,19.463087248322147,low,low,2011-06-28,false
2019-01-25,7.85,21.4,21.40860816098379,low,low,2011-06-28,false
2019-01-28,7.86,21.6,21.620111731843576,low,low,2011-06-28,false
2019-01-29,7.92,22.3,22.33389168062535,low,low,2011-06-28,false
2019-01-30,7.88,21.8,21.819196428571427,low,low,2011-06-28,false
2019-01-31,8,23.4,23.36865588399331,low,low,2011-06-28,false
2019-02-01,8.03,23.9,23.857302118171685,low,low,2011-06-28,false
2019-02-11,8.06,24.4,24.40111420612813,low,low,2011-06-28,false
2019-02-12,8.08,24.6,24.55456570155902,low,low,2011-06-28,false
2019-02-13,8.19,26.3,26.26599888703395,low,low,2011-06-28,false
2019-02-14,8.16,25.9,25.862068965517242,low,low,2011-06-28,false
2019-02-15,7.99,23.1,23.068371317398555,low,low,2011-06-28,false
2019-02-18,8.15,25.8,25.77777777777778,low,low,2011-06-28,false
2019-02-19,8.13,25.3,25.26374236535258,low,low,2011-06-28,false
2019-02-20,8.16,26,26.02663706992231,low,low,2011-06-28,false
2019-02-21,8.12,25.1,25.06932889628397,low,low,2011-06-28,false
2019-02-22,8.16,26.1,26.108647450110865,low,low,2011-06-28,false
2019-02-25,8.59,31.2,31.191135734072024,mid,low,2011-06-28,false
2019-02-26,8.45,29.5,29.512735326688816,low,low,2011-06-28,false
2019-02-27,8.48,30,29.99446596568899,low,low,2011-06-28,false
2019-02-28,8.45,29.5,29.535398230088493,low,low,2011-06-28,false
2019-03-01,8.62,31.6,31.56440022111664,mid,low,2011-06-28,false
2019-03-04,8.69,32.9,32.928176795580114,mid,low,2011-06-28,false
2019-03-05,8.68,32.7,32.68912203202651,mid,low,2011-06-28,false
2019-03-06,8.72,33.8,33.83002207505519,mid,low,2011-06-28,false
2019-03-07,8.59,31.3,31.27413127413127,mid,low,2011-06-28,false
2019-03-08,8.3,28.2,28.224917309812568,low,low,2011-06-28,false
2019-03-11,8.37,28.9,28.87052341597796,low,low,2011-06-28,false
2019-03-12,8.42,29.4,29.35022026431718,low,low,2011-06-28,false
2019-03-13,8.36,28.6,28.618602091359385,low,low,2011-06-28,false
2019-03-14,8.34,28.4,28.437843784378437,low,low,2011-06-28,false
2019-03-15,8.41,29.4,29.411764705882355,low,low,2011-06-28,false
2019-03-18,8.6,31.5,31.538461538461537,mid,low,2011-06-28,false
2019-03-19,8.56,30.9,30.917078528281166,mid,low,2011-06-28,false
2019-03-20,8.55,30.8,30.790340285400656,mid,low,2011-06-28,false
2019-03-21,8.53,30.5,30.499177180471747,mid,low,2011-06-28,false
2019-03-22,8.54,30.8,30.811403508771928,mid,low,2011-06-28,false
2019-03-25,8.34,28.4,28.383561643835613,low,low,2011-06-28,false
2019-03-26,8.3,28.1,28.094194961664844,low,low,2011-06-28,false
2019-03-27,8.38,29,29.009304871373836,low,low,2011-06-28,false
2019-03-28,8.32,28.2,28.17286652078775,low,low,2011-06-28,false
2019-03-29,8.55,31.1,31.055221432476763,mid,low,2011-06-28,false
2019-04-01,8.73,34.8,34.75409836065574,mid,low,2011-06-28,false
2019-04-02,8.72,34.5,34.46204259967231,mid,low,2011-06-28,false
2019-04-03,8.8,36.7,36.73580786026201,mid,low,2011-06-28,false
2019-04-04,8.94,40.4,40.42553191489361,mid,low,2011-06-28,false
2019-04-05,8.94,40.5,40.458015267175576,mid,low,2011-06-28,false
2019-04-08,8.97,41.1,41.14441416893733,mid,low,2011-06-28,false
2019-04-09,8.95,40.8,40.79520697167756,mid,mid,2011-06-28,false
2019-04-10,8.94,40.4,40.44637996733805,mid,mid,2011-06-28,false
2019-04-11,8.83,37.7,37.704026115342764,mid,mid,2011-06-28,false
2019-04-12,8.82,37.4,37.35725938009788,mid,mid,2011-06-28,false
2019-04-15,8.84,37.8,37.826086956521735,mid,mid,2011-06-28,false
2019-04-16,9.08,43.3,43.346007604562736,mid,mid,2011-06-28,false
2019-04-17,9.08,43.4,43.37676438653638,mid,mid,2011-06-28,false
2019-04-18,9,41.9,41.94248507867607,mid,mid,2011-06-28,false
2019-04-19,9.07,43.2,43.16702819956616,mid,mid,2011-06-28,false
2019-04-22,8.85,37.9,37.94037940379404,mid,mid,2011-06-28,false
2019-04-23,8.84,37.8,37.75731310942578,mid,mid,2011-06-28,false
2019-04-24,8.84,37.8,37.79101245262588,mid,mid,2011-06-28,false
2019-04-25,8.71,33.9,33.92857142857143,mid,mid,2011-06-28,false
2019-04-26,8.6,31.6,31.584640346133046,mid,mid,2011-06-28,false
2019-04-29,8.69,33.3,33.2972972972973,mid,mid,2011-06-28,false
2019-04-30,8.73,34.6,34.62992976769314,mid,mid,2011-06-28,false
2019-05-01,8.73,34.7,34.66522678185745,mid,mid,2011-06-28,false
2019-05-02,8.73,34.7,34.7004856988667,mid,mid,2011-06-28,false
2019-05-03,8.73,34.7,34.735706580366774,mid,mid,2011-06-28,false
2019-05-06,8.99,42.1,42.10242587601078,mid,mid,2011-06-28,false
2019-05-07,9.02,42.8,42.7801724137931,mid,mid,2011-06-28,false
2019-05-08,8.88,39.3,39.25686591276252,mid,mid,2011-06-28,false
2019-05-09,8.76,35.4,35.414424111948335,mid,mid,2011-06-28,false
2019-05-10,8.96,41.3,41.31253362022593,mid,mid,2011-06-28,false
2019-05-13,8.86,38.5,38.494623655913976,mid,mid,2011-06-28,false
2019-05-14,8.81,37,37.02310585706609,mid,mid,2011-06-28,false
2019-05-15,8.95,41.2,41.245972073039745,mid,mid,2011-06-28,false
2019-05-16,8.99,42.3,42.297369833601714,mid,mid,2011-06-28,false
2019-05-17,8.87,39.1,39.05579399141631,mid,mid,2011-06-28,false
2019-05-20,8.86,38.5,38.498659517426276,mid,mid,2011-06-28,false
2019-05-21,8.93,40.5,40.460878885316184,mid,mid,2011-06-28,false
2019-05-22,8.89,39.5,39.475093733261915,mid,mid,2011-06-28,false
2019-05-23,8.82,37.3,37.312633832976445,mid,mid,2011-06-28,false
2019-05-24,8.85,38.1,38.14874264312466,mid,mid,2011-06-28,false
2019-05-27,8.89,39.6,39.57219251336899,mid,mid,2011-06-28,false
2019-05-28,8.97,41.9,41.90272581507216,mid,mid,2011-06-28,false
2019-05-29,8.93,40.6,40.598290598290596,mid,mid,2011-06-28,false
2019-05-30,8.94,41.1,41.0571276027763,mid,mid,2011-06-28,false
2019-05-31,8.9,39.8,39.80789754535753,mid,mid,2011-06-28,false
2019-06-03,8.91,40,40,mid,mid,2011-06-28,false
2019-06-04,8.88,39.3,39.285714285714285,mid,mid,2011-06-28,false
2019-06-05,8.9,39.9,39.85082578582845,mid,mid,2011-06-28,false
2019-06-06,8.86,38.4,38.391906283280086,mid,mid,2011-06-28,false
2019-06-07,8.86,38.4,38.42469398616285,mid,mid,2011-06-28,false
2019-06-10,8.96,41.9,41.86170212765957,mid,mid,2011-06-28,false
2019-06-11,9.09,44.7,44.71026049973418,mid,mid,2011-06-28,false
2019-06-12,9.04,43.9,43.94261424017003,mid,mid,2011-06-28,false
2019-06-13,9,43,42.96335634625598,mid,mid,2011-06-28,false
2019-06-14,8.96,41.8,41.825902335456476,mid,mid,2011-06-28,false
2019-06-17,8.99,42.8,42.811671087533156,mid,mid,2011-06-28,false
2019-06-18,9.01,43.3,43.266171792152704,mid,mid,2011-06-28,false
2019-06-19,9.03,43.9,43.87917329093799,mid,mid,2011-06-28,false
2019-06-20,9.19,47.6,47.61652542372881,mid,mid,2011-06-28,false
2019-06-21,9.16,46.5,46.479618845950235,mid,mid,2011-06-28,false
2019-06-24,9.19,47.7,47.67195767195767,mid,mid,2011-06-28,false
2019-06-25,9.08,44.6,44.632469592808036,mid,mid,2011-06-28,false
2019-06-26,9.07,44.3,44.344608879492604,mid,mid,2011-06-28,false
2019-06-27,9.13,45.5,45.536185948230326,mid,mid,2011-06-28,false
2019-06-28,9.09,44.9,44.87856388595565,mid,mid,2011-06-28,false
2019-07-01,9.23,48.7,48.70712401055409,mid,mid,2011-06-28,false
2019-07-02,9.26,49.7,49.68354430379747,mid,mid,2011-06-28,false
2019-07-03,9.19,47.8,47.75962045334739,mid,mid,2011-06-28,false
2019-07-04,9.2,47.9,47.94520547945205,mid,mid,2011-06-28,false
2019-07-05,9.2,48,47.972617166929965,mid,mid,2011-06-28,false
2019-07-08,9.02,43.3,43.31578947368421,mid,mid,2011-06-28,false
2019-07-09,8.98,42.2,42.188321935823254,mid,mid,2011-06-28,false
2019-07-10,8.94,40.8,40.79915878023134,mid,mid,2011-06-28,false
2019-07-11,8.98,42.2,42.24908039936942,mid,mid,2011-06-28,false
2019-07-12,9.02,43.4,43.43487394957983,mid,mid,2011-06-28,false
2019-07-15,9.02,43.5,43.46456692913386,mid,mid,2011-06-28,false
2019-07-16,9,42.8,42.75970619097586,mid,mid,2011-06-28,false
2019-07-17,8.98,42.2,42.21289984268485,mid,mid,2011-06-28,false
2019-07-18,8.93,40.2,40.19916142557652,mid,mid,2011-06-28,false
2019-07-19,9.02,43.6,43.58302776322682,mid,mid,2011-06-28,false
2019-07-22,9,42.8,42.82722513089005,mid,mid,2011-06-28,false
2019-07-23,9,42.9,42.857142857142854,mid,mid,2011-06-28,false
2019-07-24,9.05,44.2,44.24686192468619,mid,mid,2011-06-28,false
2019-07-25,9.1,45.4,45.37375849451124,mid,mid,2011-06-28,false
2019-07-26,9.11,45.5,45.45454545454545,mid,mid,2011-06-28,false
2019-07-29,9.11,45.5,45.483028720626635,mid,mid,2011-06-28,false
2019-07-30,9.15,46.6,46.60751565762004,mid,mid,2011-06-28,false
2019-07-31,9.07,44.5,44.496609285341684,mid,mid,2011-06-28,false
2019-08-01,9,42.8,42.75286757038582,mid,mid,2011-06-28,false
2019-08-02,8.89,38.8,38.77019280875456,mid,mid,2011-06-28,false
2019-08-05,8.73,33.6,33.59375,mid,mid,2011-06-28,false
2019-08-06,8.63,30.8,30.765226444560124,mid,mid,2011-06-28,false
2019-08-07,8.59,30.3,30.332986472424555,mid,mid,2011-06-28,false
2019-08-08,8.68,31.9,31.877275091003643,mid,mid,2011-06-28,false
2019-08-09,8.65,31.1,31.13305613305613,mid,mid,2011-06-28,false
2019-08-12,8.73,33.8,33.76623376623377,mid,mid,2011-06-28,false
2019-08-13,8.65,31.2,31.15264797507788,mid,mid,2011-06-28,false
2019-08-14,8.67,31.4,31.447846393357548,mid,mid,2011-06-28,false
2019-08-15,8.67,31.5,31.483402489626556,mid,mid,2011-06-28,false
2019-08-16,8.67,31.5,31.518921721099012,mid,mid,2011-06-28,false
2019-08-19,8.76,34.7,34.66321243523316,mid,mid,2011-06-28,false
2019-08-20,8.73,33.9,33.920248575867426,mid,mid,2011-06-28,false
2019-08-21,8.73,34,33.95445134575569,mid,mid,2011-06-28,false
2019-08-22,8.71,33,33.0056906363166,mid,mid,2011-06-28,false
2019-08-23,8.76,34.8,34.79834539813857,mid,mid,2011-06-28,false
2019-08-26,8.65,31.1,31.059431524547804,mid,mid,2011-06-28,false
2019-08-27,8.73,34,34.039256198347104,mid,mid,2011-06-28,false
2019-08-28,8.71,33,33.04078471863707,mid,mid,2011-06-28,false
2019-08-29,8.67,31.5,31.475748194014447,mid,mid,2011-06-28,false
2019-08-30,8.67,31.5,31.51108818978855,mid,mid,2011-06-28,false
2019-09-02,7.97,21.1,21.1340206185567,low,mid,2011-06-28,false
2019-09-03,7.97,21.2,21.174652241112828,low,mid,2011-06-28,false
2019-09-04,8.07,22.8,22.760041194644696,low,mid,2011-06-28,false
2019-09-05,8.12,23.5,23.468862583633555,low,mid,2011-06-28,false
2019-09-06,8.17,24.5,24.537037037037038,low,low,2011-06-28,false
2019-09-09,8.17,24.6,24.575835475578405,low,low,2011-06-28,false
2019-09-10,8.14,23.9,23.94655704008222,low,low,2011-06-28,false
2019-09-11,8.16,24.5,24.499229583975346,low,low,2011-06-28,false
2019-09-12,8.21,25.3,25.308008213552363,low,low,2011-06-28,false
2019-09-13,8.21,25.3,25.346331452026682,low,low,2011-06-28,false
2019-09-16,8.19,25,25.025641025641026,low,low,2011-06-28,false
2019-09-17,8.08,22.9,22.860071758072785,low,low,2011-06-28,false
2019-09-18,8.08,22.9,22.899590163934427,low,low,2011-06-28,false
2019-09-19,8.08,22.9,22.939068100358423,low,low,2011-06-28,false
2019-09-20,8.1,23.2,23.23439099283521,low,low,2011-06-28,false
2019-09-23,8.01,21.7,21.73913043478261,low,low,2011-06-28,false
2019-09-24,8.01,21.8,21.779141104294478,low,low,2011-06-28,false
2019-09-25,7.97,21.1,21.052631578947366,low,low,2011-06-28,false
2019-09-26,8.01,21.9,21.859039836567927,low,low,2011-06-28,false
2019-09-27,7.99,21.4,21.388463501786624,low,low,2011-06-28,false
2019-09-30,7.95,20.8,20.76530612244898,low,low,2011-06-28,false
2019-10-01,7.95,20.8,20.80571137174911,low,low,2011-06-28,false
2019-10-02,7.95,20.8,20.846075433231395,low,low,2011-06-28,false
2019-10-03,7.95,20.9,20.88639836984208,low,low,2011-06-28,false
2019-10-04,7.95,20.9,20.926680244399183,low,low,2011-06-28,false
2019-10-07,7.95,21,20.966921119592875,low,low,2011-06-28,false
2019-10-08,8.02,22.3,22.329603255340793,low,low,2011-06-28,false
2019-10-09,8.07,23.1,23.131672597864767,low,low,2011-06-28,false
2019-10-10,8.07,23.2,23.170731707317074,low,low,2011-06-28,false
2019-10-11,8.17,25.3,25.342813610970033,low,low,2011-06-28,false
2019-10-14,8.26,27.2,27.157360406091367,low,low,2011-06-28,false
2019-10-15,8.23,26.4,26.433282597666157,low,low,2011-06-28,false
2019-10-16,8.23,26.5,26.47058823529412,low,low,2011-06-28,false
2019-10-17,8.21,26.1,26.102382159148508,low,low,2011-06-28,false
2019-10-18,8.12,24.1,24.062816616008107,low,low,2011-06-28,false
2019-10-21,8.19,25.8,25.772151898734176,low,low,2011-06-28,false
2019-10-22,8.2,25.9,25.910931174089068,low,low,2011-06-28,false
2019-10-23,8.19,25.8,25.796661608497722,low,low,2011-06-28,false
2019-10-24,8.22,26.5,26.541961577350857,low,low,2011-06-28,false
2019-10-25,8.25,27.2,27.235977766548764,low,low,2011-06-28,false
2019-10-28,8.24,26.9,26.91919191919192,low,low,2011-06-28,false
2019-10-29,8.21,26.2,26.249369005552754,low,low,2011-06-28,false
2019-10-30,8.18,25.5,25.529767911200807,low,low,2011-06-28,false
2019-10-31,8.18,25.6,25.56732223903177,low,low,2011-06-28,false
2019-11-01,8.22,26.7,26.663306451612907,low,low,2011-06-28,false
2019-11-04,8.25,27.5,27.455919395465994,low,low,2011-06-28,false
2019-11-05,8.3,28.2,28.197381671701915,low,low,2011-06-28,false
2019-11-06,8.3,28.2,28.233517866129844,low,low,2011-06-28,false
2019-11-07,8.29,28,28.018108651911465,low,low,2011-06-28,false
2019-11-08,8.23,26.8,26.797385620915033,low,low,2011-06-28,false
2019-11-11,8.09,23.4,23.366834170854272,low,low,2011-06-28,false
2019-11-12,8.11,23.7,23.70668006027122,low,low,2011-06-28,false
2019-11-13,8.07,22.9,22.94176706827309,low,low,2011-06-28,false
2019-11-14,8.04,22.5,22.528850978424487,low,low,2011-06-28,false
2019-11-15,8.03,22.3,22.26680040120361,low,low,2011-06-28,false
2019-11-18,8.1,23.7,23.709273182957393,low,low,2011-06-28,false
2019-11-19,8.14,24.6,24.649298597194388,low,low,2011-06-28,false
2019-11-20,8.07,23,23.034551827741613,low,low,2011-06-28,false
2019-11-21,8.05,22.7,22.67267267267267,low,low,2011-06-28,false
2019-11-22,8.03,22.3,22.26113056528264,low,low,2011-06-28,false
2019-11-25,8.17,25.6,25.55,low,low,2011-06-28,false
2019-11-26,8.16,25.3,25.337331334332834,low,low,2011-06-28,false
2019-11-27,8.14,24.8,24.775224775224775,low,low,2011-06-28,false
2019-11-28,8.11,24,23.964053919121316,low,low,2011-06-28,false
2019-11-29,8.06,22.9,22.85429141716567,low,low,2011-06-28,false
2019-12-02,8.08,23.4,23.44139650872818,low,low,2011-06-28,false
2019-12-03,8.09,23.6,23.629112662013956,low,low,2011-06-28,false
2019-12-04,8.06,22.9,22.869955156950674,low,low,2011-06-28,false
2019-12-05,8.08,23.5,23.50597609561753,low,low,2011-06-28,false
2019-12-06,8.08,23.5,23.544051767048284,low,low,2011-06-28,false
2019-12-09,8.11,24.2,24.228855721393035,low,low,2011-06-28,false
2019-12-10,8.09,23.8,23.769269020387867,low,low,2011-06-28,false
2019-12-11,8.14,25.1,25.14910536779324,low,low,2011-06-28,false
2019-12-12,8.13,24.7,24.739195230998508,low,low,2011-06-28,false
2019-12-13,8.25,28.4,28.351539225422044,low,low,2011-06-28,false
2019-12-16,7.95,20.5,20.496277915632753,low,low,2011-06-28,false
2019-12-17,8.03,22.2,22.172619047619047,low,low,2011-06-28,false
2019-12-18,8.03,22.2,22.211204759543875,low,low,2011-06-28,false
2019-12-19,8.05,22.7,22.69573835480674,low,low,2011-06-28,false
2019-12-20,8.06,23,22.981674096087172,low,low,2011-06-28,false
2019-12-23,7.98,20.9,20.94059405940594,low,low,2011-06-28,false
2019-12-24,7.99,21.2,21.177634834240475,low,low,2011-06-28,false
2019-12-25,7.96,20.6,20.573689416419384,low,low,2011-06-28,false
2019-12-26,8.03,22.3,22.343054869006426,low,low,2011-06-28,false
2019-12-27,8.05,22.9,22.875494071146246,low,low,2011-06-28,false
2019-12-30,8.1,24.4,24.395061728395063,low,low,2011-06-28,false
2019-12-31,8.11,24.7,24.6791707798618,low,low,2011-06-28,false
2020-01-01,8.11,24.7,24.71632955106068,low,low,2011-06-28,false
2020-01-02,8.24,28.4,28.402366863905325,low,low,2011-06-28,false
2020-01-03,8.24,28.4,28.437654016757026,low,low,2011-06-28,false
2020-01-06,8.18,26.8,26.84729064039409,low,low,2011-06-28,false
2020-01-07,8.22,28,27.966518956179222,low,low,2011-06-28,false
2020-01-08,8.14,25.6,25.63976377952756,low,low,2011-06-28,false
2020-01-09,8.19,27.2,27.151992129857355,low,low,2011-06-28,false
2020-01-10,8.17,26.5,26.499508357915435,low,low,2011-06-28,false
2020-01-13,8.2,27.4,27.371007371007373,low,low,2011-06-28,false
2020-01-14,8.19,27.2,27.210216110019648,low,low,2011-06-28,false
2020-01-15,8.11,24.6,24.644084437898872,low,low,2011-06-28,false
2020-01-16,8.05,22.8,22.767419038272816,low,low,2011-06-28,false
2020-01-17,8.06,23.1,23.099558607160372,low,low,2011-06-28,false
2020-01-20,8.06,23.1,23.137254901960784,low,low,2011-06-28,false
2020-01-21,7.93,19.8,19.79421852033317,low,low,2011-06-28,false
2020-01-22,7.95,20.3,20.323212536728697,low,low,2011-06-28,false
2020-01-23,7.77,17.3,17.327459618208515,low,low,2011-06-28,false
2020-01-24,7.77,17.4,17.367906066536204,low,low,2011-06-28,false
2020-01-27,7.77,17.4,17.408312958435207,low,low,2011-06-28,false
2020-01-28,7.77,17.4,17.44868035190616,low,low,2011-06-28,false
2020-01-29,7.77,17.5,17.489008304836346,low,low,2011-06-28,false
2020-01-30,7.77,17.5,17.529296875,low,low,2011-06-28,false
2020-01-31,7.77,17.6,17.569546120058565,low,low,2011-06-28,false
2020-02-03,7.26,11.4,11.365853658536587,low,low,2011-06-28,false
2020-02-04,7.4,12,12.04290589956119,low,low,2011-06-28,false
2020-02-05,7.42,12.1,12.134502923976607,low,low,2011-06-28,false
2020-02-06,7.48,12.6,12.615684364344862,low,low,2011-06-28,false
2020-02-07,7.46,12.3,12.317429406037,low,low,2011-06-28,false
2020-02-10,7.48,12.7,12.700729927007298,low,low,2011-06-28,false
2020-02-11,7.55,14,13.959143968871595,low,low,2011-06-28,false
2020-02-12,7.57,14.3,14.341273699562471,low,low,2011-06-28,false
2020-02-13,7.54,13.7,13.702623906705538,low,low,2011-06-28,false
2020-02-14,7.59,14.6,14.618746964545895,low,low,2011-06-28,false
2020-02-17,7.7,16.2,16.16504854368932,low,low,2011-06-28,false
2020-02-18,7.64,15.4,15.380883066472586,low,low,2011-06-28,false
2020-02-19,7.64,15.4,15.42192046556741,low,low,2011-06-28,false
2020-02-20,7.73,17,17.01405719825497,low,low,2011-06-28,false
2020-02-21,7.71,16.5,16.521317829457363,low,low,2011-06-28,false
2020-02-24,7.64,15.4,15.447941888619853,low,low,2011-06-28,false
2020-02-25,7.58,14.5,14.52081316553727,low,low,2011-06-28,false
2020-02-26,7.61,14.9,14.949201741654573,low,low,2011-06-28,false
2020-02-27,7.63,15.2,15.232108317214701,low,low,2011-06-28,false
2020-02-28,7.46,12.3,12.276462058965684,low,low,2011-06-28,false
2020-03-02,7.66,15.8,15.797101449275363,low,low,2011-06-28,false
2020-03-03,7.67,15.9,15.886045388701111,low,low,2011-06-28,false
2020-03-04,7.71,16.8,16.843629343629342,low,low,2011-06-28,false
2020-03-05,7.83,19.7,19.68162083936324,low,low,2011-06-28,false
2020-03-06,7.72,17.1,17.068466730954675,low,low,2011-06-28,false
2020-03-09,7.55,14,13.975903614457833,low,low,2011-06-28,false
2020-03-10,7.65,15.8,15.751445086705202,low,low,2011-06-28,false
2020-03-11,7.58,14.6,14.588348579682235,low,low,2011-06-28,false
2020-03-12,7.5,13.1,13.137632338787295,low,low,2011-06-28,false
2020-03-13,7.39,11.8,11.832611832611832,low,low,2011-06-28,false
2020-03-16,7.22,11.2,11.153846153846155,low,low,2011-06-28,false
2020-03-17,7.2,11.1,11.14848630466122,low,low,2011-06-28,false
2020-03-18,7.09,10.9,10.854947166186358,low,low,2011-06-28,false
2020-03-19,6.92,10,10.033605376860297,low,low,2011-06-28,false
2020-03-20,7.05,10.8,10.844529750479847,low,low,2011-06-28,false
2020-03-23,6.88,9.5,9.496402877697841,low,low,2011-06-28,false
2020-03-24,7.06,11,10.977948226270374,low,low,2011-06-28,false
2020-03-25,7.2,11.4,11.403929084810734,low,low,2011-06-28,false
2020-03-26,7.18,11.3,11.302681992337165,low,low,2011-06-28,false
2020-03-27,7.24,11.5,11.536620392532312,low,low,2011-06-28,false
2020-03-30,7.22,11.5,11.531100478468899,low,low,2011-06-28,false
2020-03-31,7.17,11.3,11.28646580583453,low,low,2011-06-28,false
2020-04-01,7.14,11.3,11.281070745697896,low,low,2011-06-28,false
2020-04-02,7.21,11.6,11.562350692785476,low,low,2011-06-28,false
2020-04-03,7.17,11.4,11.3658070678128,low,low,2011-06-28,false
2020-04-06,7.17,11.4,11.408114558472555,low,low,2011-06-28,false
2020-04-07,7.25,11.8,11.83206106870229,low,low,2011-06-28,false
2020-04-08,7.22,11.8,11.778731521220791,low,low,2011-06-28,false
2020-04-09,7.21,11.7,11.677788369876072,low,low,2011-06-28,false
2020-04-10,7.19,11.5,11.481657932348737,low,low,2011-06-28,false
2020-04-13,7.19,11.5,11.523809523809524,low,low,2011-06-28,false
2020-04-14,7.26,12.1,12.13707758210376,low,low,2011-06-28,false
2020-04-15,7.22,11.9,11.941008563273073,low,low,2011-06-28,false
2020-04-16,7.21,11.8,11.792677127912505,low,low,2011-06-28,false
2020-04-17,7.27,12.3,12.262357414448669,low,low,2011-06-28,false
2020-04-20,7.26,12.3,12.256532066508314,low,low,2011-06-28,false
2020-04-21,7.2,11.7,11.68091168091168,low,low,2011-06-28,false
2020-04-22,7.22,12.1,12.055054579971523,low,low,2011-06-28,false
2020-04-23,7.19,11.5,11.527514231499051,low,low,2011-06-28,false
2020-04-24,7.16,11.2,11.2375533428165,low,low,2011-06-28,false
2020-04-27,7.22,12.2,12.180094786729857,low,low,2011-06-28,false
2020-04-28,7.22,12.2,12.22169587873046,low,low,2011-06-28,false
2020-04-29,7.32,12.8,12.784090909090908,low,low,2011-06-28,false
2020-04-30,7.37,13,13.014671083767157,low,low,2011-06-28,false
2020-05-01,7.37,13.1,13.055818353831599,low,low,2011-06-28,false
2020-05-04,7.37,13.1,13.09692671394799,low,low,2011-06-28,false
2020-05-05,7.37,13.1,13.137996219281664,low,low,2011-06-28,false
2020-05-06,7.53,15.2,15.162966461974491,low,low,2011-06-28,false
2020-05-07,7.51,15,14.966949952785647,low,low,2011-06-28,false
2020-05-08,7.57,16,16.04530438886267,low,low,2011-06-28,false
2020-05-11,7.58,16.3,16.32075471698113,low,low,2011-06-28,false
2020-05-12,7.55,15.7,15.652993870815655,low,low,2011-06-28,false
2020-05-13,7.55,15.7,15.692742695570217,low,low,2011-06-28,false
2020-05-14,7.48,14.2,14.178049929345265,low,low,2011-06-28,false
2020-05-15,7.45,13.7,13.700564971751412,low,low,2011-06-28,false
2020-05-18,7.46,13.8,13.83529411764706,low,low,2011-06-28,false
2020-05-19,7.51,15.1,15.098777046095954,low,low,2011-06-28,false
2020-05-20,7.5,14.8,14.809590973201692,low,low,2011-06-28,false
2020-05-21,7.46,13.9,13.862781954887218,low,low,2011-06-28,false
2020-05-22,7.34,12.7,12.728980742132457,low,low,2011-06-28,false
2020-05-25,7.38,13.2,13.239436619718308,low,low,2011-06-28,false
2020-05-26,7.4,13.5,13.514781792585639,low,low,2011-06-28,false
2020-05-27,7.42,13.6,13.649155722326453,low,low,2011-06-28,false
2020-05-28,7.48,14.5,14.486638537271448,low,low,2011-06-28,false
2020-05-29,7.42,13.7,13.683223992502343,low,low,2011-06-28,false
2020-06-01,7.53,15.7,15.690866510538642,low,low,2011-06-28,false
2020-06-02,7.56,16.5,16.479400749063668,low,low,2011-06-28,false
2020-06-03,7.56,16.5,16.518483855872717,low,low,2011-06-28,false
2020-06-04,7.53,15.7,15.715622076707202,low,low,2011-06-28,false
2020-06-05,7.54,15.8,15.848527349228611,low,low,2011-06-28,false
2020-06-08,7.58,17.1,17.102803738317757,low,low,2011-06-28,false
2020-06-09,7.61,17.6,17.56188696870621,low,low,2011-06-28,false
2020-06-10,7.56,16.6,16.619981325863677,low,low,2011-06-28,false
2020-06-11,7.48,14.5,14.51236584227718,low,low,2011-06-28,false
2020-06-12,7.46,14,14.039179104477611,low,low,2011-06-28,false
2020-06-15,7.36,12.7,12.727272727272727,low,low,2011-06-28,false
2020-06-16,7.45,13.9,13.886300093196645,low,low,2011-06-28,false
2020-06-17,7.44,13.8,13.833255705635771,low,low,2011-06-28,false
2020-06-18,7.44,13.9,13.873370577281191,low,low,2011-06-28,false
2020-06-19,7.47,14.4,14.378780828292228,low,low,2011-06-28,false
2020-06-22,7.42,13.7,13.674418604651162,low,low,2011-06-28,false
2020-06-23,7.41,13.5,13.482101348210135,low,low,2011-06-28,false
2020-06-24,7.47,14.5,14.49814126394052,low,low,2011-06-28,false
2020-06-25,7.47,14.5,14.537854156990246,low,low,2011-06-28,false
2020-06-26,7.47,14.6,14.577530176415971,low,low,2011-06-28,false
2020-06-29,7.44,14,13.967517401392113,low,low,2011-06-28,false
2020-06-30,7.4,13.5,13.45083487940631,low,low,2011-06-28,false
2020-07-01,7.55,16.8,16.82892906815021,low,low,2011-06-28,false
2020-07-02,7.69,19.4,19.41612604263207,low,low,2011-06-28,false
2020-07-03,7.82,22.6,22.603056970819825,low,low,2011-06-28,false
2020-07-06,8.35,34.4,34.35185185185185,mid,low,2011-06-28,false
2020-07-07,8.29,33.7,33.734382230448865,mid,low,2011-06-28,false
2020-07-08,8.28,33.6,33.62627197039778,mid,low,2011-06-28,false
2020-07-09,8.26,33.4,33.37956541840037,mid,low,2011-06-28,false
2020-07-10,7.96,24.8,24.76894639556377,low,low,2011-06-28,false
2020-07-13,8.02,26.1,26.05080831408776,low,low,2011-06-28,false
2020-07-14,7.94,24.1,24.145891043397967,low,low,2011-06-28,false
2020-07-15,7.8,22.1,22.104291647438856,low,low,2011-06-28,false
2020-07-16,7.65,18.9,18.865313653136532,low,low,2011-06-28,false
2020-07-17,7.67,19.1,19.08713692946058,low,low,2011-06-28,false
2020-07-20,7.89,23.6,23.640552995391705,low,low,2011-06-28,false
2020-07-21,7.85,23.2,23.215108245048366,low,low,2011-06-28,false
2020-07-22,7.83,22.9,22.92817679558011,low,low,2011-06-28,false
2020-07-23,7.76,21.1,21.12287160607455,low,low,2011-06-28,false
2020-07-24,7.56,17.1,17.111315547378105,low,low,2011-06-28,false
2020-07-27,7.56,17.1,17.14942528735632,low,low,2011-06-28,false
2020-07-28,7.6,18,18.014705882352942,low,low,2011-06-28,false
2020-07-29,7.7,19.8,19.843821773082222,low,low,2011-06-28,false
2020-07-30,7.65,19,18.9623507805326,low,low,2011-06-28,false
2020-07-31,7.65,19,18.999541073887105,low,low,2011-06-28,false
2020-08-03,7.72,20.5,20.504587155963304,low,low,2011-06-28,false
2020-08-04,7.81,22.8,22.787712058688676,low,low,2011-06-28,false
2020-08-05,7.74,21,20.989917506874427,low,low,2011-06-28,false
2020-08-06,7.75,21.3,21.255153458543287,low,low,2011-06-28,false
2020-08-07,7.7,19.9,19.917582417582416,low,low,2011-06-28,false
2020-08-10,7.77,22.1,22.05949656750572,low,low,2011-06-28,false
2020-08-11,7.75,21.3,21.31747483989021,low,low,2011-06-28,false
2020-08-12,7.76,21.5,21.536351165980797,low,low,2011-06-28,false
2020-08-13,7.74,21,21.023765996343695,low,low,2011-06-28,false
2020-08-14,7.82,23.2,23.206943809958887,low,low,2011-06-28,false
2020-08-17,7.96,25.6,25.616438356164384,low,low,2011-06-28,false
2020-08-18,7.91,24.6,24.64628023733455,low,low,2011-06-28,false
2020-08-19,7.86,24,24.041970802919707,low,low,2011-06-28,false
2020-08-20,7.79,22.5,22.52621979024168,low,low,2011-06-28,false
2020-08-21,7.81,23.1,23.062898814949865,low,low,2011-06-28,false
2020-08-24,7.81,23.1,23.097949886104786,low,low,2011-06-28,false
2020-08-25,7.81,23.1,23.13296903460838,low,low,2011-06-28,false
2020-08-26,7.75,21.3,21.301775147928996,low,low,2011-06-28,false
2020-08-27,7.74,21,20.97361237488626,low,low,2011-06-28,false
2020-08-28,7.87,24.4,24.374715779899955,low,low,2011-06-28,false
2020-08-31,7.82,23.4,23.40909090909091,low,low,2011-06-28,false
2020-09-01,8.33,35.3,35.34756928668787,mid,low,2011-06-28,false
2020-09-02,8.29,34.9,34.9227974568574,mid,low,2011-06-28,false
2020-09-03,8.29,35,34.95233772128915,mid,low,2011-06-28,false
2020-09-04,8.25,34.2,34.21052631578947,mid,low,2011-06-28,false
2020-09-07,8.2,32.6,32.60770975056689,mid,low,2011-06-28,false
2020-09-08,8.28,34.8,34.814143245693565,mid,low,2011-06-28,false
2020-09-09,8.19,32.4,32.396918894426825,mid,low,2011-06-28,false
2020-09-10,8.18,32.1,32.065217391304344,mid,low,2011-06-28,false
2020-09-11,8.18,32.1,32.095971027614304,mid,low,2011-06-28,false
2020-09-14,8.21,33,33.03167420814479,mid,low,2011-06-28,false
2020-09-15,8.24,33.9,33.921302578018995,mid,low,2011-06-28,false
2020-09-16,8.27,34.8,34.76491862567812,mid,low,2011-06-28,false
2020-09-17,8.26,34.7,34.65883416177135,mid,low,2011-06-28,false
2020-09-18,8.4,36.6,36.58536585365854,mid,low,2011-06-28,false
2020-09-21,8.35,35.9,35.93679458239278,mid,low,2011-06-28,false
2020-09-22,8.25,34.3,34.34115523465704,mid,low,2011-06-28,false
2020-09-23,8.24,33.9,33.8746053225079,mid,low,2011-06-28,false
2020-09-24,8.13,30.3,30.297565374211,mid,low,2011-06-28,false
2020-09-25,8.1,29.5,29.472735466426318,low,low,2011-06-28,false
2020-09-28,8.15,31,31.036036036036034,mid,low,2011-06-28,false
2020-09-29,8.12,30.1,30.076542098153986,mid,low,2011-06-28,false
2020-09-30,8.12,30.1,30.10801080108011,mid,low,2011-06-28,false
2020-10-01,8.12,30.1,30.139451192082774,mid,low,2011-06-28,false
2020-10-02,8.12,30.2,30.17086330935252,mid,low,2011-06-28,false
2020-10-05,8.12,30.2,30.20224719101123,mid,low,2011-06-28,false
2020-10-06,8.12,30.2,30.233602875112307,mid,low,2011-06-28,false
2020-10-07,8.12,30.3,30.26493039964077,mid,low,2011-06-28,false
2020-10-08,8.12,30.3,30.296229802513462,mid,low,2011-06-28,false
2020-10-09,8.18,32.3,32.34634365186182,mid,low,2011-06-28,false
2020-10-12,8.33,36.1,36.09865470852018,mid,low,2011-06-28,false
2020-10-13,8.34,36.3,36.2617660242044,mid,low,2011-06-28,false
2020-10-14,8.32,35.9,35.93189964157706,mid,low,2011-06-28,false
2020-10-15,8.34,36.3,36.318853560232874,mid,low,2011-06-28,false
2020-10-16,8.4,37.2,37.153088630259624,mid,mid,2011-06-28,false
2020-10-19,8.39,37,36.95749440715883,mid,mid,2011-06-28,false
2020-10-20,8.38,36.9,36.89624329159213,mid,mid,2011-06-28,false
2020-10-21,8.45,37.6,37.63969602145731,mid,mid,2011-06-28,false
2020-10-22,8.45,37.7,37.66756032171582,mid,mid,2011-06-28,false
2020-10-23,8.43,37.5,37.47208575256811,mid,mid,2011-06-28,false
2020-10-26,8.41,37.4,37.36607142857143,mid,mid,2011-06-28,false
2020-10-27,8.38,36.9,36.85854529228023,mid,mid,2011-06-28,false
2020-10-28,8.35,36.4,36.35147190008921,mid,mid,2011-06-28,false
2020-10-29,8.38,36.9,36.914846188140885,mid,mid,2011-06-28,false
2020-10-30,8.31,35.7,35.6951871657754,mid,mid,2011-06-28,false
2020-11-02,8.2,32.7,32.73942093541203,mid,mid,2011-06-28,false
2020-11-03,8.26,34.9,34.861976847729295,mid,mid,2011-06-28,false
2020-11-04,8.35,36.4,36.44859813084112,mid,mid,2011-06-28,false
2020-11-05,8.45,37.9,37.944839857651246,mid,mid,2011-06-28,false
2020-11-06,8.49,38.5,38.46153846153847,mid,mid,2011-06-28,false
2020-11-09,8.57,39.5,39.46666666666667,mid,mid,2011-06-28,false
2020-11-10,8.56,39.2,39.18258551754776,mid,mid,2011-06-28,false
2020-11-11,8.62,40.1,40.09769094138543,mid,mid,2011-06-28,false
2020-11-12,8.58,39.5,39.54727030625832,mid,mid,2011-06-28,false
2020-11-13,8.47,38.1,38.065661047027504,mid,mid,2011-06-28,false
2020-11-16,8.53,38.7,38.669623059866964,mid,mid,2011-06-28,false
2020-11-17,8.58,39.6,39.62765957446808,mid,mid,2011-06-28,false
2020-11-18,8.65,40.7,40.717766947275145,mid,mid,2011-06-28,false
2020-11-19,8.69,41.9,41.895482728077944,mid,mid,2011-06-28,false
2020-11-20,8.68,41.6,41.61133244798583,mid,mid,2011-06-28,false
2020-11-23,8.77,44.3,44.336283185840706,mid,mid,2011-06-28,false
2020-11-24,8.74,43.7,43.74170720919947,mid,mid,2011-06-28,false
2020-11-25,8.67,41.1,41.11405835543766,mid,mid,2011-06-28,false
2020-11-26,8.72,42.8,42.81926646045073,mid,mid,2011-06-28,false
2020-11-27,8.92,48.9,48.89575971731448,mid,mid,2011-06-28,false
2020-11-30,8.81,45.7,45.65121412803532,mid,mid,2011-06-28,false
2020-12-01,8.97,50.5,50.48543689320388,mid,mid,2011-06-28,false
2020-12-02,8.97,50.5,50.50727834142038,mid,mid,2011-06-28,false
2020-12-03,8.91,48.5,48.544973544973544,mid,mid,2011-06-28,false
2020-12-04,8.84,46.5,46.45218157778757,mid,mid,2011-06-28,false
2020-12-07,8.69,41.8,41.80616740088106,mid,mid,2011-06-28,false
2020-12-08,8.64,40.2,40.158520475561424,mid,mid,2011-06-28,false
2020-12-09,8.58,39.4,39.392605633802816,mid,mid,2011-06-28,false
2020-12-10,8.58,39.4,39.41926968763748,mid,mid,2011-06-28,false
2020-12-11,8.53,38.4,38.39050131926121,mid,mid,2011-06-28,false
2020-12-14,7.81,22.5,22.46153846153846,low,mid,2011-06-28,false
2020-12-15,7.77,21.4,21.441124780316343,low,mid,2011-06-28,false
2020-12-16,7.77,21.5,21.47562582345191,low,mid,2011-06-28,false
2020-12-17,7.83,23.1,23.090430201931518,low,mid,2011-06-28,false
2020-12-18,7.8,22,22.027204914436158,low,low,2011-06-28,false
2020-12-21,7.79,21.9,21.885964912280702,low,low,2011-06-28,false
2020-12-22,7.64,17.9,17.930732135028496,low,low,2011-06-28,false
2020-12-23,7.66,18.3,18.31726555652936,low,low,2011-06-28,false
2020-12-24,7.66,18.4,18.35304424003504,low,low,2011-06-28,false
2020-12-25,7.68,18.6,18.607705779334502,low,low,2011-06-28,false
2020-12-28,7.71,19.6,19.562363238512035,low,low,2011-06-28,false
2020-12-29,7.68,18.6,18.635170603674542,low,low,2011-06-28,false
2020-12-30,7.69,18.9,18.88937472671622,low,low,2011-06-28,false
2020-12-31,7.75,20.8,20.8479020979021,low,low,2011-06-28,false
2021-01-01,7.75,20.9,20.882481432940146,low,low,2011-06-28,false
2021-01-04,7.71,19.7,19.65065502183406,low,low,2011-06-28,false
2021-01-05,7.67,18.5,18.463553033609777,low,low,2011-06-28,false
2021-01-06,7.77,21.9,21.858638743455497,low,low,2011-06-28,false
2021-01-07,7.83,23.6,23.593545573484516,low,low,2011-06-28,false
2021-01-08,7.9,24.6,24.585876198779424,low,low,2011-06-28,false
2021-01-11,7.9,24.6,24.618736383442265,low,low,2011-06-28,false
2021-01-12,7.97,26,26.001742160278745,low,low,2011-06-28,false
2021-01-13,8.02,27.1,27.078798432738356,low,low,2011-06-28,false
2021-01-14,8.02,27.1,27.11053089643168,low,low,2011-06-28,false
2021-01-15,8.1,29.5,29.534580252283604,low,low,2011-06-28,false
2021-01-18,8.14,31.2,31.17391304347826,mid,low,2011-06-28,false
2021-01-19,8.16,31.8,31.768796175575837,mid,low,2011-06-28,false
2021-01-20,8.09,29.2,29.192006950477843,low,low,2011-06-28,false
2021-01-21,8.11,29.9,29.9174989144594,low,low,2011-06-28,false
2021-01-22,7.99,26.3,26.34548611111111,low,low,2011-06-28,false
2021-01-25,7.99,26.4,26.377440347071584,low,low,2011-06-28,false
2021-01-26,7.94,25.1,25.065047701647874,low,low,2011-06-28,false
2021-01-27,8,26.7,26.657997399219767,low,low,2011-06-28,false
2021-01-28,7.92,24.8,24.826689774696707,low,low,2011-06-28,false
2021-01-29,7.88,24.2,24.209614551754004,low,low,2011-06-28,false
2021-02-01,7.96,25.8,25.8008658008658,low,low,2011-06-28,false
2021-02-02,7.97,26,26.04932929467763,low,low,2011-06-28,false
2021-02-03,7.97,26.1,26.081314878892737,low,low,2011-06-28,false
2021-02-04,7.96,25.8,25.810635538262,low,low,2011-06-28,false
2021-02-05,8.07,28.9,28.867761452031115,low,low,2011-06-28,false
2021-02-08,8.12,30.8,30.842332613390926,mid,low,2011-06-28,false
2021-02-09,8.14,31.6,31.606217616580313,mid,low,2011-06-28,false
2021-02-10,8.2,33.6,33.57790246007769,mid,low,2011-06-28,false
2021-02-11,8.2,33.6,33.60655737704918,mid,low,2011-06-28,false
2021-02-12,8.2,33.6,33.63518758085382,mid,low,2011-06-28,false
2021-02-15,8.2,33.7,33.66379310344828,mid,low,2011-06-28,false
2021-02-16,8.2,33.7,33.69237397673417,mid,low,2011-06-28,false
2021-02-17,8.2,33.7,33.72093023255814,mid,low,2011-06-28,false
2021-02-18,8.32,36.8,36.762806715454154,mid,low,2011-06-28,false
2021-02-19,8.35,37.4,37.392426850258175,mid,low,2011-06-28,false
2021-02-22,8.39,38.1,38.064516129032256,mid,low,2011-06-28,false
2021-02-23,8.4,38.3,38.3061049011178,mid,low,2011-06-28,false
2021-02-24,8.27,35.9,35.88311130210571,mid,mid,2011-06-28,false
2021-02-25,8.45,39,38.960481099656356,mid,mid,2011-06-28,false
2021-02-26,8.25,35.4,35.37999141262345,mid,mid,2011-06-28,false
2021-03-01,8.28,36.1,36.137339055793994,mid,mid,2011-06-28,false
2021-03-02,8.22,34.3,34.320034320034324,mid,mid,2011-06-28,false
2021-03-03,8.44,38.8,38.76500857632933,mid,mid,2011-06-28,false
2021-03-04,8.37,37.8,37.805400771538785,mid,mid,2011-06-28,false
2021-03-05,8.35,37.4,37.44644387317909,mid,mid,2011-06-28,false
2021-03-08,8.26,35.7,35.71734475374732,mid,mid,2011-06-28,false
2021-03-09,8.18,32.7,32.70547945205479,mid,mid,2011-06-28,false
2021-03-10,8.15,31.6,31.62173727000428,mid,mid,2011-06-28,false
2021-03-11,8.31,36.7,36.74080410607357,mid,mid,2011-06-28,false
2021-03-12,8.4,38.6,38.56348867037195,mid,mid,2011-06-28,false
2021-03-15,8.43,38.9,38.93162393162393,mid,mid,2011-06-28,false
2021-03-16,8.5,39.9,39.85476292182828,mid,mid,2011-06-28,false
2021-03-17,8.41,38.8,38.770281810418446,mid,mid,2011-06-28,false
2021-03-18,8.41,38.8,38.79641485275288,mid,mid,2011-06-28,false
2021-03-19,8.22,34.3,34.25767918088737,mid,mid,2011-06-28,false
2021-03-22,8.35,37.5,37.52665245202559,mid,mid,2011-06-28,false
2021-03-23,8.29,36.4,36.35976129582268,mid,mid,2011-06-28,false
2021-03-24,8.19,33,32.97827013208351,mid,mid,2011-06-28,false
2021-03-25,8.15,31.5,31.51618398637138,mid,mid,2011-06-28,false
2021-03-26,8.2,33.5,33.54618986802895,mid,mid,2011-06-28,false
2021-03-29,8.29,36.5,36.46808510638298,mid,mid,2011-06-28,false
2021-03-30,8.33,37.1,37.133134836239904,mid,mid,2011-06-28,false
2021-03-31,8.33,37.2,37.15986394557823,mid,mid,2011-06-28,false
2021-04-01,8.33,37.2,37.18657033574161,mid,mid,2011-06-28,false
2021-04-02,8.26,35.7,35.72642310960068,mid,mid,2011-06-28,false
2021-04-05,8.26,35.8,35.753715498938426,mid,mid,2011-06-28,false
2021-04-06,8.25,35.3,35.31409168081494,mid,mid,2011-06-28,false
2021-04-07,8.26,35.8,35.80823080186678,mid,mid,2011-06-28,false
2021-04-08,8.23,34.4,34.39355385920271,mid,mid,2011-06-28,false
2021-04-09,8.22,34.2,34.20941076727427,mid,mid,2011-06-28,false
2021-04-12,8.23,34.4,34.44915254237288,mid,mid,2011-06-28,false
2021-04-13,8.19,32.9,32.86742905548496,mid,mid,2011-06-28,false
2021-04-14,8.16,31.7,31.710414902624894,mid,mid,2011-06-28,false
2021-04-15,8.12,30.3,30.258146424037243,mid,mid,2011-06-28,false
2021-04-16,8.18,32.5,32.52961082910322,mid,mid,2011-06-28,false
2021-04-19,8.24,35,34.96828752642706,mid,mid,2011-06-28,false
2021-04-20,8.22,34.3,34.319526627218934,mid,mid,2011-06-28,false
2021-04-21,8.21,33.8,33.840304182509506,mid,mid,2011-06-28,false
2021-04-22,8.18,32.5,32.516891891891895,mid,mid,2011-06-28,false
2021-04-23,8.16,31.7,31.701139721401432,mid,mid,2011-06-28,false
2021-04-26,8.08,28.6,28.607594936708864,low,mid,2011-06-28,false
2021-04-27,8.07,28.2,28.215942640236186,low,mid,2011-06-28,false
2021-04-28,8.06,28,27.951096121416523,low,mid,2011-06-28,false
2021-04-29,8.13,30.6,30.55204382638011,mid,mid,2011-06-28,false
2021-04-30,8.04,27.3,27.33782645324347,low,mid,2011-06-28,false
2021-05-03,8.04,27.4,27.368421052631582,low,mid,2011-06-28,false
2021-05-04,8.04,27.4,27.3989898989899,low,mid,2011-06-28,false
2021-05-05,8.04,27.4,27.4295330248212,low,mid,2011-06-28,false
2021-05-06,7.32,11.4,11.396131202691336,low,mid,2011-06-28,false
2021-05-07,7.38,12,11.979823455233293,low,mid,2011-06-28,false
2021-05-10,7.38,12,12.016806722689076,low,mid,2011-06-28,false
2021-05-11,7.37,11.8,11.843763124737505,low,mid,2011-06-28,false
2021-05-12,7.4,12.4,12.384550797649034,low,low,2011-06-28,false
2021-05-13,7.34,11.5,11.456147712966848,low,low,2011-06-28,false
2021-05-14,7.41,12.5,12.5,low,low,2011-06-28,false
2021-05-17,7.42,12.7,12.746331236897273,low,low,2011-06-28,false
2021-05-18,7.43,12.8,12.782900251466891,low,low,2011-06-28,false
2021-05-19,7.35,11.5,11.478843736908253,low,low,2011-06-28,false
2021-05-20,7.34,11.5,11.474036850921273,low,low,2011-06-28,false
2021-05-21,7.28,11.1,11.13436584344914,low,low,2011-06-28,false
2021-05-24,7.28,11.2,11.171548117154812,low,low,2011-06-28,false
2021-05-25,7.44,13.2,13.216227519866164,low,low,2011-06-28,false
2021-05-26,7.47,13.8,13.837792642140467,low,low,2011-06-28,false
2021-05-27,7.46,13.5,13.539490179690764,low,low,2011-06-28,false
2021-05-28,7.47,13.9,13.909774436090224,low,low,2011-06-28,false
2021-05-31,7.44,13.2,13.23590814196242,low,low,2011-06-28,false
2021-06-01,7.42,12.9,12.896494156928215,low,low,2011-06-28,false
2021-06-02,7.43,13,12.974551522736755,low,low,2011-06-28,false
2021-06-03,7.4,12.6,12.55212677231026,low,low,2011-06-28,false
2021-06-04,7.41,12.7,12.671946644435181,low,low,2011-06-28,false
2021-06-07,7.38,12.2,12.208333333333334,low,low,2011-06-28,false
2021-06-08,7.39,12.4,12.36984589754269,low,low,2011-06-28,false
2021-06-09,7.4,12.7,12.656119900083265,low,low,2011-06-28,false
2021-06-10,7.38,12.2,12.234706616729088,low,low,2011-06-28,false
2021-06-11,7.37,12,11.980033277870216,low,low,2011-06-28,false
2021-06-14,7.37,12,12.016632016632018,low,low,2011-06-28,false
2021-06-15,7.29,11.2,11.180382377389858,low,low,2011-06-28,false
2021-06-16,7.29,11.2,11.217282924802658,low,low,2011-06-28,false
2021-06-17,7.2,10.3,10.340531561461793,low,low,2011-06-28,false
2021-06-18,7.14,9.8,9.838107098381071,low,low,2011-06-28,false
2021-06-21,7.09,9.6,9.585062240663902,low,low,2011-06-28,false
2021-06-22,7.15,9.9,9.91289921194525,low,low,2011-06-28,false
2021-06-23,7.18,10.2,10.1575456053068,low,low,2011-06-28,false
2021-06-24,7.2,10.5,10.526315789473683,low,low,2011-06-28,false
2021-06-25,7.27,11.3,11.267605633802818,low,low,2011-06-28,false
2021-06-28,7.2,10.6,10.559006211180124,low,low,2011-06-28,true
2021-06-29,7.13,9.8,9.772256728778467,low,low,2011-07-15,true
2021-06-30,7.14,9.9,9.933774834437086,low,low,2011-07-15,true
2021-07-01,7.21,10.8,10.79851055026893,low,low,2011-07-15,true
2021-07-02,7.1,9.6,9.594706368899917,low,low,2011-07-15,true
2021-07-05,7.09,9.6,9.590739975196362,low,low,2011-07-15,true
2021-07-06,7.09,9.6,9.62809917355372,low,low,2011-07-15,true
2021-07-07,7.07,9.5,9.500206526228832,low,low,2011-07-15,true
2021-07-08,6.95,8.9,8.876961189099918,low,low,2011-07-15,true
2021-07-09,6.94,8.8,8.832026413536937,low,low,2011-07-15,true
2021-07-12,6.89,8.3,8.333333333333332,low,low,2011-07-15,true
2021-07-13,6.89,8.4,8.371134020618557,low,low,2011-07-15,true
2021-07-14,6.81,6.7,6.718878812860677,low,low,2011-07-15,true
2021-07-15,6.89,8.4,8.446641944787805,low,low,2011-07-15,true
2021-07-16,6.86,7.8,7.787391841779975,low,low,2011-07-18,true
2021-07-19,6.83,7.3,7.251751133086115,low,low,2011-07-19,true
2021-07-20,6.78,6.2,6.180469715698393,low,low,2011-07-20,true
2021-07-21,6.74,5.2,5.19159456118665,low,low,2011-07-21,true
2021-07-22,6.79,6.4,6.386485372888339,low,low,2011-07-22,true
2021-07-23,6.76,5.9,5.8508446641944785,low,low,2011-07-25,true
2021-07-26,6.61,2.8,2.843016069221261,low,low,2011-07-26,true
2021-07-27,6.47,0.6,0.6180469715698393,low,low,2011-07-27,true
2021-07-28,6.5,1.3,1.277297074577668,low,low,2011-07-28,true
2021-07-29,6.47,0.7,0.6592501030078286,low,low,2011-07-29,true
2021-07-30,6.45,0.5,0.4532344458178822,low,low,2011-08-01,true
2021-08-02,6.53,1.9,1.8953440461475073,low,low,2011-08-02,true
2021-08-03,6.5,1.4,1.4009064688916357,low,low,2011-08-03,true
2021-08-04,6.5,1.4,1.442109600329625,low,low,2011-08-04,true
2021-08-05,6.5,1.5,1.4833127317676145,low,low,2011-08-05,true
2021-08-06,6.51,1.6,1.6069221260815822,low,low,2011-08-08,true
2021-08-09,6.63,3.5,3.5434693036670786,low,low,2011-08-09,true
2021-08-10,6.67,4.2,4.202719406674907,low,low,2011-08-10,true
2021-08-11,6.75,6,5.974454058508447,low,low,2011-08-11,true
2021-08-12,6.74,5.7,5.727235269880511,low,low,2011-08-12,true
2021-08-13,6.73,5.5,5.480016481252576,low,low,2011-08-15,true
2021-08-16,6.75,6.1,6.098063452822414,low,low,2011-08-16,true
2021-08-17,6.69,4.5,4.532344458178822,low,low,2011-08-17,true
2021-08-18,6.8,7.3,7.334157395962093,low,low,2011-08-18,true
2021-08-19,6.72,5.2,5.23279769262464,low,low,2011-08-19,true
2021-08-20,6.71,5.1,5.067985166872682,low,low,2011-08-22,true
2021-08-23,6.73,5.6,5.644829007004533,low,low,2011-08-23,true
2021-08-24,6.75,6.3,6.30407911001236,low,low,2011-08-24,true
2021-08-25,6.72,5.3,5.315203955500618,low,low,2011-08-25,true
2021-08-26,6.68,4.5,4.491141326740832,low,low,2011-08-26,true
2021-08-27,6.73,5.8,5.7684384013185,low,low,2011-08-29,true
2021-08-30,6.69,4.6,4.6147507210548,low,low,2011-08-30,true
2021-08-31,6.8,7.7,7.704985578903997,low,low,2011-08-31,true
2021-09-01,6.53,2.1,2.1013597033374536,low,low,2011-09-01,true
2021-09-02,6.59,3,3.0078285949732178,low,low,2011-09-02,true
2021-09-03,6.59,3,3.049031726411207,low,low,2011-09-05,true
2021-09-06,6.62,3.5,3.4610630407911,low,low,2011-09-06,true
2021-09-07,6.72,5.6,5.603625875566543,low,low,2011-09-07,true
2021-09-08,6.73,6.1,6.056860321384425,low,low,2011-09-08,true
2021-09-09,6.79,7.7,7.746188710341986,low,low,2011-09-09,true
2021-09-10,6.8,8,8.034610630407911,low,low,2011-09-12,true
2021-09-13,6.86,9.5,9.476720230737536,low,low,2011-09-13,true
2021-09-14,6.72,5.6,5.644829007004533,low,low,2011-09-14,true
2021-09-15,6.67,4.4,4.408735063864853,low,low,2011-09-15,true
2021-09-16,6.61,3.4,3.378656777915121,low,low,2011-09-16,true
2021-09-17,6.59,3.1,3.0902348578491967,low,low,2011-09-19,true
2021-09-20,6.59,3.1,3.1314379892871855,low,low,2011-09-20,true
2021-09-21,6.59,3.2,3.1726411207251752,low,low,2011-09-21,true
2021-09-22,6.61,3.5,3.5434693036670786,low,low,2011-09-22,true
2021-09-23,6.62,3.7,3.7082818294190356,low,low,2011-09-23,true
2021-09-24,6.51,1.6,1.6481252575195715,low,low,2011-09-26,true
2021-09-27,6.46,0.6,0.57684384013185,low,low,2011-09-27,true
2021-09-28,6.58,3,3.049031726411207,low,low,2011-09-28,true
2021-09-29,6.53,2.2,2.2249690976514214,low,low,2011-09-29,true
2021-09-30,6.52,1.9,1.8953440461475073,low,low,2011-10-03,true
2021-10-01,6.52,1.9,1.9357495881383853,low,low,2011-10-03,true
2021-10-04,6.52,2,1.9769357495881383,low,low,2011-10-04,true
2021-10-05,6.52,2,2.018121911037891,low,low,2011-10-05,true
2021-10-06,6.52,2.1,2.059308072487644,low,low,2011-10-06,true
2021-10-07,6.52,2.1,2.1004942339373973,low,low,2011-10-07,true
2021-10-08,6.56,3.2,3.2125205930807246,low,low,2011-10-10,true
2021-10-11,6.64,4.6,4.612850082372323,low,low,2011-10-11,true
2021-10-12,6.6,3.7,3.747940691927512,low,low,2011-10-12,true
2021-10-13,6.55,2.8,2.841845140032949,low,low,2011-10-13,true
2021-10-14,6.51,1.7,1.729818780889621,low,low,2011-10-14,true
2021-10-15,6.55,2.9,2.9242174629324547,low,low,2011-10-17,true
2021-10-18,6.56,3.4,3.3772652388797364,low,low,2011-10-18,true
2021-10-19,6.59,3.8,3.8303130148270177,low,low,2011-10-19,true
2021-10-20,6.53,2.6,2.5535420098846786,low,low,2011-10-20,true
2021-10-21,6.61,4.3,4.324546952224053,low,low,2011-10-21,true
2021-10-22,6.58,3.6,3.6243822075782535,low,low,2011-10-24,true
2021-10-25,6.58,3.7,3.6655683690280063,low,low,2011-10-25,true
2021-10-26,6.55,3,3.0065897858319603,low,low,2011-10-26,true
2021-10-27,6.49,1.2,1.2355848434925865,low,low,2011-10-27,true
2021-10-28,6.42,0.2,0.20593080724876442,low,low,2011-10-28,true
2021-10-29,6.4,0,0.04118616144975289,low,low,2011-10-31,true
2021-11-01,6.39,0,0.04118616144975289,low,low,2011-11-01,true
2021-11-02,6.27,0,0.04118616144975289,low,low,2011-11-02,true
2021-11-03,6.3,0.1,0.08237232289950577,low,low,2011-11-03,true
2021-11-04,6.3,0.1,0.12355848434925865,low,low,2011-11-04,true
2021-11-05,6.27,0.1,0.08237232289950577,low,low,2011-11-07,true
2021-11-08,6.27,0.1,0.12355848434925865,low,low,2011-11-08,true
2021-11-09,6.25,0,0.04118616144975289,low,low,2011-11-09,true
2021-11-10,6.23,0,0.04118616144975289,low,low,2011-11-10,true
2021-11-11,6.36,0.3,0.3294892915980231,low,low,2011-11-11,true
2021-11-12,6.32,0.3,0.3294892915980231,low,low,2011-11-14,true
2021-11-15,6.33,0.4,0.37067545304777594,low,low,2011-11-15,true
2021-11-16,6.3,0.3,0.3294892915980231,low,low,2011-11-16,true
2021-11-17,6.29,0.2,0.2471169686985173,low,low,2011-11-17,true
2021-11-18,6.26,0.1,0.12355848434925865,low,low,2011-11-18,true
2021-11-19,6.34,0.5,0.5354200988467875,low,low,2011-11-21,true
2021-11-22,6.3,0.5,0.4530477759472817,low,low,2011-11-22,true
2021-11-23,6.32,0.5,0.5354200988467875,low,low,2011-11-23,true
2021-11-24,6.33,0.6,0.6177924217462932,low,low,2011-11-24,true
2021-11-25,6.31,0.5,0.4942339373970346,low,low,2011-11-25,true
2021-11-26,6.25,0.1,0.12355848434925865,low,low,2011-11-28,true
2021-11-29,6.22,0,0.04118616144975289,low,low,2011-11-29,true
2021-11-30,6.2,0,0.04118616144975289,low,low,2011-11-30,true
2021-12-01,6.26,0.3,0.2883031301482702,low,low,2011-12-01,true
2021-12-02,6.32,0.8,0.7825370675453047,low,low,2011-12-02,true
2021-12-03,6.37,1,0.9884678747940692,low,low,2011-12-05,true
2021-12-06,6.37,1,1.029654036243822,low,low,2011-12-06,true
2021-12-07,6.43,1.4,1.400329489291598,low,low,2011-12-07,true
2021-12-08,6.42,1.4,1.3591433278418452,low,low,2011-12-08,true
2021-12-09,6.48,2.2,2.224052718286656,low,low,2011-12-09,true
2021-12-10,6.45,1.7,1.729818780889621,low,low,2011-12-12,true
2021-12-13,6.02,0,0.04118616144975289,low,low,2011-12-13,true
2021-12-14,5.97,0,0.04118616144975289,low,low,2011-12-14,true
2021-12-15,5.98,0.1,0.08237232289950577,low,low,2011-12-15,true
2021-12-16,6.06,0.2,0.16474464579901155,low,low,2011-12-16,true
2021-12-17,6.03,0.2,0.16474464579901155,low,low,2011-12-19,true
2021-12-20,6,0.1,0.12355848434925865,low,low,2011-12-20,true
2021-12-21,6.07,0.3,0.2883031301482702,low,low,2011-12-21,true
2021-12-22,6.04,0.2,0.2471169686985173,low,low,2011-12-22,true
2021-12-23,6.08,0.4,0.37067545304777594,low,low,2011-12-23,true
2021-12-24,6.06,0.3,0.3294892915980231,low,low,2011-12-26,true
2021-12-27,6.08,0.5,0.4530477759472817,low,low,2011-12-27,true
2021-12-28,6.07,0.4,0.41186161449752884,low,low,2011-12-28,true
2021-12-29,6.03,0.2,0.2471169686985173,low,low,2011-12-29,true
2021-12-30,6.03,0.3,0.2883031301482702,low,low,2011-12-30,true
2021-12-31,6.07,0.5,0.5354200988467875,low,low,2012-03-08,true
2022-01-03,6.07,0.6,0.5763688760806917,low,low,2012-03-08,true
2022-01-04,6.11,0.7,0.6995884773662552,low,low,2012-03-08,true
2022-01-05,6.14,0.7,0.7404360345536816,low,low,2012-03-08,true
2022-01-06,6.12,0.7,0.7401315789473684,low,low,2012-03-08,true
2022-01-07,6.2,0.9,0.8631319358816275,low,low,2012-03-08,true
2022-01-10,6.23,1,0.9860312243221034,low,low,2012-03-08,true
2022-01-11,6.24,1,1.0266940451745379,low,low,2012-03-08,true
2022-01-12,6.21,0.9,0.9031198686371099,low,low,2012-03-08,true
2022-01-13,6.21,0.9,0.943783340172343,low,low,2012-03-08,true
2022-01-14,6.09,0.7,0.6972928630024611,low,low,2012-03-08,true
2022-01-17,6.09,0.7,0.7380073800738007,low,low,2012-03-08,true
2022-01-18,6.21,1.1,1.0655737704918031,low,low,2012-03-08,true
2022-01-19,6.24,1.3,1.269971323228185,low,low,2012-03-08,true
2022-01-20,6.28,1.6,1.597051597051597,low,low,2012-03-08,true
2022-01-21,6.23,1.2,1.2279983626688498,low,low,2012-03-08,true
2022-01-24,6.23,1.3,1.2684124386252045,low,low,2012-03-08,true
2022-01-25,6.1,0.8,0.7770961145194274,low,low,2012-03-08,true
2022-01-26,6.12,0.9,0.8994276369582993,low,low,2012-03-08,true
2022-01-27,6.09,0.8,0.7764609726195342,low,low,2012-03-08,true
2022-01-28,6.02,0.2,0.20424836601307192,low,low,2012-03-08,true
2022-01-31,6.02,0.2,0.2449979583503471,low,low,2012-03-08,true
2022-02-01,6.02,0.3,0.2857142857142857,low,low,2012-03-08,true
2022-02-02,6.02,0.3,0.3263973888208894,low,low,2012-03-08,true
2022-02-03,6.02,0.4,0.367047308319739,low,low,2012-03-08,true
2022-02-04,6.02,0.4,0.40766408479412963,low,low,2012-03-08,true
2022-02-07,6.18,1.3,1.263243683781581,low,low,2012-03-08,true
2022-02-08,6.31,2.4,2.3625254582484727,low,low,2012-03-08,true
2022-02-09,6.3,2.3,2.320846905537459,low,low,2012-03-08,true
2022-02-10,6.38,2.8,2.8083028083028085,low,low,2012-03-08,true
2022-02-11,6.41,2.9,2.9292107404393817,low,low,2012-03-08,true
2022-02-14,6.29,2.2,2.155347702318015,low,low,2012-03-08,true
2022-02-15,6.23,1.7,1.707317073170732,low,low,2012-03-08,true
2022-02-16,6.27,2.1,2.112962210483543,low,low,2012-03-08,true
2022-02-17,6.27,2.2,2.1527213647441106,low,low,2012-03-08,true
2022-02-18,6.35,2.8,2.8420625253755585,low,low,2012-03-08,true
2022-02-21,6.35,2.9,2.8814935064935066,low,low,2012-03-08,true
2022-02-22,6.31,2.6,2.5963488843813387,low,low,2012-03-08,true
2022-02-23,6.27,2.2,2.18978102189781,low,low,2012-03-08,true
2022-02-24,6.18,1.3,1.2971220105391164,low,low,2012-03-08,true
2022-02-25,6.15,1.3,1.2560777957860616,low,low,2012-03-08,true
2022-02-28,6.16,1.3,1.2960712839206157,low,low,2012-03-08,true
2022-03-01,6.22,1.7,1.6599190283400809,low,low,2012-03-08,true
2022-03-02,6.24,2,1.9830028328611897,low,low,2012-03-08,true
2022-03-03,6.31,2.9,2.8721682847896437,low,low,2012-03-08,true
2022-03-04,6.29,2.5,2.547513141932875,low,low,2012-03-08,true
2022-03-07,6.22,1.7,1.6976556184316896,low,low,2012-03-08,true
2022-03-08,6.08,0.9,0.9292929292929294,low,low,2012-03-08,true
2022-03-09,6.02,0.4,0.4444444444444444,low,low,2012-03-09,true
2022-03-10,6.03,0.6,0.6060606060606061,low,low,2012-03-12,true
2022-03-11,6.06,0.8,0.7673667205169629,low,low,2012-03-12,true
2022-03-14,5.98,0.1,0.12121212121212122,low,low,2012-03-14,true
2022-03-15,5.7,0,0.0404040404040404,low,low,2012-03-15,true
2022-03-16,5.83,0.1,0.0808080808080808,low,low,2012-03-16,true
2022-03-17,5.86,0.1,0.12121212121212122,low,low,2012-03-19,true
2022-03-18,5.97,0.2,0.20193861066235863,low,low,2012-03-19,true
2022-03-21,5.95,0.2,0.1616161616161616,low,low,2012-03-21,true
2022-03-22,6.05,0.9,0.9292929292929294,low,low,2012-03-22,true
2022-03-23,6.03,0.9,0.8888888888888888,low,low,2012-03-23,true
2022-03-24,6.03,0.9,0.9292929292929294,low,low,2012-04-05,true
2022-03-25,6.03,1,0.9693053311793215,low,low,2012-04-05,true
2022-03-28,6.13,1.8,1.7763423496164714,low,low,2012-04-05,true
2022-03-29,6.15,1.9,1.8966908797417272,low,low,2012-04-05,true
2022-03-30,6.2,2.1,2.1379588543767647,low,low,2012-04-05,true
2022-03-31,6.27,3.1,3.1451612903225805,low,low,2012-04-05,true
2022-04-01,6.33,3.9,3.9097138250705363,low,low,2012-04-05,true
2022-04-04,6.33,3.9,3.94842868654311,low,low,2012-04-05,true
2022-04-05,6.33,4,3.987112364075715,low,low,2012-04-05,true
2022-04-06,6.41,4.4,4.4301248489730165,low,low,2012-04-06,true
2022-04-07,6.35,4.1,4.148207813129279,low,low,2012-04-09,true
2022-04-08,6.43,4.8,4.830917874396135,low,low,2012-04-09,true
2022-04-11,6.35,4.2,4.18848167539267,low,low,2012-04-11,true
2022-04-12,6.34,4.1,4.067660088602497,low,low,2012-04-12,true
2022-04-13,6.36,4.3,4.309303262182843,low,low,2012-04-13,true
2022-04-14,6.41,4.6,4.6314941602899715,low,low,2012-04-16,true
2022-04-15,6.41,4.7,4.669887278582931,low,low,2012-04-16,true
2022-04-18,6.31,3.7,3.705195328231978,low,low,2012-04-18,true
2022-04-19,6.35,4.3,4.309303262182843,low,low,2012-04-19,true
2022-04-20,6.25,2.8,2.819170358437374,low,low,2012-04-20,true
2022-04-21,6.21,2.3,2.29561014901329,low,low,2012-04-23,true
2022-04-22,6.29,3.4,3.421900161030596,low,low,2012-04-23,true
2022-04-25,6.09,1.6,1.610305958132045,low,low,2012-04-26,true
2022-04-26,6.08,1.5,1.488933601609658,low,low,2012-04-26,true
2022-04-27,6.08,1.5,1.529175050301811,low,low,2012-04-27,true
2022-04-28,6.19,2.2,2.1730382293762576,low,low,2012-05-02,true
2022-04-29,6.22,2.6,2.6146419951729687,low,low,2012-05-02,true
2022-05-02,6.22,2.7,2.6537997587454765,low,low,2012-05-02,true
2022-05-03,6.22,2.7,2.6940088459991958,low,low,2012-05-03,true
2022-05-04,6.22,2.7,2.734217933252915,low,low,2012-05-04,true
2022-05-05,6.12,1.9,1.8898271009248089,low,low,2012-05-07,true
2022-05-06,6.01,0.4,0.40192926045016075,low,low,2012-05-07,true
2022-05-09,6,0.4,0.4020908725371934,low,low,2012-05-09,true
2022-05-10,6,0.4,0.4422999597909127,low,low,2012-05-10,true
2022-05-11,5.97,0.3,0.2814636107760354,low,low,2012-05-11,true
2022-05-12,5.93,0.2,0.16083634901487737,low,low,2012-05-14,true
2022-05-13,6.06,1.4,1.4067524115755627,low,low,2012-05-14,true
2022-05-16,6.05,1.3,1.286690792119019,low,low,2012-05-16,true
2022-05-17,6.06,1.5,1.4877362283876157,low,low,2012-05-17,true
2022-05-18,6.01,0.6,0.6031363088057901,low,low,2012-05-18,true
2022-05-19,6.02,1,0.9650180940892641,low,low,2012-05-21,true
2022-05-20,6.08,2,1.969453376205788,low,low,2012-05-21,true
2022-05-23,6.06,1.6,1.6083634901487736,low,low,2012-05-23,true
2022-05-24,6.03,1.3,1.286690792119019,low,low,2012-05-24,true
2022-05-25,6.07,1.8,1.8496180136710898,low,low,2012-05-25,true
2022-05-26,6.12,2.5,2.4929634097305993,low,low,2012-05-28,true
2022-05-27,6.13,2.6,2.572347266881029,low,low,2012-05-28,true
2022-05-30,6.09,2.3,2.2919179734620023,low,low,2012-05-30,true
2022-05-31,6.1,2.4,2.372336147969441,low,low,2012-05-31,true
2022-06-01,6.1,2.4,2.4125452352231602,low,low,2012-06-01,true
2022-06-02,6.07,1.9,1.8898271009248089,low,low,2012-06-04,true
2022-06-03,6.07,1.9,1.929260450160772,low,low,2012-06-04,true
2022-06-06,6.06,1.7,1.6881028938906755,low,low,2012-06-08,true
2022-06-07,6.07,2,2.008838891120932,low,low,2012-06-08,true
2022-06-08,6.12,2.8,2.8112449799196786,low,low,2012-06-08,true
2022-06-09,6.14,3,2.9718875502008033,low,low,2012-06-11,true
2022-06-10,6.17,3.1,3.1312725812926536,low,low,2012-06-11,true
2022-06-13,6.09,2.5,2.4899598393574296,low,low,2012-06-13,true
2022-06-14,6.18,3.3,3.2931726907630523,low,low,2012-06-14,true
2022-06-15,6.2,3.5,3.493975903614458,low,low,2012-06-15,true
2022-06-16,6.09,2.5,2.5301204819277108,low,low,2012-06-18,true
2022-06-17,6.11,2.7,2.729827378562826,low,low,2012-06-18,true
2022-06-20,6.06,1.7,1.7269076305220885,low,low,2012-06-20,true
2022-06-21,6.09,2.6,2.610441767068273,low,low,2012-06-21,true
2022-06-22,6.03,1.3,1.3253012048192772,low,low,2012-06-25,true
2022-06-23,6.1,2.8,2.810116419108792,low,low,2012-06-25,true
2022-06-24,6.07,2.1,2.126805778491172,low,low,2012-06-25,true
2022-06-27,6.11,3,2.9706945002007226,low,low,2012-06-27,true
2022-06-28,6.13,3.3,3.2918506623845842,low,low,2012-06-28,true
2022-06-29,6.15,3.5,3.492573263749498,low,low,2012-06-29,true
2022-06-30,6.16,3.6,3.5728623042954633,low,low,2012-07-02,true
2022-07-01,6.18,3.8,3.77207062600321,low,low,2012-07-02,true
2022-07-04,6.19,3.9,3.853873946206343,low,low,2012-07-04,true
2022-07-05,6.21,4.2,4.2151746286631875,low,low,2012-07-05,true
2022-07-06,6.12,3.2,3.211561621838619,low,low,2012-07-06,true
2022-07-07,6.12,3.3,3.2517061421116016,low,low,2012-07-09,true
2022-07-08,6.13,3.4,3.410914927768861,low,low,2012-07-09,true
2022-07-11,6.06,1.8,1.8065034122842234,low,low,2012-07-11,true
2022-07-12,6.03,1.4,1.364913689281413,low,low,2012-07-12,true
2022-07-13,5.98,0.4,0.4415897230028101,low,low,2012-07-13,true
2022-07-14,5.9,0.2,0.16057808109193095,low,low,2012-07-16,true
2022-07-15,5.73,0.1,0.08025682182985554,low,low,2012-07-16,true
2022-07-18,5.84,0.2,0.16057808109193095,low,low,2012-07-18,true
2022-07-19,5.85,0.2,0.20072260136491368,low,low,2012-07-19,true
2022-07-20,5.86,0.3,0.2810116419108792,low,low,2012-07-20,true
2022-07-21,5.76,0.1,0.12043356081894822,low,low,2012-07-23,true
2022-07-22,5.77,0.2,0.16051364365971107,low,low,2012-07-23,true
2022-07-25,5.78,0.2,0.20072260136491368,low,low,2012-07-26,true
2022-07-26,5.83,0.3,0.2808988764044944,low,low,2012-07-26,true
2022-07-27,5.8,0.2,0.2407704654895666,low,low,2012-07-27,true
2022-07-28,5.8,0.3,0.2808988764044944,low,low,2012-07-30,true
2022-07-29,5.76,0.2,0.1604492579221821,low,low,2012-07-30,true
2022-08-01,5.76,0.2,0.20064205457463882,low,low,2012-08-01,true
2022-08-02,5.67,0,0.04012841091492777,low,low,2012-08-02,true
2022-08-03,5.62,0,0.04012841091492777,low,low,2012-08-03,true
2022-08-04,5.66,0.1,0.08025682182985554,low,low,2012-08-06,true
2022-08-05,5.68,0.2,0.1604492579221821,low,low,2012-08-06,true
2022-08-08,5.7,0.2,0.2407704654895666,low,low,2012-08-08,true
2022-08-09,5.71,0.3,0.2808988764044944,low,low,2012-08-09,true
2022-08-10,5.68,0.2,0.20064205457463882,low,low,2012-08-10,true
2022-08-11,5.74,0.4,0.40128410914927765,low,low,2012-08-13,true
2022-08-12,5.77,0.6,0.601684717208183,low,low,2012-08-13,true
2022-08-15,5.75,0.4,0.44141252006420545,low,low,2012-08-15,true
2022-08-16,5.76,0.6,0.6019261637239166,low,low,2012-08-16,true
2022-08-17,5.78,0.8,0.7624398073836276,low,low,2012-08-17,true
2022-08-18,5.73,0.4,0.40128410914927765,low,low,2012-08-20,true
2022-08-19,5.78,0.8,0.842358604091456,low,low,2012-08-20,true
2022-08-22,5.8,1,0.9630818619582664,low,low,2012-08-22,true
2022-08-23,5.79,0.9,0.8828250401284109,low,low,2012-08-23,true
2022-08-24,5.76,0.7,0.6821829855537721,low,low,2012-08-24,true
2022-08-25,5.85,1.2,1.2439807383627608,low,low,2012-08-27,true
2022-08-26,5.81,1.1,1.083032490974729,low,low,2012-08-27,true
2022-08-29,5.81,1.1,1.1235955056179776,low,low,2012-08-29,true
2022-08-30,5.79,1,0.9630818619582664,low,low,2012-08-30,true
2022-08-31,5.82,1.2,1.2038523274478332,low,low,2012-08-31,true
2022-09-01,5.75,0.5,0.521669341894061,low,low,2012-09-04,true
2022-09-02,5.73,0.4,0.4412354592860008,low,low,2012-09-04,true
2022-09-05,5.8,1.2,1.203369434416366,low,low,2012-09-05,true
2022-09-06,5.85,1.6,1.5643802647412757,low,low,2012-09-06,true
2022-09-07,5.82,1.4,1.363818692338548,low,low,2012-09-07,true
2022-09-08,5.82,1.4,1.4039310068190936,low,low,2012-09-10,true
2022-09-09,5.88,1.8,1.7642341619887731,low,low,2012-09-10,true
2022-09-12,5.88,1.8,1.8050541516245486,low,low,2012-09-12,true
2022-09-13,5.87,1.8,1.764941837144003,low,low,2012-09-13,true
2022-09-14,5.84,1.6,1.5643802647412757,low,low,2012-09-14,true
2022-09-15,5.87,1.8,1.8451664661050944,low,low,2012-09-17,true
2022-09-16,5.74,0.5,0.5212510024057738,low,low,2012-09-17,true
2022-09-19,5.76,0.8,0.842358604091456,low,low,2012-09-19,true
2022-09-20,5.72,0.4,0.36101083032490977,low,low,2012-09-20,true
2022-09-21,5.74,0.6,0.601684717208183,low,low,2012-09-21,true
2022-09-22,5.76,1,0.9626955475330927,low,low,2012-09-24,true
2022-09-23,5.75,0.7,0.7217321571772253,low,low,2012-09-24,true
2022-09-26,5.66,0.1,0.12033694344163659,low,low,2012-09-26,true
2022-09-27,5.67,0.2,0.20056157240272765,low,low,2012-09-27,true
2022-09-28,5.65,0.1,0.08022462896109105,low,low,2012-09-28,true
2022-09-29,5.63,0.1,0.08022462896109105,low,low,2012-10-08,true
2022-09-30,5.68,0.4,0.40096230954290296,low,low,2012-10-08,true
2022-10-03,5.68,0.4,0.4408817635270541,low,low,2012-10-08,true
2022-10-04,5.68,0.5,0.4807692307692308,low,low,2012-10-08,true
2022-10-05,5.68,0.5,0.5206247496996396,low,low,2012-10-08,true
2022-10-06,5.68,0.6,0.5604483586869495,low,low,2012-10-08,true
2022-10-07,5.68,0.6,0.6002400960384154,low,low,2012-10-08,true
2022-10-10,5.7,0.7,0.7205764611689351,low,low,2012-10-10,true
2022-10-11,5.68,0.6,0.6405124099279423,low,low,2012-10-11,true
2022-10-12,5.72,0.9,0.8807045636509208,low,low,2012-10-12,true
2022-10-13,5.66,0.2,0.24019215372297836,low,low,2012-10-15,true
2022-10-14,5.68,0.7,0.7202881152460985,low,low,2012-10-15,true
2022-10-17,5.67,0.4,0.3602882305844676,low,low,2012-10-17,true
2022-10-18,5.65,0.2,0.16012810248198558,low,low,2012-10-18,true
2022-10-19,5.62,0.1,0.08006405124099279,low,low,2012-10-19,true
2022-10-20,5.6,0,0.040032025620496396,low,low,2012-10-22,true
2022-10-21,5.62,0.2,0.1600640256102441,low,low,2012-10-22,true
2022-10-24,5.52,0,0.040032025620496396,low,low,2012-10-24,true
2022-10-25,5.51,0,0.040032025620496396,low,low,2012-10-25,true
2022-10-26,5.46,0,0.040032025620496396,low,low,2012-10-26,true
2022-10-27,5.44,0,0.040032025620496396,low,low,2012-10-29,true
2022-10-28,5.4,0,0.040016006402561026,low,low,2012-10-29,true
2022-10-31,5.27,0,0.040032025620496396,low,low,2012-10-31,true
2022-11-01,5.28,0.1,0.08006405124099279,low,low,2012-11-01,true
2022-11-02,5.3,0.1,0.12009607686148918,low,low,2012-11-02,true
2022-11-03,5.27,0.1,0.08006405124099279,low,low,2012-11-05,true
2022-11-04,5.36,0.2,0.20008003201280514,low,low,2012-11-05,true
2022-11-07,5.38,0.2,0.24019215372297836,low,low,2012-11-07,true
2022-11-08,5.37,0.2,0.24019215372297836,low,low,2012-11-08,true
2022-11-09,5.37,0.3,0.28022417934347477,low,low,2012-11-09,true
2022-11-10,5.38,0.4,0.3602882305844676,low,low,2012-11-12,true
2022-11-11,5.49,0.5,0.5202080832332933,low,low,2012-11-12,true
2022-11-14,5.49,0.6,0.5604483586869495,low,low,2012-11-14,true
2022-11-15,5.53,0.7,0.6805444355484388,low,low,2012-11-15,true
2022-11-16,5.51,0.6,0.6405124099279423,low,low,2012-11-16,true
2022-11-17,5.49,0.6,0.600480384307446,low,low,2012-11-19,true
2022-11-18,5.46,0.5,0.5202080832332933,low,low,2012-11-19,true
2022-11-21,5.45,0.5,0.4803843074459567,low,low,2012-11-21,true
2022-11-22,5.52,0.8,0.8406725380304243,low,low,2012-11-22,true
2022-11-23,5.57,0.9,0.9207365892714172,low,low,2012-11-23,true
2022-11-24,5.57,1,0.9607686148919135,low,low,2012-11-26,true
2022-11-25,5.69,1.9,1.9207683073229291,low,low,2012-11-26,true
2022-11-28,5.62,1.2,1.1609287429943955,low,low,2012-11-28,true
2022-11-29,5.75,2.6,2.602081665332266,low,low,2012-11-29,true
2022-11-30,5.74,2.5,2.481985588470777,low,low,2012-11-30,true
2022-12-01,5.7,2.1,2.1216973578863088,low,low,2012-12-03,true
2022-12-02,5.66,1.4,1.440576230492197,low,low,2012-12-03,true
2022-12-05,5.78,3.2,3.242594075260208,low,low,2012-12-05,true
2022-12-06,5.77,3.1,3.122497998398719,low,low,2012-12-06,true
2022-12-07,5.72,2.3,2.321857485988791,low,low,2012-12-07,true
2022-12-08,5.74,2.6,2.6421136909527623,low,low,2012-12-10,true
2022-12-09,5.76,3.1,3.12124849939976,low,low,2012-12-10,true
2022-12-12,5.52,0.9,0.8807045636509208,low,low,2012-12-12,true
2022-12-13,5.55,1,0.9607686148919135,low,low,2012-12-13,true
2022-12-14,5.54,1,0.9607686148919135,low,low,2012-12-14,true
2022-12-15,5.49,0.7,0.7205764611689351,low,low,2012-12-17,true
2022-12-16,5.55,1.1,1.0804321728691477,low,low,2012-12-17,true
2022-12-19,5.46,0.6,0.600480384307446,low,low,2012-12-19,true
2022-12-20,5.41,0.4,0.4403522818254604,low,low,2012-12-20,true
2022-12-21,5.42,0.5,0.4803843074459567,low,low,2012-12-21,true
2022-12-22,5.41,0.5,0.4803843074459567,low,low,2012-12-24,true
2022-12-23,5.41,0.5,0.5202080832332933,low,low,2012-12-24,true
2022-12-26,5.38,0.4,0.4003202562049639,low,low,2012-12-26,true
2022-12-27,5.45,0.7,0.7205764611689351,low,low,2012-12-27,true
2022-12-28,5.46,0.9,0.8807045636509208,low,low,2012-12-28,true
2022-12-29,5.42,0.6,0.6405124099279423,low,low,2012-12-31,true
2022-12-30,5.46,1,0.9603841536614646,low,low,2012-12-31,true
2023-01-02,5.46,1,1.0004001600640255,low,low,2013-01-04,true
2023-01-03,5.46,1,1.04,low,low,2013-01-04,true
2023-01-04,5.52,1.4,1.4394242303078768,low,low,2013-01-04,true
2023-01-05,5.52,1.5,1.4794082367053178,low,low,2013-01-07,true
2023-01-06,5.52,1.5,1.518784972022382,low,low,2013-01-07,true
2023-01-09,5.52,1.6,1.5593762495002,low,low,2013-01-09,true
2023-01-10,5.48,1.1,1.0795681727309077,low,low,2013-01-10,true
2023-01-11,5.53,1.7,1.6793282686925233,low,low,2013-01-11,true
2023-01-12,5.52,1.6,1.639344262295082,low,low,2013-01-14,true
2023-01-13,5.57,2,1.9584332533972821,low,low,2013-01-14,true
2023-01-16,5.57,2,1.9992003198720514,low,low,2013-01-16,true
2023-01-17,5.56,1.9,1.879248300679728,low,low,2013-01-17,true
2023-01-18,5.55,1.9,1.879248300679728,low,low,2013-01-18,true
2023-01-19,5.56,2,1.9592163134746103,low,low,2013-01-21,true
2023-01-20,5.59,2.2,2.158273381294964,low,low,2013-01-21,true
2023-01-23,5.59,2.2,2.199120351859256,low,low,2013-01-23,true
2023-01-24,5.59,2.2,2.2391043582566974,low,low,2013-01-24,true
2023-01-25,5.59,2.3,2.279088364654138,low,low,2013-01-25,true
2023-01-26,5.59,2.3,2.3190723710515795,low,low,2013-01-28,true
2023-01-27,5.59,2.4,2.3581135091926457,low,low,2013-01-28,true
2023-01-30,5.56,2,1.9992003198720514,low,low,2013-01-30,true
2023-01-31,5.56,2,2.039184326269492,low,low,2013-01-31,true
2023-02-01,5.57,2.2,2.2391043582566974,low,low,2013-02-01,true
2023-02-02,5.56,2.1,2.0791683326669332,low,low,2013-02-04,true
2023-02-03,5.52,1.7,1.6786570743405276,low,low,2013-02-04,true
2023-02-06,5.5,1.3,1.2794882047181129,low,low,2013-02-06,true
2023-02-07,5.52,1.8,1.7592962814874051,low,low,2013-02-07,true
2023-02-08,5.51,1.4,1.399440223910436,low,low,2013-02-08,true
2023-02-09,5.54,2,1.9592163134746103,low,low,2013-02-18,true
2023-02-10,5.53,1.9,1.9184652278177456,low,low,2013-02-18,true
2023-02-13,5.53,2,1.9576508190171795,low,low,2013-02-18,true
2023-02-14,5.54,2.1,2.07667731629393,low,low,2013-02-18,true
2023-02-15,5.51,1.4,1.437125748502994,low,low,2013-02-18,true
2023-02-16,5.49,1.3,1.2769353551476457,low,low,2013-02-18,true
2023-02-17,5.49,1.3,1.316314319904268,low,low,2013-02-18,true
2023-02-20,5.59,3,2.9928172386272944,low,low,2013-02-20,true
2023-02-21,5.63,3.3,3.2721468475658417,low,low,2013-02-21,true
2023-02-22,5.61,3.1,3.072625698324022,low,low,2013-02-22,true
2023-02-23,5.62,3.3,3.2721468475658417,low,low,2013-02-25,true
2023-02-24,5.59,3,3.031511767052254,low,low,2013-02-25,true
2023-02-27,5.58,2.8,2.753391859537111,low,low,2013-02-27,true
2023-02-28,5.6,3.2,3.1524341580207507,low,low,2013-02-28,true
2023-03-01,5.64,3.5,3.5115722266560256,low,low,2013-03-01,true
2023-03-02,5.66,3.8,3.7909018355945725,low,low,2013-03-04,true
2023-03-03,5.72,4.7,4.706820901475868,low,low,2013-03-04,true
2023-03-06,5.68,4.3,4.3495610534716675,low,low,2013-03-06,true
2023-03-07,5.71,4.6,4.628890662410216,low,low,2013-03-07,true
2023-03-08,5.7,4.6,4.5889864325618515,low,low,2013-03-08,true
2023-03-09,5.68,4.4,4.389465283320032,low,low,2013-03-11,true
2023-03-10,5.59,3.1,3.111288392500997,low,low,2013-03-11,true
2023-03-13,5.67,4,3.9904229848363926,low,low,2013-03-13,true
2023-03-14,5.65,3.7,3.6711891460494814,low,low,2013-03-14,true
2023-03-15,5.71,4.9,4.8683160415004,low,low,2013-03-15,true
2023-03-16,5.7,4.8,4.788507581803671,low,low,2013-03-18,true
2023-03-17,5.74,5.4,5.424810530514559,low,low,2013-03-18,true
2023-03-20,5.73,5.2,5.227454110135675,low,low,2013-03-20,true
2023-03-21,5.69,4.6,4.5889864325618515,low,low,2013-03-21,true
2023-03-22,5.73,5.3,5.307262569832402,low,low,2013-03-22,true
2023-03-23,5.75,5.7,5.746209098164405,low,low,2013-03-25,true
2023-03-24,5.69,4.6,4.627044276027124,low,low,2013-03-25,true
2023-03-27,5.62,3.5,3.471667996807662,low,low,2013-03-27,true
2023-03-28,5.65,3.8,3.750997605746209,low,low,2013-03-28,true
2023-03-29,5.64,3.6,3.6312849162011176,low,low,2013-03-29,true
2023-03-30,5.7,5,5.027932960893855,low,low,2013-04-01,true
2023-03-31,5.69,4.8,4.786597526924611,low,low,2013-04-01,true
2023-04-03,5.69,4.8,4.828411811652035,low,low,2013-04-03,true
2023-04-04,5.76,6.4,6.384676775738228,low,low,2013-04-08,true
2023-04-05,5.76,6.4,6.422018348623854,low,low,2013-04-08,true
2023-04-06,5.75,6.1,6.0606060606060606,low,low,2013-04-08,true
2023-04-07,5.75,6.1,6.098047030689518,low,low,2013-04-08,true
2023-04-10,5.77,6.7,6.658692185007975,low,low,2013-04-10,true
2023-04-11,5.8,7.1,7.097288676236045,low,low,2013-04-11,true
2023-04-12,5.86,7.7,7.695374800637958,low,low,2013-04-12,true
2023-04-13,5.87,7.8,7.814992025518341,low,low,2013-04-15,true
2023-04-14,5.87,7.9,7.851733758469511,low,low,2013-04-15,true
2023-04-17,5.99,8.3,8.333333333333332,low,low,2013-04-17,true
2023-04-18,6.03,9.3,9.330143540669857,low,low,2013-04-18,true
2023-04-19,6.01,8.6,8.572567783094097,low,low,2013-04-19,true
2023-04-20,6.02,9,8.971291866028707,low,low,2013-04-22,true
2023-04-21,5.96,8.1,8.090872857712236,low,low,2013-04-22,true
2023-04-24,5.96,8.1,8.133971291866029,low,low,2013-04-24,true
2023-04-25,6.01,8.7,8.692185007974482,low,low,2013-04-25,true
2023-04-26,5.98,8.4,8.413078149920256,low,low,2013-04-26,true
2023-04-27,6.03,9.6,9.609250398724082,low,low,2013-05-02,true
2023-04-28,6.05,9.8,9.764846552411319,low,low,2013-05-02,true
2023-05-01,6.05,9.8,9.800796812749004,low,low,2013-05-02,true
2023-05-02,6.05,9.8,9.836718438868978,low,low,2013-05-02,true
2023-05-03,6.05,9.9,9.876543209876543,low,low,2013-05-03,true
2023-05-04,6.38,15.3,15.292712066905615,low,low,2013-05-06,true
2023-05-05,6.43,15.9,15.92356687898089,low,low,2013-05-06,true
2023-05-08,6.72,22.5,22.540820390282757,low,low,2013-05-08,true
2023-05-09,6.7,21.9,21.90362405416169,low,low,2013-05-09,true
2023-05-10,6.48,16.8,16.766228594185584,low,low,2013-05-10,true
2023-05-11,6.44,16,16.049382716049383,low,low,2013-05-13,true
2023-05-12,6.4,15.4,15.406050955414013,low,low,2013-05-13,true
2023-05-15,6.43,16,16.009557945041816,low,low,2013-05-15,true
2023-05-16,6.41,15.6,15.61131023496615,low,low,2013-05-16,true
2023-05-17,6.38,15.3,15.332536837913183,low,low,2013-05-17,true
2023-05-18,6.46,16.6,16.56710473914775,low,low,2013-05-20,true
2023-05-19,6.37,15.2,15.246815286624205,low,low,2013-05-20,true
2023-05-22,6.38,15.4,15.412186379928317,low,low,2013-05-22,true
2023-05-23,6.26,13.6,13.620071684587815,low,low,2013-05-23,true
2023-05-24,6.11,11.5,11.469534050179211,low,low,2013-05-24,true
2023-05-25,6.1,11.4,11.35005973715651,low,low,2013-05-27,true
2023-05-26,6.14,12.1,12.062101910828025,low,low,2013-05-27,true
2023-05-29,6.2,12.7,12.743926722421344,low,low,2013-05-29,true
2023-05-30,6.16,12.3,12.305854241338112,low,low,2013-05-30,true
2023-05-31,6.12,11.8,11.827956989247312,low,low,2013-05-31,true
2023-06-01,6.1,11.4,11.389884508164078,low,low,2013-06-03,true
2023-06-02,6.14,12.2,12.181528662420382,low,low,2013-06-03,true
2023-06-05,6.21,13.1,13.142174432497015,low,low,2013-06-05,true
2023-06-06,6.2,12.9,12.94305057745918,low,low,2013-06-06,true
2023-06-07,6.25,13.9,13.938669852648347,low,low,2013-06-07,true
2023-06-08,6.36,15.7,15.651135005973716,low,low,2013-06-13,true
2023-06-09,6.34,15.4,15.36624203821656,low,low,2013-06-13,true
2023-06-12,6.26,14.1,14.08674890569041,low,low,2013-06-13,true
2023-06-13,6.27,14.4,14.399363564041368,low,low,2013-06-13,true
2023-06-14,6.2,13,12.967382657120128,low,low,2013-06-14,true
2023-06-15,6.22,13.5,13.524264120922833,low,low,2013-06-17,true
2023-06-16,6.18,12.6,12.644135188866798,low,low,2013-06-17,true
2023-06-19,6.1,11.4,11.41607000795545,low,low,2013-06-19,true
2023-06-20,6.06,10.3,10.26252983293556,low,low,2013-06-20,true
2023-06-21,6.04,9.7,9.665871121718377,low,low,2013-06-21,true
2023-06-22,6.04,9.7,9.705648369132856,low,low,2013-06-24,true
2023-06-23,6.04,9.7,9.74155069582505,low,low,2013-06-24,true
2023-06-26,5.95,8.1,8.07478122513922,low,low,2013-06-26,true
2023-06-27,6.04,9.8,9.824980111376293,low,low,2013-06-27,true
2023-06-28,6.07,10.9,10.859188544152746,low,low,2013-06-28,true
2023-06-29,6.03,9.7,9.665871121718377,low,low,2013-07-01,true
2023-06-30,6.05,10.1,10.139165009940358,low,low,2013-07-01,true
2023-07-03,6.14,12.6,12.609387430389818,low,low,2013-07-03,true
2023-07-04,6.09,11.5,11.535401750198886,low,low,2013-07-04,true
2023-07-05,6.06,10.6,10.580747812251392,low,low,2013-07-05,true
2023-07-06,6.02,9.2,9.188544152744631,low,low,2013-07-08,true
2023-07-07,6.03,9.7,9.74155069582505,low,low,2013-07-08,true
2023-07-10,6.02,9.2,9.228321400159109,low,low,2013-07-10,true
2023-07-11,6.05,10.3,10.30230708035004,low,low,2013-07-11,true
2023-07-12,6.02,9.3,9.268098647573588,low,low,2013-07-12,true
2023-07-13,6.1,12.1,12.092283214001592,low,low,2013-07-15,true
2023-07-14,6.1,12.1,12.127236580516898,low,low,2013-07-15,true
2023-07-17,5.95,8.1,8.1145584725537,low,low,2013-07-17,true
2023-07-18,5.88,8,7.955449482895784,low,low,2013-07-18,true
2023-07-19,5.9,8,8.035003977724742,low,low,2013-07-19,true
2023-07-20,5.88,8,7.995226730310262,low,low,2013-07-22,true
2023-07-21,5.85,7.6,7.594433399602386,low,low,2013-07-22,true
2023-07-24,5.85,7.6,7.637231503579953,low,low,2013-07-24,true
2023-07-25,5.97,8.6,8.552108194112968,low,low,2013-07-25,true
2023-07-26,5.96,8.4,8.43277645186953,low,low,2013-07-26,true
2023-07-27,5.99,8.8,8.83054892601432,low,low,2013-07-29,true
2023-07-28,6.1,12.5,12.524850894632205,low,low,2013-07-29,true
2023-07-31,6.12,13,13.046937151949084,low,low,2013-07-31,true
2023-08-01,6.13,13.2,13.24582338902148,low,low,2013-08-01,true
2023-08-02,6.02,9.7,9.665871121718377,low,low,2013-08-02,true
2023-08-03,6.07,11.6,11.614956245027845,low,low,2013-08-05,true
2023-08-04,6.07,11.7,11.65009940357853,low,low,2013-08-05,true
2023-08-07,6.03,10.3,10.26252983293556,low,low,2013-08-07,true
2023-08-08,6.02,9.7,9.705648369132856,low,low,2013-08-08,true
2023-08-09,6.02,9.7,9.745425616547335,low,low,2013-08-09,true
2023-08-10,6.03,10.4,10.381861575178998,low,low,2013-08-12,true
2023-08-11,5.92,8.2,8.190854870775349,low,low,2013-08-12,true
2023-08-14,5.88,8.1,8.1145584725537,low,low,2013-08-14,true
2023-08-15,5.95,8.4,8.43277645186953,low,low,2013-08-15,true
2023-08-16,5.94,8.3,8.313444709626093,low,low,2013-08-16,true
2023-08-17,5.93,8.3,8.313444709626093,low,low,2013-08-19,true
2023-08-18,5.92,8.3,8.270377733598409,low,low,2013-08-19,true
2023-08-21,5.84,7.5,7.478122513922036,low,low,2013-08-21,true
2023-08-22,5.92,8.4,8.353221957040573,low,low,2013-08-22,true
2023-08-23,5.92,8.4,8.392999204455052,low,low,2013-08-23,true
2023-08-24,5.87,8,7.995226730310262,low,low,2013-08-26,true
2023-08-25,5.91,8.3,8.31013916500994,low,low,2013-08-26,true
2023-08-28,6,9.4,9.427207637231504,low,low,2013-08-28,true
2023-08-29,5.94,8.6,8.631662688941926,low,low,2013-08-29,true
2023-08-30,5.91,8.4,8.353221957040573,low,low,2013-08-30,true
2023-08-31,5.89,8.2,8.233890214797137,low,low,2013-09-02,true
2023-09-01,5.92,8.6,8.588469184890656,low,low,2013-09-02,true
2023-09-04,6,9.6,9.626093874303898,low,low,2013-09-04,true
2023-09-05,5.97,9.2,9.228321400159109,low,low,2013-09-05,true
2023-09-06,5.98,9.4,9.427207637231504,low,low,2013-09-06,true
2023-09-07,5.97,9.3,9.268098647573588,low,low,2013-09-09,true
2023-09-08,5.94,8.8,8.78727634194831,low,low,2013-09-09,true
2023-09-11,5.95,9,8.989657915672236,low,low,2013-09-11,true
2023-09-12,5.95,9,9.029435163086715,low,low,2013-09-12,true
2023-09-13,5.97,9.4,9.427207637231504,low,low,2013-09-13,true
2023-09-14,6.04,11.6,11.575178997613365,low,low,2013-09-16,true
2023-09-15,5.98,9.7,9.662027833001988,low,low,2013-09-16,true
2023-09-18,5.98,9.7,9.705648369132856,low,low,2013-09-18,true
2023-09-19,6.04,11.7,11.694510739856803,low,low,2013-09-23,true
2023-09-20,6.07,13,12.962226640159047,low,low,2013-09-23,true
2023-09-21,6.03,11.4,11.446740858505565,low,low,2013-09-23,true
2023-09-22,6.08,13.3,13.269765593961063,low,low,2013-09-23,true
2023-09-25,6.07,13,13.036565977742448,low,low,2013-09-25,true
2023-09-26,6.05,12.1,12.082670906200319,low,low,2013-09-26,true
2023-09-27,6,10,10.01589825119237,low,low,2013-09-27,true
2023-09-28,6.02,10.9,10.850556438791733,low,low,2013-09-30,true
2023-09-29,6.02,10.9,10.885975367500993,low,low,2013-09-30,true
2023-10-02,6.02,10.9,10.925705204608661,low,low,2013-10-08,true
2023-10-03,6.02,11,10.96108022239873,low,low,2013-10-08,true
2023-10-04,6.02,11,10.996427153632393,low,low,2013-10-08,true
2023-10-05,6.02,11,11.031746031746032,low,low,2013-10-08,true
2023-10-06,6.02,11.1,11.067036890122967,low,low,2013-10-08,true
2023-10-09,6.01,10.2,10.194367314557715,low,low,2013-10-09,true
2023-10-10,5.97,9.4,9.440698135660453,low,low,2013-10-10,true
2023-10-11,5.97,9.5,9.480364934549781,low,low,2013-10-11,true
2023-10-12,6.05,12.5,12.534708449028164,low,low,2013-10-14,true
2023-10-13,6.08,13.8,13.838223632038066,low,low,2013-10-14,true
2023-10-16,6.08,13.9,13.88337961126537,low,low,2013-10-16,true
2023-10-17,6.1,14.7,14.676715589051964,low,low,2013-10-17,true
2023-10-18,6.09,14.3,14.28004760015867,low,low,2013-10-18,true
2023-10-19,5.97,9.5,9.520031733439112,low,low,2013-10-21,true
2023-10-20,5.93,8.7,8.683584456780332,low,low,2013-10-21,true
2023-10-23,5.9,8.3,8.330027766759223,low,low,2013-10-23,true
2023-10-24,5.87,8,8.012693375644586,low,low,2013-10-24,true
2023-10-25,5.87,8.1,8.052360174533915,low,low,2013-10-25,true
2023-10-26,5.92,8.7,8.72669575565252,low,low,2013-10-28,true
2023-10-27,5.92,8.8,8.762886597938143,low,low,2013-10-28,true
2023-10-30,5.84,7.5,7.4970249900833,low,low,2013-10-30,true
2023-10-31,5.87,8.1,8.131693772312575,low,low,2013-10-31,true
2023-11-01,5.88,8.4,8.369694565648553,low,low,2013-11-01,true
2023-11-02,5.91,8.6,8.647362157873859,low,low,2013-11-04,true
2023-11-03,5.88,8.4,8.406026962727994,low,low,2013-11-04,true
2023-11-06,5.84,7.5,7.53669178897263,low,low,2013-11-06,true
2023-11-07,5.85,7.8,7.774692582308608,low,low,2013-11-07,true
2023-11-08,5.83,7.4,7.3780245934153115,low,low,2013-11-08,true
2023-11-09,5.89,8.6,8.607695358984529,low,low,2013-11-11,true
2023-11-10,5.88,8.6,8.564631245043616,low,low,2013-11-11,true
2023-11-13,5.87,8.3,8.290360967869894,low,low,2013-11-13,true
2023-11-14,5.87,8.3,8.330027766759223,low,low,2013-11-14,true
2023-11-15,5.89,8.8,8.766362554541848,low,low,2013-11-15,true
2023-11-16,5.89,8.8,8.806029353431178,low,low,2013-11-18,true
2023-11-17,5.87,8.4,8.366375892149087,low,low,2013-11-18,true
2023-11-20,5.89,8.9,8.885362951209837,low,low,2013-11-20,true
2023-11-21,5.91,9.2,9.163030543435145,low,low,2013-11-21,true
2023-11-22,5.89,8.9,8.925029750099167,low,low,2013-11-22,true
2023-11-23,5.91,9.2,9.242364141213805,low,low,2013-11-25,true
2023-11-24,5.92,9.6,9.555908009516257,low,low,2013-11-25,true
2023-11-27,5.9,9.1,9.083696945656486,low,low,2013-11-27,true
2023-11-28,5.9,9.1,9.123363744545815,low,low,2013-11-28,true
2023-11-29,5.87,8.4,8.409361364537881,low,low,2013-11-29,true
2023-11-30,5.9,9.2,9.202697342324475,low,low,2013-12-02,true
2023-12-01,5.91,9.4,9.43695479777954,low,low,2013-12-02,true
2023-12-04,5.9,9.2,9.242364141213805,low,low,2013-12-04,true
2023-12-05,5.83,7.4,7.417691392304642,low,low,2013-12-05,true
2023-12-06,5.79,6.9,6.902023006743356,low,low,2013-12-06,true
2023-12-07,5.8,7.1,7.140023800079335,low,low,2013-12-09,true
2023-12-08,5.8,7.2,7.1768437747819185,low,low,2013-12-09,true
2023-12-11,5.77,6.7,6.664022213407378,low,low,2013-12-11,true
2023-12-12,5.84,7.8,7.814359381197937,low,low,2013-12-12,true
2023-12-13,5.79,7,6.9813566045220155,low,low,2013-12-13,true
2023-12-14,5.78,6.9,6.862356207854026,low,low,2013-12-16,true
2023-12-15,5.74,5.8,5.828707375099127,low,low,2013-12-16,true
2023-12-18,5.77,6.7,6.743355811186038,low,low,2013-12-18,true
2023-12-19,5.77,6.8,6.783022610075366,low,low,2013-12-19,true
2023-12-20,5.76,6.5,6.545021816739389,low,low,2013-12-20,true
2023-12-21,5.76,6.6,6.5846886156287185,low,low,2013-12-23,true
2023-12-22,5.78,7.1,7.0975416336241075,low,low,2013-12-23,true
2023-12-25,5.82,7.8,7.774692582308608,low,low,2013-12-25,true
2023-12-26,5.81,7.7,7.655692185640619,low,low,2013-12-26,true
2023-12-27,5.85,8.5,8.488694962316542,low,low,2013-12-27,true
2023-12-28,5.82,7.9,7.854026180087267,low,low,2013-12-30,true
2023-12-29,5.85,8.6,8.564631245043616,low,low,2013-12-30,true
2024-01-01,5.85,8.6,8.607695358984529,low,low,2014-01-02,true
2024-01-02,5.88,9.6,9.555908009516257,low,low,2014-01-02,true
2024-01-03,5.94,10.9,10.904044409199049,low,low,2014-01-03,true
2024-01-04,6,12.3,12.291831879460744,low,low,2014-01-06,true
2024-01-05,6,12.3,12.326595323028142,low,low,2014-01-06,true
2024-01-08,5.97,11.7,11.69706582077716,low,low,2014-01-08,true
2024-01-09,5.99,12.1,12.093576526566217,low,low,2014-01-09,true
2024-01-10,5.95,11.2,11.181601903251389,low,low,2014-01-10,true
2024-01-11,5.87,9.2,9.238699444885013,low,low,2014-01-13,true
2024-01-12,5.91,10.4,10.384462940943322,low,low,2014-01-13,true
2024-01-15,5.95,11.3,11.300555114988105,low,low,2014-01-15,true
2024-01-16,5.98,12.2,12.172878667724028,low,low,2014-01-16,true
2024-01-17,5.91,10.4,10.428231562252181,low,low,2014-01-17,true
2024-01-18,5.9,10.2,10.15067406819984,low,low,2014-01-20,true
2024-01-19,5.88,9.6,9.63139120095125,low,low,2014-01-20,true
2024-01-22,5.82,7.9,7.89056304520222,low,low,2014-01-22,true
2024-01-23,5.84,8.3,8.326724821570181,low,low,2014-01-23,true
2024-01-24,5.98,12.4,12.410785091197463,low,low,2014-01-24,true
2024-01-25,6.16,18.7,18.675654242664553,low,low,2014-01-27,true
2024-01-26,6.28,20.8,20.848196591359493,low,low,2014-01-27,true
2024-01-29,6.32,21.6,21.570182394924664,low,low,2014-01-29,true
2024-01-30,6.28,20.9,20.896114195083268,low,low,2014-01-30,true
2024-01-31,6.31,21.5,21.490880253766854,low,low,2014-02-07,true
2024-02-01,6.24,20.2,20.17439556084027,low,low,2014-02-07,true
2024-02-02,6.27,20.8,20.839936608557842,low,low,2014-02-07,true
2024-02-05,6.37,22.5,22.495049504950497,low,low,2014-02-07,true
2024-02-06,6.4,22.8,22.802850356294538,low,low,2014-02-07,true
2024-02-07,6.41,23,23.031262366442423,low,low,2014-02-07,true
2024-02-08,6.38,22.7,22.675108824693314,low,low,2014-02-10,true
2024-02-09,6.38,22.7,22.705696202531644,low,low,2014-02-10,true
2024-02-12,6.38,22.8,22.754254056193115,low,low,2014-02-12,true
2024-02-13,6.38,22.8,22.793826671943016,low,low,2014-02-13,true
2024-02-14,6.38,22.8,22.833399287692917,low,low,2014-02-14,true
2024-02-15,6.38,22.9,22.872971903442817,low,low,2014-02-17,true
2024-02-16,6.38,22.9,22.90348101265823,low,low,2014-02-17,true
2024-02-19,6.57,27.2,27.186387020182035,low,low,2014-02-19,true
2024-02-20,6.63,28.3,28.254847645429365,low,low,2014-02-20,true
2024-02-21,6.67,28.7,28.729719034428175,low,low,2014-02-21,true
2024-02-22,6.77,31.3,31.301939058171747,mid,low,2014-02-24,true
2024-02-23,6.78,31.6,31.56645569620253,mid,low,2014-02-24,true
2024-02-26,6.61,28,27.977839335180054,low,low,2014-02-26,true
2024-02-27,6.62,28.1,28.09655718242976,low,low,2014-02-27,true
2024-02-28,6.61,28,28.017411950929954,low,low,2014-02-28,true
2024-02-29,6.64,28.5,28.49228333992877,low,low,2014-03-03,true
2024-03-01,6.64,28.5,28.520569620253166,low,low,2014-03-03,true
2024-03-04,6.68,29.1,29.074367088607595,low,low,2014-03-04,true
2024-03-05,6.77,31.3,31.289556962025316,mid,low,2014-03-05,true
2024-03-06,6.72,29.9,29.865506329113924,low,low,2014-03-06,true
2024-03-07,6.76,31.1,31.13132911392405,mid,low,2014-03-07,true
2024-03-08,6.76,31.1,31.13132911392405,mid,low,2014-03-10,true
2024-03-11,6.7,29.3,29.27215189873418,low,low,2014-03-11,true
2024-03-12,6.53,26.2,26.22626582278481,low,low,2014-03-12,true
2024-03-13,6.5,25.2,25.2373417721519,low,low,2014-03-13,true
2024-03-14,6.53,26.3,26.265822784810126,low,low,2014-03-14,true
2024-03-15,6.53,26.3,26.265822784810126,low,low,2014-03-17,true
2024-03-18,6.51,25.5,25.4746835443038,low,low,2014-03-18,true
2024-03-19,6.48,24.7,24.68354430379747,low,low,2014-03-19,true
2024-03-20,6.55,26.7,26.700949367088604,low,low,2014-03-20,true
2024-03-21,6.56,27.1,27.09651898734177,low,low,2014-03-21,true
2024-03-22,6.56,27.1,27.13607594936709,low,low,2014-03-24,true
2024-03-25,6.61,28,28.045886075949365,low,low,2014-03-25,true
2024-03-26,6.61,28.1,28.085443037974684,low,low,2014-03-26,true
2024-03-27,6.63,28.4,28.401898734177216,low,low,2014-03-27,true
2024-03-28,6.57,27.3,27.25474683544304,low,low,2014-03-28,true
2024-03-29,6.67,29,28.955696202531644,low,low,2014-03-31,true
2024-04-01,6.67,29,28.99525316455696,low,low,2014-04-01,true
2024-04-02,6.72,30,29.984177215189874,low,low,2014-04-02,true
2024-04-03,6.76,31.2,31.170886075949365,mid,low,2014-04-03,true
2024-04-04,6.76,31.2,31.170886075949365,mid,low,2014-04-04,true
2024-04-05,6.76,31.2,31.170886075949365,mid,low,2014-04-08,true
2024-04-08,6.8,32,32.028469750889684,mid,low,2014-04-08,true
2024-04-09,6.74,30.4,30.40727560300514,mid,low,2014-04-09,true
2024-04-10,6.77,31.4,31.39580862000791,mid,low,2014-04-10,true
2024-04-11,6.77,31.4,31.435349940688017,mid,low,2014-04-11,true
2024-04-12,6.76,31.2,31.237643337287462,mid,low,2014-04-14,true
2024-04-15,6.93,34,34.005535784895216,mid,low,2014-04-15,true
2024-04-16,6.98,34.3,34.3218663503361,mid,low,2014-04-16,true
2024-04-17,7.04,34.4,34.400948991696325,mid,low,2014-04-17,true
2024-04-18,7.04,34.4,34.400948991696325,mid,low,2014-04-18,true
2024-04-19,7.08,34.6,34.559114274416764,mid,low,2014-04-21,true
2024-04-22,6.96,34.1,34.08461842625544,mid,low,2014-04-22,true
2024-04-23,6.9,33.6,33.610122578094106,mid,low,2014-04-23,true
2024-04-24,6.9,33.6,33.610122578094106,mid,low,2014-04-24,true
2024-04-25,6.94,33.9,33.926453143535,mid,low,2014-04-25,true
2024-04-26,6.9,33.6,33.570581257414,mid,low,2014-04-28,true
2024-04-29,6.84,32.6,32.62158956109134,mid,low,2014-04-29,true
2024-04-30,6.88,33.2,33.17516805061289,mid,low,2014-04-30,true
2024-05-01,6.88,33.2,33.17516805061289,mid,low,2014-05-05,true
2024-05-02,6.88,33.2,33.201581027667984,mid,low,2014-05-05,true
2024-05-03,6.88,33.2,33.22797313314895,mid,low,2014-05-05,true
2024-05-06,7.35,37,36.9814302647175,mid,low,2014-05-06,true
2024-05-07,7.37,37.4,37.37653101540893,mid,low,2014-05-07,true
2024-05-08,7.41,38,38.04820229158435,mid,low,2014-05-08,true
2024-05-09,7.4,37.9,37.890161991307785,mid,low,2014-05-09,true
2024-05-10,7.43,38.4,38.364282892137496,mid,mid,2014-05-12,true
2024-05-13,7.44,38.6,38.56183326748321,mid,mid,2014-05-13,true
2024-05-14,7.39,37.5,37.5345713156855,mid,mid,2014-05-14,true
2024-05-15,7.38,37.4,37.41604109047807,mid,mid,2014-05-15,true
2024-05-16,7.4,37.8,37.8111418411695,mid,mid,2014-05-16,true
2024-05-17,7.49,39.5,39.549585144211775,mid,mid,2014-05-19,true
2024-05-20,7.55,40.4,40.379296720663774,mid,mid,2014-05-20,true
2024-05-21,7.58,40.9,40.853417621493485,mid,mid,2014-05-21,true
2024-05-22,7.59,40.9,40.93243777163176,mid,mid,2014-05-22,true
2024-05-23,7.54,40,39.98419596997234,mid,mid,2014-05-23,true
2024-05-24,7.51,39.7,39.74713551955749,mid,mid,2014-05-26,true
2024-05-27,7.62,41.2,41.16949822204663,mid,mid,2014-05-27,true
2024-05-28,7.63,41.2,41.209008297115766,mid,mid,2014-05-28,true
2024-05-29,7.63,41.2,41.209008297115766,mid,mid,2014-05-29,true
2024-05-30,7.55,40.2,40.181746345318054,mid,mid,2014-05-30,true
2024-05-31,7.53,39.7,39.70762544448834,mid,mid,2014-06-03,true
2024-06-03,7.55,40.2,40.20537124802528,mid,mid,2014-06-03,true
2024-06-04,7.53,39.7,39.691943127962084,mid,mid,2014-06-04,true
2024-06-05,7.49,39.1,39.09952606635071,mid,mid,2014-06-05,true
2024-06-06,7.53,39.7,39.691943127962084,mid,mid,2014-06-06,true
2024-06-07,7.54,39.8,39.81042654028436,mid,mid,2014-06-09,true
2024-06-10,7.54,39.8,39.81042654028436,mid,mid,2014-06-10,true
2024-06-11,7.42,37.6,37.55924170616114,mid,mid,2014-06-11,true
2024-06-12,7.46,38.2,38.2306477093207,mid,mid,2014-06-12,true
2024-06-13,7.44,37.9,37.875197472353875,mid,mid,2014-06-13,true
2024-06-14,7.43,37.6,37.598736176935226,mid,mid,2014-06-16,true
2024-06-17,7.33,35.7,35.66350710900474,mid,mid,2014-06-17,true
2024-06-18,7.36,35.9,35.939968404423375,mid,mid,2014-06-18,true
2024-06-19,7.4,37,37.006319115323855,mid,mid,2014-06-19,true
2024-06-20,7.44,37.9,37.875197472353875,mid,mid,2014-06-20,true
2024-06-21,7.41,37.1,37.124802527646125,mid,mid,2014-06-23,true
2024-06-24,7.42,37.4,37.401263823064774,mid,mid,2014-06-24,true
2024-06-25,7.43,37.6,37.55924170616114,mid,mid,2014-06-25,true
2024-06-26,7.41,37,37.04581358609795,mid,mid,2014-06-26,true
2024-06-27,7.43,37.6,37.55924170616114,mid,mid,2014-06-27,true
2024-06-28,7.52,39.4,39.375987361769354,mid,mid,2014-06-30,true
2024-07-01,7.65,41.5,41.54818325434439,mid,mid,2014-07-01,true
2024-07-02,7.74,42.7,42.73301737756714,mid,mid,2014-07-02,true
2024-07-03,7.68,41.9,41.943127962085306,mid,mid,2014-07-03,true
2024-07-04,7.71,42.3,42.338072669826225,mid,mid,2014-07-04,true
2024-07-05,7.61,40.9,40.87677725118483,mid,mid,2014-07-07,true
2024-07-08,7.62,41,40.955766192733016,mid,mid,2014-07-08,true
2024-07-09,7.66,41.6,41.58767772511848,mid,mid,2014-07-09,true
2024-07-10,7.57,40.2,40.24486571879937,mid,mid,2014-07-10,true
2024-07-11,7.55,39.9,39.88941548183254,mid,mid,2014-07-11,true
2024-07-12,7.58,40.4,40.44233807266983,mid,mid,2014-07-14,true
2024-07-15,7.7,42.1,42.140600315955766,mid,mid,2014-07-15,true
2024-07-16,7.65,41.4,41.350710900473935,mid,mid,2014-07-16,true
2024-07-17,7.58,40.4,40.363349131121645,mid,mid,2014-07-17,true
2024-07-18,7.61,40.7,40.71879936808847,mid,mid,2014-07-18,true
2024-07-19,7.56,39.9,39.92890995260663,mid,mid,2014-07-21,true
2024-07-22,7.46,37.6,37.598736176935226,mid,mid,2014-07-22,true
2024-07-23,7.49,38.3,38.34913112164297,mid,mid,2014-07-23,true
2024-07-24,7.52,38.8,38.783570300157976,mid,mid,2014-07-24,true
2024-07-25,7.44,37.1,37.124802527646125,mid,mid,2014-07-25,true
2024-07-26,7.35,34.8,34.75513428120063,mid,mid,2014-07-28,true
2024-07-29,7.42,36.5,36.532385466034754,mid,mid,2014-07-29,true
2024-07-30,7.35,34.7,34.71563981042654,mid,mid,2014-07-30,true
2024-07-31,7.33,34.4,34.4391785150079,mid,mid,2014-07-31,true
2024-08-01,7.36,34.8,34.834123222748815,mid,mid,2014-08-01,true
2024-08-02,7.33,34.4,34.39968404423381,mid,mid,2014-08-04,true
2024-08-05,7.24,33.8,33.76777251184834,mid,mid,2014-08-05,true
2024-08-06,7.18,32.9,32.859399684044234,mid,mid,2014-08-06,true
2024-08-07,7.21,33.4,33.41232227488152,mid,mid,2014-08-07,true
2024-08-08,7.22,33.7,33.68878357030016,mid,mid,2014-08-08,true
2024-08-09,7.26,33.9,33.92575039494471,mid,mid,2014-08-11,true
2024-08-12,7.28,34.1,34.08372827804108,mid,mid,2014-08-12,true
2024-08-13,7.31,34.2,34.162717219589254,mid,mid,2014-08-13,true
2024-08-14,7.31,34.2,34.162717219589254,mid,mid,2014-08-14,true
2024-08-15,7.38,35.5,35.46603475513428,mid,mid,2014-08-15,true
2024-08-16,7.44,37.1,37.124802527646125,mid,mid,2014-08-18,true
2024-08-19,7.54,39.2,39.21800947867299,mid,mid,2014-08-19,true
2024-08-20,7.52,38.7,38.74407582938388,mid,mid,2014-08-20,true
2024-08-21,7.48,38,37.95418641390205,mid,mid,2014-08-21,true
2024-08-22,7.54,39.2,39.21800947867299,mid,mid,2014-08-22,true
2024-08-23,7.56,39.9,39.92890995260663,mid,mid,2014-08-25,true
2024-08-26,7.57,40,40.047393364928915,mid,mid,2014-08-26,true
2024-08-27,7.66,41.5,41.54818325434439,mid,mid,2014-08-27,true
2024-08-28,7.59,40.4,40.40284360189573,mid,mid,2014-08-28,true
2024-08-29,7.36,34.4,34.4391785150079,mid,mid,2014-08-29,true
2024-08-30,7.28,33.6,33.57030015797788,mid,mid,2014-09-01,true
2024-09-02,7.35,34.2,34.241706161137444,mid,mid,2014-09-02,true
2024-09-03,7.18,32.1,32.10900473933649,mid,mid,2014-09-03,true
2024-09-04,7.11,31.5,31.47709320695103,mid,mid,2014-09-04,true
2024-09-05,7.07,31.1,31.121642969984205,mid,mid,2014-09-05,true
2024-09-06,7.05,31,30.963665086887836,mid,mid,2014-09-09,true
2024-09-09,6.95,30.6,30.596131069877615,mid,mid,2014-09-09,true
2024-09-10,7.02,30.8,30.793525463876826,mid,mid,2014-09-10,true
2024-09-11,6.84,29.6,29.648637978681407,low,mid,2014-09-11,true
2024-09-12,6.88,30,30.003947887879985,mid,mid,2014-09-12,true
2024-09-13,6.86,29.8,29.76707461508093,low,mid,2014-09-15,true
2024-09-16,6.86,29.8,29.76707461508093,low,mid,2014-09-16,true
2024-09-17,6.86,29.8,29.76707461508093,low,mid,2014-09-17,true
2024-09-18,6.97,30.7,30.6750888274773,mid,mid,2014-09-18,true
2024-09-19,6.94,30.4,30.43821555467825,mid,mid,2014-09-19,true
2024-09-20,6.98,30.7,30.71456770627714,mid,mid,2014-09-22,true
2024-09-23,7.07,31.1,31.148835373075407,mid,mid,2014-09-23,true
2024-09-24,7.37,34.8,34.820371101460715,mid,mid,2014-09-24,true
2024-09-25,7.44,36.8,36.83379392025267,mid,mid,2014-09-25,true
2024-09-26,7.62,40.8,40.821160679036716,mid,mid,2014-09-26,true
2024-09-27,7.55,39.5,39.47887879984208,mid,mid,2014-09-29,true
2024-09-30,7.91,45.4,45.44018949861824,mid,mid,2014-09-30,true
2024-10-01,7.91,45.4,45.44018949861824,mid,mid,2014-10-08,true
2024-10-02,7.91,45.5,45.461720599842145,mid,mid,2014-10-08,true
2024-10-03,7.91,45.5,45.48323471400394,mid,mid,2014-10-08,true
2024-10-04,7.91,45.5,45.504731861198735,mid,mid,2014-10-08,true
2024-10-07,7.91,45.5,45.52621206148995,mid,mid,2014-10-08,true
2024-10-08,7.95,46.3,46.256895193065404,mid,mid,2014-10-08,true
2024-10-09,7.51,38.2,38.219070133963754,mid,mid,2014-10-09,true
2024-10-10,7.8,43.8,43.77462568951931,mid,mid,2014-10-10,true
2024-10-11,7.73,42.4,42.356185973207246,mid,mid,2014-10-13,true
2024-10-14,7.92,45.6,45.587076438140265,mid,mid,2014-10-14,true
2024-10-15,7.73,42.3,42.31678486997636,mid,mid,2014-10-15,true
2024-10-16,7.82,44.1,44.12923561859732,mid,mid,2014-10-16,true
2024-10-17,7.71,42,42.00157604412924,mid,mid,2014-10-17,true
2024-10-18,7.77,43.4,43.420015760441295,mid,mid,2014-10-20,true
2024-10-21,7.67,41.3,41.292356185973205,mid,mid,2014-10-21,true
2024-10-22,7.69,41.5,41.52876280535855,mid,mid,2014-10-22,true
2024-10-23,7.69,41.5,41.52876280535855,mid,mid,2014-10-23,true
2024-10-24,7.67,41.2,41.213553979511424,mid,mid,2014-10-24,true
2024-10-25,7.63,40.3,40.34672970843184,mid,mid,2014-10-27,true
2024-10-28,7.61,40,40.031520882584715,mid,mid,2014-10-28,true
2024-10-29,7.56,39.1,39.125295508274235,mid,mid,2014-10-29,true
2024-10-30,7.48,37,36.95823483057525,mid,mid,2014-10-30,true
2024-10-31,7.46,36.4,36.3672182821119,mid,mid,2014-10-31,true
2024-11-01,7.61,40,40.031520882584715,mid,mid,2014-11-03,true
2024-11-04,7.61,40,40.031520882584715,mid,mid,2014-11-04,true
2024-11-05,7.67,41.2,41.213553979511424,mid,mid,2014-11-05,true
2024-11-06,7.61,40,39.99211977935382,mid,mid,2014-11-06,true
2024-11-07,7.73,42.2,42.23798266351458,mid,mid,2014-11-07,true
2024-11-08,7.64,40.4,40.42553191489361,mid,mid,2014-11-10,true
2024-11-11,7.54,38.1,38.061465721040186,mid,mid,2014-11-11,true
2024-11-12,7.47,36.4,36.3672182821119,mid,mid,2014-11-12,true
2024-11-13,7.52,37.5,37.50985027580772,mid,mid,2014-11-13,true
2024-11-14,7.51,37.4,37.35224586288416,mid,mid,2014-11-14,true
2024-11-15,7.5,37,37.03703703703704,mid,mid,2014-11-17,true
2024-11-18,7.65,40.7,40.66193853427896,mid,mid,2014-11-18,true
2024-11-19,7.61,39.9,39.873916469661154,mid,mid,2014-11-19,true
2024-11-20,7.61,39.9,39.873916469661154,mid,mid,2014-11-20,true
2024-11-21,7.61,39.9,39.873916469661154,mid,mid,2014-11-21,true
2024-11-22,7.46,35.8,35.77620173364854,mid,mid,2014-11-24,true
2024-11-25,7.48,36.4,36.40661938534279,mid,mid,2014-11-25,true
2024-11-26,7.52,37.4,37.35224586288416,mid,mid,2014-11-26,true
2024-11-27,7.6,39.4,39.40110323089046,mid,mid,2014-11-27,true
2024-11-28,7.58,39.1,39.125295508274235,mid,mid,2014-11-28,true
2024-11-29,7.57,38.8,38.849487785658,mid,mid,2014-12-01,true
2024-12-02,7.58,39.2,39.204097714736015,mid,mid,2014-12-02,true
2024-12-03,7.68,41.4,41.371158392434985,mid,mid,2014-12-03,true
2024-12-04,7.77,43.5,43.498817966903076,mid,mid,2014-12-04,true
2024-12-05,7.73,42.3,42.31678486997636,mid,mid,2014-12-05,true
2024-12-06,7.79,43.7,43.73522458628842,mid,mid,2014-12-08,true
2024-12-09,7.83,44.6,44.56264775413711,mid,mid,2014-12-09,true
2024-12-10,7.86,44.9,44.91725768321513,mid,mid,2014-12-10,true
2024-12-11,7.82,44.3,44.32624113475177,mid,mid,2014-12-11,true
2024-12-12,7.89,45.3,45.27186761229314,mid,mid,2014-12-12,true
2024-12-13,7.79,43.8,43.77462568951931,mid,mid,2014-12-15,true
2024-12-16,7.53,37.5,37.54925137903861,mid,mid,2014-12-16,true
2024-12-17,7.52,37.3,37.31284475965327,mid,mid,2014-12-17,true
2024-12-18,7.57,39,38.96769109535067,mid,mid,2014-12-18,true
2024-12-19,7.49,36.6,36.60362490149724,mid,mid,2014-12-19,true
2024-12-20,7.45,35.3,35.263987391646964,mid,mid,2014-12-22,true
2024-12-23,7.59,39.6,39.59810874704492,mid,mid,2014-12-23,true
2024-12-24,7.68,41.6,41.64696611505122,mid,mid,2014-12-24,true
2024-12-25,7.78,43.9,43.89282899921198,mid,mid,2014-12-25,true
2024-12-26,7.74,42.8,42.82899921197794,mid,mid,2014-12-26,true
2024-12-27,7.74,42.9,42.868400315208824,mid,mid,2014-12-29,true
2024-12-30,7.82,44.8,44.79905437352246,mid,mid,2014-12-30,true
2024-12-31,7.78,44,44.01103230890465,mid,mid,2014-12-31,true
2025-01-01,7.78,44.1,44.05043341213554,mid,mid,2015-01-05,true
2025-01-02,7.61,40.2,40.21268215833005,mid,mid,2015-01-05,true
2025-01-03,7.57,39.1,39.05511811023622,mid,mid,2015-01-05,true
2025-01-06,7.6,39.8,39.76377952755906,mid,mid,2015-01-06,true
2025-01-07,7.59,39.6,39.64566929133858,mid,mid,2015-01-07,true
2025-01-08,7.62,40.5,40.511811023622045,mid,mid,2015-01-08,true
2025-01-09,7.52,37.4,37.40157480314961,mid,mid,2015-01-09,true
2025-01-10,7.45,35.3,35.275590551181104,mid,mid,2015-01-12,true
2025-01-13,7.38,33.4,33.425196850393704,mid,mid,2015-01-13,true
2025-01-14,7.45,35.4,35.35433070866142,mid,mid,2015-01-14,true
2025-01-15,7.47,36.1,36.10236220472441,mid,mid,2015-01-15,true
2025-01-16,7.53,37.9,37.874015748031496,mid,mid,2015-01-16,true
2025-01-17,7.47,36.1,36.14173228346457,mid,mid,2015-01-19,true
2025-01-20,7.41,34.2,34.17322834645669,mid,mid,2015-01-20,true
2025-01-21,7.38,33.5,33.46456692913386,mid,mid,2015-01-21,true
2025-01-22,7.26,31.7,31.65354330708661,mid,mid,2015-01-22,true
2025-01-23,7.39,33.7,33.661417322834644,mid,mid,2015-01-23,true
2025-01-24,7.4,34.1,34.05511811023622,mid,mid,2015-01-26,true
2025-01-27,7.52,37.8,37.83464566929134,mid,mid,2015-01-27,true
2025-01-28,7.52,37.9,37.874015748031496,mid,mid,2015-01-28,true
2025-01-29,7.52,37.9,37.91338582677166,mid,mid,2015-01-29,true
2025-01-30,7.52,38,37.95275590551181,mid,mid,2015-01-30,true
2025-01-31,7.52,38,37.99212598425197,mid,mid,2015-02-02,true
2025-02-03,7.52,38,38.031496062992126,mid,mid,2015-02-03,true
2025-02-04,7.52,38.1,38.07086614173228,mid,mid,2015-02-04,true
2025-02-05,7.37,33.2,33.188976377952756,mid,mid,2015-02-05,true
2025-02-06,7.37,33.2,33.22834645669291,mid,mid,2015-02-06,true
2025-02-07,7.39,33.8,33.77952755905512,mid,mid,2015-02-09,true
2025-02-10,7.37,33.3,33.267716535433074,mid,mid,2015-02-10,true
2025-02-11,7.44,35.6,35.55118110236221,mid,mid,2015-02-11,true
2025-02-12,7.46,36.2,36.181102362204726,mid,mid,2015-02-12,true
2025-02-13,7.47,36.6,36.61417322834646,mid,mid,2015-02-13,true
2025-02-14,7.49,37.3,37.32283464566929,mid,mid,2015-02-16,true
2025-02-17,7.48,37,37.00787401574803,mid,mid,2015-02-17,true
2025-02-18,7.52,38.5,38.46456692913386,mid,mid,2015-02-25,true
2025-02-19,7.47,36.6,36.63911845730027,mid,mid,2015-02-25,true
2025-02-20,7.47,36.7,36.66404405979544,mid,mid,2015-02-25,true
2025-02-21,7.39,33.8,33.81832481321274,mid,mid,2015-02-25,true
2025-02-24,7.36,32.7,32.7437106918239,mid,mid,2015-02-25,true
2025-02-25,7.3,31.9,31.94499017681729,mid,mid,2015-02-25,true
2025-02-26,7.34,32.4,32.37721021611002,mid,mid,2015-02-26,true
2025-02-27,7.4,34.3,34.3418467583497,mid,mid,2015-02-27,true
2025-02-28,7.35,32.6,32.61296660117878,mid,mid,2015-03-02,true
2025-03-03,7.34,32.4,32.416502946954814,mid,mid,2015-03-03,true
2025-03-04,7.29,31.9,31.94499017681729,mid,mid,2015-03-04,true
2025-03-05,7.37,33.5,33.47740667976424,mid,mid,2015-03-05,true
2025-03-06,7.35,32.7,32.73084479371317,mid,mid,2015-03-06,true
2025-03-07,7.35,32.8,32.77013752455796,mid,mid,2015-03-09,true
2025-03-10,7.32,32.2,32.18074656188605,mid,mid,2015-03-10,true
2025-03-11,7.36,33.1,33.084479371316306,mid,mid,2015-03-11,true
2025-03-12,7.31,32.1,32.10216110019646,mid,mid,2015-03-12,true
2025-03-13,7.37,33.7,33.713163064833005,mid,mid,2015-03-13,true
2025-03-14,7.43,35.6,35.6385068762279,mid,mid,2015-03-16,true
2025-03-17,7.47,37.3,37.288801571709236,mid,mid,2015-03-17,true
2025-03-18,7.46,36.8,36.777996070726914,mid,mid,2015-03-18,true
2025-03-19,7.5,38.3,38.31041257367387,mid,mid,2015-03-19,true
2025-03-20,7.48,37.8,37.76031434184676,mid,mid,2015-03-20,true
2025-03-21,7.42,35.4,35.40275049115913,mid,mid,2015-03-23,true
2025-03-24,7.48,37.8,37.83889980353635,mid,mid,2015-03-24,true
2025-03-25,7.53,39.7,39.68565815324165,mid,mid,2015-03-25,true
2025-03-26,7.51,38.8,38.781925343811395,mid,mid,2015-03-26,true
2025-03-27,7.53,39.8,39.76424361493124,mid,mid,2015-03-27,true
2025-03-28,7.49,38.2,38.23182711198429,mid,mid,2015-03-30,true
2025-03-31,7.52,39.4,39.44990176817289,mid,mid,2015-03-31,true
2025-04-01,7.5,38.5,38.50687622789784,mid,mid,2015-04-01,true
2025-04-02,7.54,40.2,40.23575638506876,mid,mid,2015-04-02,true
2025-04-03,7.57,41.4,41.37524557956778,mid,mid,2015-04-03,true
2025-04-04,7.57,41.4,41.414538310412574,mid,mid,2015-04-07,true
2025-04-07,7.19,30.6,30.557737627651214,mid,mid,2015-04-07,true
2025-04-08,7.36,33.2,33.18931657501964,mid,mid,2015-04-08,true
2025-04-09,7.32,32.3,32.285938727415555,mid,mid,2015-04-09,true
2025-04-10,7.33,32.4,32.44304791830322,mid,mid,2015-04-10,true
2025-04-11,7.34,32.7,32.67871170463472,mid,mid,2015-04-13,true
2025-04-14,7.4,35,34.95679497250589,mid,mid,2015-04-14,true
2025-04-15,7.49,38.5,38.4917517674784,mid,mid,2015-04-15,true
2025-04-16,7.59,42.3,42.301649646504316,mid,mid,2015-04-16,true
2025-04-17,7.59,42.3,42.34092694422624,mid,mid,2015-04-17,true
2025-04-18,7.62,43.2,43.244304791830324,mid,mid,2015-04-20,true
2025-04-21,7.56,41.4,41.35899450117832,mid,mid,2015-04-21,true
2025-04-22,7.63,43.5,43.479968578161824,mid,mid,2015-04-22,true
2025-04-23,7.59,42.4,42.41948153967007,mid,mid,2015-04-23,true
2025-04-24,7.68,44.7,44.69756480754124,mid,mid,2015-04-24,true
2025-04-25,7.63,43.6,43.55852317360566,mid,mid,2015-04-27,true
2025-04-28,7.68,44.8,44.776119402985074,mid,mid,2015-04-28,true
2025-04-29,7.66,44.3,44.26551453260016,mid,mid,2015-04-29,true
2025-04-30,7.53,40.2,40.180675569520815,mid,mid,2015-04-30,true
2025-05-01,7.52,39.8,39.78790259230165,mid,mid,2015-05-04,true
2025-05-02,7.52,39.8,39.811542991755005,mid,mid,2015-05-04,true
2025-05-05,7.52,39.9,39.850804868472714,mid,mid,2015-05-05,true
2025-05-06,7.49,38.5,38.515901060070675,mid,mid,2015-05-06,true
2025-05-07,7.6,42.8,42.79544562230075,mid,mid,2015-05-07,true
2025-05-08,7.61,43.3,43.34511189634865,mid,mid,2015-05-08,true
2025-05-09,7.67,44.8,44.79780133490381,mid,mid,2015-05-11,true
2025-05-12,7.68,45.2,45.151158225363176,mid,mid,2015-05-12,true
2025-05-13,7.77,47.4,47.428347074990185,mid,mid,2015-05-13,true
2025-05-14,7.83,48.7,48.723989006674515,mid,mid,2015-05-14,true
2025-05-15,7.82,48.4,48.44915586965057,mid,mid,2015-05-15,true
2025-05-16,7.74,46.4,46.4075382803298,mid,mid,2015-05-18,true
2025-05-19,7.73,46.1,46.132705143305856,mid,mid,2015-05-19,true
2025-05-20,7.74,46.5,46.486062033765215,mid,mid,2015-05-20,true
2025-05-21,7.79,47.9,47.93875147232038,mid,mid,2015-05-21,true
2025-05-22,7.83,49,48.95956026698076,mid,mid,2015-05-22,true
2025-05-23,7.75,46.8,46.80015704750687,mid,mid,2015-05-25,true
2025-05-26,7.7,45.5,45.543776992540245,mid,mid,2015-05-26,true
2025-05-27,7.71,45.8,45.81861012956419,mid,mid,2015-05-27,true
2025-05-28,7.73,46.3,46.25049077345897,mid,mid,2015-05-28,true
2025-05-29,7.72,46,45.97565763643502,mid,mid,2015-05-29,true
2025-05-30,7.75,47,46.996466431095406,mid,mid,2015-06-01,true
2025-06-02,7.75,47,47.035728307813116,mid,mid,2015-06-02,true
2025-06-03,7.79,48.3,48.25284648606203,mid,mid,2015-06-03,true
2025-06-04,7.8,48.4,48.409893992932865,mid,mid,2015-06-04,true
2025-06-05,7.77,47.9,47.860227718884964,mid,mid,2015-06-05,true
2025-06-06,7.8,48.5,48.48841774636828,mid,mid,2015-06-08,true
2025-06-09,7.8,48.5,48.52767962308599,mid,mid,2015-06-09,true
2025-06-10,7.83,49.5,49.46996466431096,mid,mid,2015-06-10,true
2025-06-11,7.86,49.9,49.86258343148803,mid,mid,2015-06-11,true
2025-06-12,7.87,50,50.01963093835885,mid,mid,2015-06-12,true
2025-06-13,7.84,49.5,49.50922654102866,mid,mid,2015-06-15,true
2025-06-16,7.88,50.2,50.17667844522968,mid,mid,2015-06-16,true
2025-06-17,7.9,50.5,50.49077345897134,mid,mid,2015-06-17,true
2025-06-18,7.94,51.2,51.19748723989007,mid,mid,2015-06-18,true
2025-06-19,7.95,51.7,51.66862976050255,mid,mid,2015-06-19,true
2025-06-20,7.98,52.3,52.33608166470357,mid,mid,2015-06-23,true
2025-06-23,8.06,54.5,54.47409733124019,mid,mid,2015-06-23,true
2025-06-24,8.07,54.8,54.78806907378336,mid,mid,2015-06-24,true
2025-06-25,8.09,55.5,55.4552590266876,mid,mid,2015-06-25,true
2025-06-26,8.1,55.8,55.80847723704867,mid,mid,2015-06-26,true
2025-06-27,7.94,51.2,51.21664050235479,mid,mid,2015-06-29,true
2025-06-30,7.94,51.3,51.25588697017268,mid,mid,2015-06-30,true
2025-07-01,8.01,53,53.02197802197802,mid,mid,2015-07-01,true
2025-07-02,8.05,54.2,54.23861852433281,mid,mid,2015-07-02,true
2025-07-03,8.02,53.3,53.335949764521196,mid,mid,2015-07-03,true
2025-07-04,8.13,57.2,57.18210361067504,mid,mid,2015-07-06,true
2025-07-07,8.12,56.9,56.907378335949765,mid,mid,2015-07-07,true
2025-07-08,8.12,56.9,56.94662480376766,mid,mid,2015-07-08,true
2025-07-09,8.16,58.5,58.47723704866562,mid,mid,2015-07-09,true
2025-07-10,8.24,61.6,61.57770800627943,mid,mid,2015-07-10,true
2025-07-11,8.16,58.5,58.51648351648352,mid,mid,2015-07-13,true
2025-07-14,8.21,60.6,60.596546310832025,mid,mid,2015-07-14,true
2025-07-15,8.16,58.6,58.55572998430141,mid,mid,2015-07-15,true
2025-07-16,8.13,57.3,57.299843014128726,mid,mid,2015-07-16,true
2025-07-17,8.07,55,55.023547880690735,mid,mid,2015-07-17,true
2025-07-18,8.12,57,57.025117739403456,mid,mid,2015-07-20,true
2025-07-21,8.12,57.1,57.06436420722135,mid,mid,2015-07-21,true
2025-07-22,8.13,57.5,57.45682888540031,mid,mid,2015-07-22,true
2025-07-23,8.16,58.8,58.791208791208796,mid,mid,2015-07-23,true
2025-07-24,8.09,55.7,55.72998430141287,mid,mid,2015-07-24,true
2025-07-25,8.03,53.7,53.728414442700156,mid,mid,2015-07-27,true
2025-07-28,8,52.9,52.90423861852433,mid,mid,2015-07-28,true
2025-07-29,7.97,52.3,52.27629513343799,mid,mid,2015-07-29,true
2025-07-30,8.05,54.4,54.43485086342229,mid,mid,2015-07-30,true
2025-07-31,8.02,53.5,53.453689167974886,mid,mid,2015-07-31,true
2025-08-01,7.97,52.3,52.31554160125589,mid,mid,2015-08-03,true
2025-08-04,8.01,53.2,53.17896389324961,mid,mid,2015-08-04,true
2025-08-05,8.13,57.8,57.810047095761384,mid,mid,2015-08-05,true
2025-08-06,8.16,59.2,59.183673469387756,mid,mid,2015-08-06,true
2025-08-07,8.21,61.3,61.30298273155416,mid,mid,2015-08-07,true
2025-08-08,8.21,61.3,61.342229199372056,mid,mid,2015-08-10,true
2025-08-11,8.15,58.6,58.63422291993721,mid,mid,2015-08-11,true
2025-08-12,8.21,61.4,61.42072213500786,mid,mid,2015-08-12,true
2025-08-13,8.15,58.7,58.673469387755105,mid,mid,2015-08-13,true
2025-08-14,8.16,59.3,59.30141287284144,mid,mid,2015-08-14,true
2025-08-15,8.08,55.7,55.72998430141287,mid,mid,2015-08-17,true
2025-08-18,8.09,56.1,56.08320251177395,mid,mid,2015-08-18,true
2025-08-19,8.11,56.8,56.789638932496075,mid,mid,2015-08-19,true
2025-08-20,8.17,59.7,59.693877551020414,mid,mid,2015-08-20,true
2025-08-21,8.25,63.3,63.26530612244898,mid,mid,2015-08-21,true
2025-08-22,8.26,63.7,63.73626373626373,mid,mid,2015-08-24,true
2025-08-25,8.29,64.4,64.40345368916797,mid,mid,2015-08-25,true
2025-08-26,8.27,63.9,63.89324960753532,mid,mid,2015-08-26,true
2025-08-27,8.1,56.4,56.39717425431711,mid,mid,2015-08-27,true
2025-08-28,8.09,56,56.043956043956044,mid,mid,2015-08-28,true
2025-08-29,8.06,54.9,54.90580847723705,mid,mid,2015-08-31,true
2025-09-01,8.41,66.8,66.83673469387756,mid,mid,2015-09-01,true
2025-09-02,8.55,68.3,68.28885400313972,mid,mid,2015-09-02,true
2025-09-03,8.48,67.5,67.54317111459969,mid,mid,2015-09-07,true
2025-09-04,8.57,68.6,68.57591212240094,mid,mid,2015-09-07,true
2025-09-05,8.48,67.5,67.52941176470588,mid,mid,2015-09-07,true
2025-09-08,8.45,67.3,67.29411764705883,mid,mid,2015-09-08,true
2025-09-09,8.48,67.6,67.6078431372549,mid,mid,2015-09-09,true
2025-09-10,8.47,67.4,67.41176470588235,mid,mid,2015-09-10,true
2025-09-11,8.49,67.8,67.80392156862744,mid,mid,2015-09-11,true
2025-09-12,8.42,66.9,66.86274509803921,mid,mid,2015-09-14,true
2025-09-15,8.39,66.3,66.27450980392156,mid,mid,2015-09-15,true
2025-09-16,8.32,64.9,64.90196078431373,mid,mid,2015-09-16,true
2025-09-17,8.3,64.7,64.66666666666666,mid,mid,2015-09-17,true
2025-09-18,8.12,57.5,57.529411764705884,mid,mid,2015-09-18,true
2025-09-19,8.1,56.5,56.470588235294116,mid,mid,2015-09-21,true
2025-09-22,8.02,53.5,53.490196078431374,mid,mid,2015-09-22,true
2025-09-23,8.12,57.6,57.647058823529406,mid,mid,2015-09-23,true
2025-09-24,8.11,56.9,56.90196078431372,mid,mid,2015-09-24,true
2025-09-25,8.08,55.7,55.72549019607843,mid,mid,2015-09-25,true
2025-09-26,8.09,56.2,56.15686274509804,mid,mid,2015-09-28,true
2025-09-29,8.06,54.9,54.94117647058824,mid,mid,2015-09-29,true
2025-09-30,8.02,53.5,53.529411764705884,mid,mid,2015-09-30,true
2025-10-01,8.02,53.6,53.56862745098039,mid,mid,2015-10-08,true
2025-10-02,8.02,53.6,53.58682869462956,mid,mid,2015-10-08,true
2025-10-03,8.02,53.6,53.60501567398119,mid,mid,2015-10-08,true
2025-10-06,8.02,53.6,53.62318840579711,mid,mid,2015-10-08,true
2025-10-07,8.02,53.6,53.64134690681285,mid,mid,2015-10-08,true
2025-10-08,8.02,53.7,53.65949119373777,mid,mid,2015-10-08,true
2025-10-09,8.08,56,55.96868884540117,mid,mid,2015-10-09,true
2025-10-10,8.13,58.5,58.473581213307234,mid,mid,2015-10-12,true
2025-10-13,8.13,58.5,58.51272015655577,mid,mid,2015-10-13,true
2025-10-14,8.3,65.3,65.28375733855187,mid,mid,2015-10-14,true
2025-10-15,8.35,66.4,66.37964774951077,mid,mid,2015-10-15,true
2025-10-16,8.48,68.5,68.4931506849315,mid,mid,2015-10-16,true
2025-10-17,8.47,68.3,68.25831702544032,mid,mid,2015-10-19,true
2025-10-20,8.52,68.9,68.88454011741683,mid,mid,2015-10-20,true
2025-10-21,8.56,69.5,69.51076320939335,mid,mid,2015-10-21,true
2025-10-22,8.66,70.8,70.80234833659492,high,mid,2015-10-22,true
2025-10-23,8.73,72.9,72.91585127201566,high,mid,2015-10-23,true
2025-10-24,8.7,71.7,71.74168297455968,high,mid,2015-10-26,true
2025-10-27,8.78,73.9,73.89432485322897,high,mid,2015-10-27,true
2025-10-28,8.78,73.9,73.9334637964775,high,mid,2015-10-28,true
2025-10-29,8.69,71.7,71.70254403131115,high,mid,2015-10-29,true
2025-10-30,8.69,71.7,71.74168297455968,high,mid,2015-10-30,true
2025-10-31,8.63,70.5,70.48923679060665,high,mid,2015-11-02,true
2025-11-03,8.75,73.5,73.46379647749511,high,mid,2015-11-03,true
2025-11-04,8.86,75.8,75.7729941291585,high,mid,2015-11-04,true
2025-11-05,8.87,76.2,76.24266144814091,high,mid,2015-11-05,true
2025-11-06,8.87,76.3,76.28180039138942,high,mid,2015-11-06,true
2025-11-07,8.86,75.8,75.81213307240704,high,mid,2015-11-09,true
2025-11-10,8.92,77.5,77.4559686888454,high,high,2015-11-10,true
2025-11-11,8.94,78,78.04305283757338,high,high,2015-11-11,true
2025-11-12,9.03,79.9,79.8825831702544,high,high,2015-11-12,true
2025-11-13,9.02,79.8,79.76516634050881,high,high,2015-11-13,true
2025-11-14,9.01,79.5,79.45205479452055,high,high,2015-11-16,true
2025-11-17,8.93,77.7,77.72994129158512,high,high,2015-11-17,true
2025-11-18,8.88,76.6,76.55577299412916,high,high,2015-11-18,true
2025-11-19,9,79.5,79.45205479452055,high,high,2015-11-19,true
2025-11-20,9.03,80.1,80.11741682974561,high,high,2015-11-20,true
2025-11-21,8.94,78.2,78.16046966731898,high,high,2015-11-23,true
2025-11-24,8.85,75.5,75.49902152641879,high,high,2015-11-24,true
2025-11-25,8.92,77.6,77.573385518591,high,high,2015-11-25,true
2025-11-26,8.83,75.1,75.10763209393346,high,high,2015-11-26,true
2025-11-27,8.89,76.9,76.86888454011742,high,high,2015-11-27,true
2025-11-28,8.83,75.1,75.14677103718199,high,high,2015-11-30,true
2025-12-01,8.86,76,75.96868884540118,high,high,2015-12-01,true
2025-12-02,8.88,76.8,76.75146771037183,high,high,2015-12-02,true
2025-12-03,8.82,74.9,74.9119373776908,high,high,2015-12-03,true
2025-12-04,8.79,74.2,74.24657534246575,high,high,2015-12-04,true
2025-12-05,8.76,73.7,73.6986301369863,high,high,2015-12-07,true
2025-12-08,8.75,73.5,73.50293542074364,high,high,2015-12-08,true
2025-12-09,8.76,73.8,73.77690802348337,high,high,2015-12-09,true
2025-12-10,8.65,70.8,70.84148727984343,high,high,2015-12-10,true
2025-12-11,8.67,71.2,71.23287671232876,high,high,2015-12-11,true
2025-12-12,8.61,70.3,70.25440313111547,high,high,2015-12-14,true
2025-12-15,8.49,68.7,68.7279843444227,mid,high,2015-12-15,true
2025-12-16,8.45,68.1,68.14090019569473,mid,high,2015-12-16,true
2025-12-17,8.48,68.6,68.6105675146771,mid,high,2015-12-17,true
2025-12-18,8.58,70.1,70.0587084148728,high,high,2015-12-18,true
2025-12-19,8.54,69.4,69.43248532289628,mid,high,2015-12-21,true
2025-12-22,8.54,69.5,69.47162426614481,mid,high,2015-12-22,true
2025-12-23,8.59,70.4,70.37181996086106,high,high,2015-12-23,true
2025-12-24,8.56,69.7,69.74559686888455,mid,high,2015-12-24,true
2025-12-25,8.54,69.5,69.51076320939335,mid,high,2015-12-25,true
2025-12-26,8.53,69.2,69.1976516634051,mid,high,2015-12-28,true
2025-12-29,8.6,70.6,70.60665362035226,high,high,2015-12-29,true
2025-12-30,8.61,70.7,70.72407045009784,high,high,2015-12-30,true
2025-12-31,8.65,71.4,71.3894324853229,high,high,2015-12-31,true
2026-01-01,8.65,71.4,71.42857142857143,high,high,2016-01-01,true
2026-01-02,8.65,71.5,71.46771037181996,high,high,2016-01-04,true
2026-01-05,8.61,70.8,70.76320939334639,high,high,2016-01-05,true
2026-01-06,8.66,71.6,71.58512720156556,high,high,2016-01-06,true
2026-01-07,8.58,70.3,70.29354207436398,high,high,2016-01-07,true
2026-01-08,8.52,69,69.04109589041096,mid,high,2016-01-08,true
2026-01-09,8.52,69.1,69.08023483365949,mid,high,2016-01-11,true
2026-01-12,8.53,69.3,69.31506849315069,mid,high,2016-01-12,true
2026-01-13,8.58,70.5,70.45009784735812,high,high,2016-01-13,true
2026-01-14,8.46,68.2,68.21917808219177,mid,high,2016-01-14,true
2026-01-15,8.43,67.8,67.78864970645793,mid,high,2016-01-15,true
2026-01-16,8.32,65.6,65.59686888454011,mid,high,2016-01-18,true
2026-01-19,8.3,65.3,65.3228962818004,mid,high,2016-01-19,true
2026-01-20,8.38,67,66.96673189823875,mid,high,2016-01-20,true
2026-01-21,8.25,63.9,63.8747553816047,mid,high,2016-01-21,true
2026-01-22,8.24,63.3,63.32681017612525,mid,high,2016-01-22,true
2026-01-23,8.15,59.4,59.41291585127202,mid,high,2016-01-25,true
2026-01-26,8.27,64.7,64.65753424657534,mid,high,2016-01-26,true
2026-01-27,8.26,64.4,64.42270058708415,mid,mid,2016-01-27,true
2026-01-28,8.29,65.2,65.16634050880626,mid,mid,2016-01-28,true
2026-01-29,8.37,66.9,66.88845401174169,mid,mid,2016-01-29,true
2026-01-30,8.35,66.6,66.57534246575342,mid,mid,2016-02-01,true
2026-02-02,8.26,64.3,64.34442270058709,mid,mid,2016-02-02,true
2026-02-03,8.19,61.2,61.21330724070451,mid,mid,2016-02-03,true
2026-02-04,8.33,66,65.98825831702544,mid,mid,2016-02-04,true
2026-02-05,8.35,66.6,66.57534246575342,mid,mid,2016-02-05,true
2026-02-06,8.34,66.1,66.14481409001957,mid,mid,2016-02-15,true
2026-02-09,8.39,67.3,67.2926447574335,mid,mid,2016-02-15,true
2026-02-10,8.41,67.9,67.8529526789206,mid,mid,2016-02-15,true
2026-02-11,8.45,68.5,68.49100860046912,mid,mid,2016-02-15,true
2026-02-12,8.37,66.8,66.8229777256741,mid,mid,2016-02-15,true
2026-02-13,8.24,63.2,63.16406249999999,mid,mid,2016-02-15,true
2026-02-16,8.24,63.2,63.16406249999999,mid,mid,2016-02-16,true
2026-02-17,8.24,63.2,63.20312500000001,mid,mid,2016-02-17,true
2026-02-18,8.24,63.2,63.2421875,mid,mid,2016-02-18,true
2026-02-19,8.24,63.3,63.28125,mid,mid,2016-02-19,true
2026-02-20,8.24,63.3,63.3203125,mid,mid,2016-02-22,true
2026-02-23,8.24,63.4,63.35937499999999,mid,mid,2016-02-23,true
2026-02-24,8.31,65.5,65.546875,mid,mid,2016-02-24,true
2026-02-25,8.3,65.5,65.46875,mid,mid,2016-02-25,true
2026-02-26,8.25,63.9,63.8671875,mid,mid,2016-02-26,true
2026-02-27,8.25,63.9,63.8671875,mid,mid,2016-02-29,true
2026-03-02,8.45,68.6,68.62055490425948,mid,mid,2016-03-02,true
2026-03-03,8.7,73,73.03634232121922,high,mid,2016-03-03,true
2026-03-04,8.62,71.3,71.31692067213756,high,mid,2016-03-04,true
2026-03-05,8.59,71,70.96522078937085,high,mid,2016-03-07,true
2026-03-06,8.55,70.1,70.1171875,high,mid,2016-03-07,true
2026-03-09,8.6,71.2,71.16060961313013,high,mid,2016-03-09,true
2026-03-10,8.46,68.7,68.73778819851505,mid,mid,2016-03-10,true
2026-03-11,8.55,70.2,70.22274325908559,high,mid,2016-03-11,true
2026-03-12,8.61,71.4,71.43415396639313,high,mid,2016-03-14,true
2026-03-13,8.59,71.1,71.09375,high,mid,2016-03-14,true
2026-03-16,8.58,70.9,70.88706525986713,high,mid,2016-03-16,true
2026-03-17,8.64,71.9,71.86400937866354,high,mid,2016-03-17,true
2026-03-18,8.59,71.2,71.19968737788199,high,mid,2016-03-18,true
2026-03-19,8.68,73,72.95818679171552,high,mid,2016-03-21,true
2026-03-20,8.62,71.7,71.6796875,high,mid,2016-03-21,true
2026-03-23,8.44,68.3,68.26885502149277,mid,mid,2016-03-23,true
2026-03-24,8.49,69.4,69.4021101992966,mid,mid,2016-03-24,true
2026-03-25,8.49,69.4,69.44118796404845,mid,mid,2016-03-25,true
2026-03-26,8.52,69.7,69.71473231731144,mid,mid,2016-03-28,true
2026-03-27,8.52,69.7,69.7265625,mid,mid,2016-03-28,true
2026-03-30,8.61,71.8,71.78585384915984,high,mid,2016-03-30,true
2026-03-31,8.63,72.1,72.09847596717468,high,mid,2016-03-31,true
2026-04-01,8.62,72,71.98124267291911,high,mid,2016-04-01,true
2026-04-02,8.72,74.3,74.28683079327863,high,mid,2016-04-05,true
2026-04-03,8.62,72,71.9921875,high,mid,2016-04-05,true
2026-04-06,8.62,72,72.03125,high,mid,2016-04-06,true
2026-04-07,8.6,71.6,71.5625,high,mid,2016-04-07,true
2026-04-08,8.55,70.4,70.4296875,high,mid,2016-04-08,true
2026-04-09,8.52,69.8,69.765625,mid,mid,2016-04-11,true
2026-04-10,8.49,69.4,69.4260054666146,mid,mid,2016-04-11,true
2026-04-13,8.51,69.6,69.609375,mid,mid,2016-04-13,true
2026-04-14,8.55,70.6,70.5859375,high,mid,2016-04-14,true
2026-04-15,8.6,71.8,71.796875,high,mid,2016-04-15,true
2026-04-16,8.58,71.3,71.2890625,high,mid,2016-04-18,true
2026-04-17,8.54,70.3,70.32409215150331,high,mid,2016-04-18,true
2026-04-20,8.61,72.1,72.1484375,high,mid,2016-04-20,true
2026-04-21,8.65,73,73.046875,high,mid,2016-04-21,true
2026-04-22,8.59,71.7,71.6796875,high,mid,2016-04-22,true
2026-04-23,8.64,72.8,72.7734375,high,mid,2016-04-25,true
2026-04-24,8.65,73.1,73.1354939476767,high,mid,2016-04-25,true
2026-04-27,8.59,71.7,71.71875,high,mid,2016-04-27,true
2026-04-28,8.67,73.6,73.6328125,high,mid,2016-04-28,true
2026-04-29,8.68,74,74.0234375,high,mid,2016-04-29,true
2026-04-30,8.63,72.7,72.6953125,high,mid,2016-05-03,true
2026-05-04,8.63,72.7,72.734375,high,mid,2016-05-04,true
2026-05-05,8.63,72.8,72.7734375,high,mid,2016-05-05,true
2026-05-06,8.57,71,70.9765625,high,mid,2016-05-06,true
2026-05-07,8.46,68.8,68.7890625,mid,mid,2016-05-09,true
2026-05-08,8.45,68.6,68.64506052323311,mid,mid,2016-05-09,true
2026-05-11,8.44,68.3,68.28125,mid,mid,2016-05-11,true
2026-05-12,8.44,68.3,68.3203125,mid,mid,2016-05-12,true
2026-05-13,8.36,66.8,66.796875,mid,mid,2016-05-13,true
2026-05-14,8.38,67.3,67.3046875,mid,mid,2016-05-16,true
2026-05-15,8.37,67,67.04412338930106,mid,mid,2016-05-16,true
2026-05-18,8.33,66.1,66.0546875,mid,mid,2016-05-18,true
2026-05-19,8.35,66.8,66.7578125,mid,mid,2016-05-19,true
2026-05-20,8.28,64.7,64.7265625,mid,mid,2016-05-20,true
2026-05-21,8.24,63.3,63.3203125,mid,mid,2016-05-23,true
2026-05-22,8.21,62,61.967981257321355,mid,mid,2016-05-23,true
2026-05-25,8.19,61,61.01562499999999,mid,mid,2016-05-25,true
2026-05-26,8.21,62.1,62.0703125,mid,mid,2016-05-26,true
2026-05-27,8.15,59.3,59.25781249999999,mid,mid,2016-05-27,true
2026-05-28,8.09,56.3,56.32812499999999,mid,mid,2016-05-30,true
2026-05-29,8.21,62.2,62.163217493166734,mid,mid,2016-05-30,true
2026-06-01,8.34,66.6,66.640625,mid,mid,2016-06-01,true
2026-06-02,8.34,66.7,66.6796875,mid,mid,2016-06-02,true
2026-06-03,8.32,66.1,66.0546875,mid,mid,2016-06-03,true
2026-06-04,8.25,64.1,64.140625,mid,mid,2016-06-06,true
2026-06-05,8.31,65.9,65.87270597422882,mid,mid,2016-06-06,true
2026-06-08,8.42,68.8,68.7890625,mid,mid,2016-06-08,true
2026-06-09,8.36,67.4,67.421875,mid,mid,2016-06-13,true
2026-06-10,8.39,68.1,68.13744631003514,mid,mid,2016-06-13,true
2026-06-11,8.38,68,67.95472287275565,mid,mid,2016-06-13,true
2026-06-12,8.48,70.1,70.11314865392119,high,mid,2016-06-13,true
2026-06-15,8.32,66.1,66.12021857923497,mid,mid,2016-06-15,true
2026-06-16,8.19,61.1,61.085089773614364,mid,mid,2016-06-16,true
2026-06-17,8.09,56.3,56.3231850117096,mid,mid,2016-06-17,true
2026-06-18,7.89,50,50.03903200624512,mid,mid,2016-06-20,true
2026-06-19,7.89,50.1,50.0585251658213,mid,mid,2016-06-20,true
2026-06-22,7.98,52.3,52.26385636221702,mid,mid,2016-06-22,true
2026-06-23,8.01,53,53.00546448087432,mid,mid,2016-06-23,true
2026-06-24,7.86,49.6,49.64871194379391,mid,mid,2016-06-24,true
2026-06-25,7.74,46.4,46.40905542544887,mid,mid,2016-06-27,true
2026-06-26,7.65,44,44.04994147483418,mid,mid,2016-06-27,true
2026-06-29,7.71,45.6,45.62841530054645,mid,mid,2016-06-29,true
2026-06-30,7.54,40.5,40.476190476190474,mid,mid,2016-06-30,true
2026-07-01,7.58,42.1,42.07650273224044,mid,mid,2016-07-01,true
2026-07-02,7.62,43.4,43.44262295081967,mid,mid,2016-07-04,true
2026-07-03,7.64,43.9,43.89387436597737,mid,mid,2016-07-04,true
2026-07-06,7.77,47.9,47.89227166276346,mid,mid,2016-07-06,true
2026-07-07,7.8,48.6,48.594847775175644,mid,mid,2016-07-07,true
2026-07-08,7.89,50.5,50.50741608118658,mid,mid,2016-07-08,true
2026-07-09,7.83,49.6,49.57064793130367,mid,mid,2016-07-11,true
2026-07-10,7.83,49.6,49.59032383925088,mid,mid,2016-07-11,true
2026-07-13,7.97,52.6,52.61514441842311,mid,mid,2016-07-13,true
2026-07-14,8.04,54.9,54.91803278688525,mid,mid,2016-07-14,true
2026-07-15,8.1,57.5,57.53317720530835,mid,mid,2016-07-15,true
2026-07-16,8.02,54.3,54.2544886807182,mid,mid,2016-07-18,true
2026-07-17,8.12,58.8,58.759266484588366,mid,mid,2016-07-18,true
2026-07-20,8.39,69.2,69.1647150663544,mid,mid,2016-07-20,true
2026-07-21,8.21,63.1,63.114754098360656,mid,mid,2016-07-21,true
2026-07-22,8.33,67.5,67.4863387978142,mid,mid,2016-07-22,true
2026-07-23,8.38,69,69.04761904761905,mid,mid,2016-07-25,true
2026-07-24,8.39,69.3,69.29379633242294,mid,mid,2016-07-25,true
2026-07-27,8.38,69.1,69.08665105386417,mid,mid,2016-07-27,true
2026-07-28,8.52,72.1,72.09211553473848,high,mid,2016-07-28,true
2026-07-29,8.5,71.7,71.7408274785324,high,mid,2016-07-29,true
2026-07-30,8.68,76.2,76.22950819672131,high,mid,2016-08-01,true
2026-07-31,8.57,73.3,73.27350760827156,high,mid,2016-08-01,true
2026-08-03,8.54,72.7,72.6775956284153,high,mid,2016-08-03,true
2026-08-04,8.31,66.9,66.86182669789227,mid,mid,2016-08-04,true
2026-08-05,8.21,63.2,63.15378610460578,mid,mid,2016-08-05,true
2026-08-06,8.27,65.8,65.84699453551912,mid,mid,2016-08-08,true
2026-08-07,8.25,65.1,65.11900117050332,mid,mid,2016-08-08,true
2026-08-10,8.3,66.8,66.82279469164715,mid,mid,2016-08-10,true
2026-08-11,8.32,67.3,67.33021077283372,mid,mid,2016-08-11,true
2026-08-12,8.23,63.8,63.81733021077284,mid,mid,2016-08-12,true
2026-08-13,8.26,65.7,65.69086651053864,mid,mid,2016-08-15,true
2026-08-14,8.23,63.8,63.83144752243465,mid,mid,2016-08-15,true
2026-08-17,8.24,64.6,64.63700234192038,mid,mid,2016-08-17,true
2026-08-18,8.34,68.2,68.22794691647151,mid,mid,2016-08-18,true
2026-08-19,8.48,71.8,71.81889149102264,high,mid,2016-08-19,true
2026-08-20,8.47,71.5,71.50663544106168,high,mid,2016-08-22,true
2026-08-21,8.48,71.9,71.86890362856028,high,mid,2016-08-22,true
2026-08-24,8.59,74.7,74.7072599531616,high,mid,2016-08-24,true
2026-08-25,8.58,74.3,74.31693989071039,high,mid,2016-08-25,true
2026-08-26,8.61,75.3,75.25370804059328,high,mid,2016-08-26,true
2026-08-27,8.56,73.7,73.69242779078846,high,mid,2016-08-29,true
2026-08-28,8.59,74.8,74.79516191962544,high,mid,2016-08-29,true
2026-08-31,8.75,78.2,78.22014051522248,high,mid,2016-08-31,true
2026-09-01,8.7,77.4,77.40046838407494,high,mid,2016-09-01,true
2026-09-02,8.67,76.9,76.85402029664324,high,mid,2016-09-02,true
2026-09-03,8.6,75.1,75.09758001561279,high,mid,2016-09-05,true
2026-09-04,8.64,76.1,76.08271556769411,high,high,2016-09-05,true
2026-09-07,8.49,72.2,72.24824355971897,high,high,2016-09-07,true
2026-09-08,8.53,73,72.95081967213115,high,high,2016-09-08,true
2026-09-09,8.59,74.9,74.94145199063233,high,high,2016-09-09,true
2026-09-10,8.64,76.3,76.26854020296643,high,high,2016-09-12,true
2026-09-11,8.61,75.5,75.49746390948108,high,high,2016-09-12,true
2026-09-14,8.62,75.8,75.8391881342701,high,high,2016-09-14,true
2026-09-15,8.54,73.3,73.34113973458236,high,high,2016-09-19,true
2026-09-16,8.48,71.9,71.90792040577449,high,high,2016-09-19,true
2026-09-17,8.45,71.2,71.17784711388455,high,high,2016-09-19,true
2026-09-18,8.41,70.3,70.33138401559455,high,high,2016-09-19,true
2026-09-21,8.49,72.3,72.34789391575663,high,high,2016-09-21,true
2026-09-22,8.51,72.6,72.58190327613104,high,high,2016-09-22,true
2026-09-23,8.45,71.3,71.25585023400937,high,high,2016-09-23,true
2026-09-24,8.5,72.5,72.50390015600624,high,high,2016-09-26,true
2026-09-25,8.5,72.5,72.51461988304094,high,high,2016-09-26,true
2026-09-28,8.51,72.7,72.73790951638065,high,high,2016-09-28,true
2026-09-29,8.51,72.8,72.77691107644306,high,high,2016-09-29,true
2026-09-30,8.6,75.6,75.62402496099844,high,high,2016-09-30,true
